series_id,episode_num,task_num,task_description,task_type,contestant_name,points,is_dq,is_tiebreaker,is_ep_winner
1,1,1,Prize: Most unusual item.,Prize,Frank Skinner,4,0,0,1
1,1,1,Prize: Most unusual item.,Prize,Josh Widdicombe,1,0,0,0
1,1,1,Prize: Most unusual item.,Prize,Roisin Conaty,2,0,0,0
1,1,1,Prize: Most unusual item.,Prize,Romesh Ranganathan,3,0,0,0
1,1,1,Prize: Most unusual item.,Prize,Tim Key,5,0,0,0
1,1,2,"In the lab, there is a watermelon. Eat as much watermelon as possible.",Normal,Frank Skinner,2,0,0,1
1,1,2,"In the lab, there is a watermelon. Eat as much watermelon as possible.",Normal,Josh Widdicombe,3,0,0,0
1,1,2,"In the lab, there is a watermelon. Eat as much watermelon as possible.",Normal,Roisin Conaty,1,0,0,0
1,1,2,"In the lab, there is a watermelon. Eat as much watermelon as possible.",Normal,Romesh Ranganathan,5,0,0,0
1,1,2,"In the lab, there is a watermelon. Eat as much watermelon as possible.",Normal,Tim Key,4,0,0,0
1,1,3,Paint the best picture of a horse whilst riding a horse.,Normal,Frank Skinner,5,0,0,1
1,1,3,Paint the best picture of a horse whilst riding a horse.,Normal,Josh Widdicombe,3,0,0,0
1,1,3,Paint the best picture of a horse whilst riding a horse.,Normal,Roisin Conaty,1,0,0,0
1,1,3,Paint the best picture of a horse whilst riding a horse.,Normal,Romesh Ranganathan,4,0,0,0
1,1,3,Paint the best picture of a horse whilst riding a horse.,Normal,Tim Key,2,0,0,0
1,1,4,"Completely empty this bathtub. You must not remove the plug, tip or damage the bath.",Normal,Frank Skinner,4,0,0,1
1,1,4,"Completely empty this bathtub. You must not remove the plug, tip or damage the bath.",Normal,Josh Widdicombe,3,0,0,0
1,1,4,"Completely empty this bathtub. You must not remove the plug, tip or damage the bath.",Normal,Roisin Conaty,2,0,0,0
1,1,4,"Completely empty this bathtub. You must not remove the plug, tip or damage the bath.",Normal,Romesh Ranganathan,5,0,0,0
1,1,4,"Completely empty this bathtub. You must not remove the plug, tip or damage the bath.",Normal,Tim Key,1,0,0,0
1,1,5,Live: Pop up a tent. Get in the tent. Zip up the tent. Pop on a onesie in the tent. And emerge from the tent wearing the onesie. | Find Alex.,Live,Frank Skinner,4,0,0,1
1,1,5,Live: Pop up a tent. Get in the tent. Zip up the tent. Pop on a onesie in the tent. And emerge from the tent wearing the onesie. | Find Alex.,Live,Josh Widdicombe,3,0,0,0
1,1,5,Live: Pop up a tent. Get in the tent. Zip up the tent. Pop on a onesie in the tent. And emerge from the tent wearing the onesie. | Find Alex.,Live,Roisin Conaty,1,0,0,0
1,1,5,Live: Pop up a tent. Get in the tent. Zip up the tent. Pop on a onesie in the tent. And emerge from the tent wearing the onesie. | Find Alex.,Live,Romesh Ranganathan,2,0,0,0
1,1,5,Live: Pop up a tent. Get in the tent. Zip up the tent. Pop on a onesie in the tent. And emerge from the tent wearing the onesie. | Find Alex.,Live,Tim Key,5,0,0,0
1,2,1,Prize: Most impressive item.,Prize,Frank Skinner,4,0,0,0
1,2,1,Prize: Most impressive item.,Prize,Josh Widdicombe,2,0,0,0
1,2,1,Prize: Most impressive item.,Prize,Roisin Conaty,3,0,0,1
1,2,1,Prize: Most impressive item.,Prize,Romesh Ranganathan,1,0,0,0
1,2,1,Prize: Most impressive item.,Prize,Tim Key,5,0,0,0
1,2,2,High-five a 55-year-old.,Normal,Frank Skinner,2,0,0,0
1,2,2,High-five a 55-year-old.,Normal,Josh Widdicombe,5,0,0,0
1,2,2,High-five a 55-year-old.,Normal,Roisin Conaty,4,0,0,1
1,2,2,High-five a 55-year-old.,Normal,Romesh Ranganathan,1,0,0,0
1,2,2,High-five a 55-year-old.,Normal,Tim Key,3,0,0,0
1,2,3,"Identify the contents of these pies. You may touch the pies, but may not breach their pastry.",Normal,Frank Skinner,1,0,0,0
1,2,3,"Identify the contents of these pies. You may touch the pies, but may not breach their pastry.",Normal,Josh Widdicombe,2,0,0,0
1,2,3,"Identify the contents of these pies. You may touch the pies, but may not breach their pastry.",Normal,Roisin Conaty,4,0,0,1
1,2,3,"Identify the contents of these pies. You may touch the pies, but may not breach their pastry.",Normal,Romesh Ranganathan,3,0,0,0
1,2,3,"Identify the contents of these pies. You may touch the pies, but may not breach their pastry.",Normal,Tim Key,5,0,0,0
1,2,4,Do something that will look impressive in reverse. The Taskmaster will see whatever act you perform played backwards. You must therefore do something backwards that will look impressive when the footage is played in reverse.,Normal,Frank Skinner,1,0,0,0
1,2,4,Do something that will look impressive in reverse. The Taskmaster will see whatever act you perform played backwards. You must therefore do something backwards that will look impressive when the footage is played in reverse.,Normal,Josh Widdicombe,4,0,0,0
1,2,4,Do something that will look impressive in reverse. The Taskmaster will see whatever act you perform played backwards. You must therefore do something backwards that will look impressive when the footage is played in reverse.,Normal,Roisin Conaty,5,0,0,1
1,2,4,Do something that will look impressive in reverse. The Taskmaster will see whatever act you perform played backwards. You must therefore do something backwards that will look impressive when the footage is played in reverse.,Normal,Romesh Ranganathan,5,0,0,0
1,2,4,Do something that will look impressive in reverse. The Taskmaster will see whatever act you perform played backwards. You must therefore do something backwards that will look impressive when the footage is played in reverse.,Normal,Tim Key,3,0,0,0
1,2,5,"Live: Crack the code, unshackle yourself and sprint 1 metre.",Live,Frank Skinner,1,0,0,0
1,2,5,"Live: Crack the code, unshackle yourself and sprint 1 metre.",Live,Josh Widdicombe,3,0,0,0
1,2,5,"Live: Crack the code, unshackle yourself and sprint 1 metre.",Live,Roisin Conaty,5,0,0,1
1,2,5,"Live: Crack the code, unshackle yourself and sprint 1 metre.",Live,Romesh Ranganathan,4,0,0,0
1,2,5,"Live: Crack the code, unshackle yourself and sprint 1 metre.",Live,Tim Key,2,0,0,0
1,3,1,Prize: Most meaningful item.,Prize,Frank Skinner,4,0,0,0
1,3,1,Prize: Most meaningful item.,Prize,Josh Widdicombe,2,0,0,1
1,3,1,Prize: Most meaningful item.,Prize,Roisin Conaty,1,0,0,0
1,3,1,Prize: Most meaningful item.,Prize,Romesh Ranganathan,5,0,0,0
1,3,1,Prize: Most meaningful item.,Prize,Tim Key,3,0,0,0
1,3,2,Throw a teabag into a mug from the farthest distance.,Normal,Frank Skinner,4,0,0,0
1,3,2,Throw a teabag into a mug from the farthest distance.,Normal,Josh Widdicombe,0,1,0,1
1,3,2,Throw a teabag into a mug from the farthest distance.,Normal,Roisin Conaty,2,0,0,0
1,3,2,Throw a teabag into a mug from the farthest distance.,Normal,Romesh Ranganathan,3,0,0,0
1,3,2,Throw a teabag into a mug from the farthest distance.,Normal,Tim Key,5,0,0,0
1,3,3,"Using this device to track your route, create the best image for the Taskmaster. Pop a balloon to signal you have finished your image.",Normal,Frank Skinner,2,0,0,0
1,3,3,"Using this device to track your route, create the best image for the Taskmaster. Pop a balloon to signal you have finished your image.",Normal,Josh Widdicombe,5,0,0,1
1,3,3,"Using this device to track your route, create the best image for the Taskmaster. Pop a balloon to signal you have finished your image.",Normal,Roisin Conaty,1,0,0,0
1,3,3,"Using this device to track your route, create the best image for the Taskmaster. Pop a balloon to signal you have finished your image.",Normal,Romesh Ranganathan,4,0,0,0
1,3,3,"Using this device to track your route, create the best image for the Taskmaster. Pop a balloon to signal you have finished your image.",Normal,Tim Key,3,0,0,0
1,3,4,Buy the best present for the Taskmaster. Here is £20.,Normal,Frank Skinner,3,0,0,0
1,3,4,Buy the best present for the Taskmaster. Here is £20.,Normal,Josh Widdicombe,5,0,0,1
1,3,4,Buy the best present for the Taskmaster. Here is £20.,Normal,Roisin Conaty,4,0,0,0
1,3,4,Buy the best present for the Taskmaster. Here is £20.,Normal,Romesh Ranganathan,2,0,0,0
1,3,4,Buy the best present for the Taskmaster. Here is £20.,Normal,Tim Key,1,0,0,0
1,3,5,"Using only the items currently on this table, get this egg as high as possible. The egg must not break.",Normal,Frank Skinner,0,0,0,0
1,3,5,"Using only the items currently on this table, get this egg as high as possible. The egg must not break.",Normal,Josh Widdicombe,5,0,0,1
1,3,5,"Using only the items currently on this table, get this egg as high as possible. The egg must not break.",Normal,Roisin Conaty,0,0,0,0
1,3,5,"Using only the items currently on this table, get this egg as high as possible. The egg must not break.",Normal,Romesh Ranganathan,4,0,0,0
1,3,5,"Using only the items currently on this table, get this egg as high as possible. The egg must not break.",Normal,Tim Key,0,0,0,0
1,3,6,Live: Stand up after 100 seconds. | What is Frank Skinner's age in minutes?,Live,Frank Skinner,2,0,0,0
1,3,6,Live: Stand up after 100 seconds. | What is Frank Skinner's age in minutes?,Live,Josh Widdicombe,5,0,0,1
1,3,6,Live: Stand up after 100 seconds. | What is Frank Skinner's age in minutes?,Live,Roisin Conaty,1,0,0,0
1,3,6,Live: Stand up after 100 seconds. | What is Frank Skinner's age in minutes?,Live,Romesh Ranganathan,4,0,0,0
1,3,6,Live: Stand up after 100 seconds. | What is Frank Skinner's age in minutes?,Live,Tim Key,4,0,0,0
1,4,1,Prize: Most beautiful item.,Prize,Frank Skinner,3,0,0,0
1,4,1,Prize: Most beautiful item.,Prize,Josh Widdicombe,4,0,0,1
1,4,1,Prize: Most beautiful item.,Prize,Roisin Conaty,2,0,0,0
1,4,1,Prize: Most beautiful item.,Prize,Romesh Ranganathan,1,0,0,0
1,4,1,Prize: Most beautiful item.,Prize,Tim Key,5,0,0,0
1,4,2,Make this ice block disappear as fast as possible.,Normal,Frank Skinner,4,0,0,0
1,4,2,Make this ice block disappear as fast as possible.,Normal,Josh Widdicombe,5,0,0,1
1,4,2,Make this ice block disappear as fast as possible.,Normal,Roisin Conaty,3,0,0,0
1,4,2,Make this ice block disappear as fast as possible.,Normal,Romesh Ranganathan,2,0,0,0
1,4,2,Make this ice block disappear as fast as possible.,Normal,Tim Key,1,0,0,0
1,4,3,Team: Get to 11 points as fast as possible.,Team,Frank Skinner,1,0,0,0
1,4,3,Team: Get to 11 points as fast as possible.,Team,Josh Widdicombe,2,0,0,1
1,4,3,Team: Get to 11 points as fast as possible.,Team,Roisin Conaty,2,0,0,0
1,4,3,Team: Get to 11 points as fast as possible.,Team,Romesh Ranganathan,2,0,0,0
1,4,3,Team: Get to 11 points as fast as possible.,Team,Tim Key,1,0,0,0
1,4,4,Fill an egg cup with as many tears as possible.,Normal,Frank Skinner,5,0,0,0
1,4,4,Fill an egg cup with as many tears as possible.,Normal,Josh Widdicombe,3,0,0,1
1,4,4,Fill an egg cup with as many tears as possible.,Normal,Roisin Conaty,1,0,0,0
1,4,4,Fill an egg cup with as many tears as possible.,Normal,Romesh Ranganathan,4,0,0,0
1,4,4,Fill an egg cup with as many tears as possible.,Normal,Tim Key,1,0,0,0
1,4,5,Count the beans in this baked bean tin. | Count the hoops in this tin of spaghetti hoops | Count the grains of rice in this bag of rice.,Normal,Frank Skinner,0,0,0,0
1,4,5,Count the beans in this baked bean tin. | Count the hoops in this tin of spaghetti hoops | Count the grains of rice in this bag of rice.,Normal,Josh Widdicombe,1,0,0,1
1,4,5,Count the beans in this baked bean tin. | Count the hoops in this tin of spaghetti hoops | Count the grains of rice in this bag of rice.,Normal,Roisin Conaty,0,0,0,0
1,4,5,Count the beans in this baked bean tin. | Count the hoops in this tin of spaghetti hoops | Count the grains of rice in this bag of rice.,Normal,Romesh Ranganathan,0,0,0,0
1,4,5,Count the beans in this baked bean tin. | Count the hoops in this tin of spaghetti hoops | Count the grains of rice in this bag of rice.,Normal,Tim Key,0,0,0,0
1,4,6,Live: Memorise the names of an Australian rules football team.,Live,Frank Skinner,1,0,0,0
1,4,6,Live: Memorise the names of an Australian rules football team.,Live,Josh Widdicombe,1,0,0,1
1,4,6,Live: Memorise the names of an Australian rules football team.,Live,Roisin Conaty,1,0,0,0
1,4,6,Live: Memorise the names of an Australian rules football team.,Live,Romesh Ranganathan,1,0,0,0
1,4,6,Live: Memorise the names of an Australian rules football team.,Live,Tim Key,1,0,0,0
1,5,1,Prize: Most valuable item.,Prize,Frank Skinner,4,0,0,1
1,5,1,Prize: Most valuable item.,Prize,Josh Widdicombe,5,0,0,0
1,5,1,Prize: Most valuable item.,Prize,Roisin Conaty,1,0,0,0
1,5,1,Prize: Most valuable item.,Prize,Romesh Ranganathan,3,0,0,0
1,5,1,Prize: Most valuable item.,Prize,Tim Key,2,0,0,0
1,5,2,Get this boulder as far from this place as possible.,Normal,Frank Skinner,4,0,0,1
1,5,2,Get this boulder as far from this place as possible.,Normal,Josh Widdicombe,5,0,0,0
1,5,2,Get this boulder as far from this place as possible.,Normal,Roisin Conaty,1,0,0,0
1,5,2,Get this boulder as far from this place as possible.,Normal,Romesh Ranganathan,2,0,0,0
1,5,2,Get this boulder as far from this place as possible.,Normal,Tim Key,3,0,0,0
1,5,3,Grow the longest nail.,Normal,Frank Skinner,3,0,0,1
1,5,3,Grow the longest nail.,Normal,Josh Widdicombe,5,0,0,0
1,5,3,Grow the longest nail.,Normal,Roisin Conaty,2,0,0,0
1,5,3,Grow the longest nail.,Normal,Romesh Ranganathan,4,0,0,0
1,5,3,Grow the longest nail.,Normal,Tim Key,1,0,0,0
1,5,4,Team: Make this bed to a hotel standard whilst holding hands. Your time ends when you get in the bed. Hold hands now.,Team,Frank Skinner,2,0,0,1
1,5,4,Team: Make this bed to a hotel standard whilst holding hands. Your time ends when you get in the bed. Hold hands now.,Team,Josh Widdicombe,0,0,0,0
1,5,4,Team: Make this bed to a hotel standard whilst holding hands. Your time ends when you get in the bed. Hold hands now.,Team,Roisin Conaty,0,0,0,0
1,5,4,Team: Make this bed to a hotel standard whilst holding hands. Your time ends when you get in the bed. Hold hands now.,Team,Romesh Ranganathan,0,0,0,0
1,5,4,Team: Make this bed to a hotel standard whilst holding hands. Your time ends when you get in the bed. Hold hands now.,Team,Tim Key,2,0,0,0
1,5,5,Make this Swedish person blush as deeply as possible.,Normal,Frank Skinner,3,0,0,1
1,5,5,Make this Swedish person blush as deeply as possible.,Normal,Josh Widdicombe,1,0,0,0
1,5,5,Make this Swedish person blush as deeply as possible.,Normal,Roisin Conaty,5,0,0,0
1,5,5,Make this Swedish person blush as deeply as possible.,Normal,Romesh Ranganathan,4,0,0,0
1,5,5,Make this Swedish person blush as deeply as possible.,Normal,Tim Key,2,0,0,0
1,5,6,Live: Blow up the biggest balloon whilst blindfolded.,Live,Frank Skinner,4,0,0,1
1,5,6,Live: Blow up the biggest balloon whilst blindfolded.,Live,Josh Widdicombe,2,0,0,0
1,5,6,Live: Blow up the biggest balloon whilst blindfolded.,Live,Roisin Conaty,5,0,0,0
1,5,6,Live: Blow up the biggest balloon whilst blindfolded.,Live,Romesh Ranganathan,3,0,0,0
1,5,6,Live: Blow up the biggest balloon whilst blindfolded.,Live,Tim Key,0,1,0,0
1,6,1,Prize: Most satisfying item.,Prize,Frank Skinner,2,0,0,0
1,6,1,Prize: Most satisfying item.,Prize,Josh Widdicombe,4,0,0,0
1,6,1,Prize: Most satisfying item.,Prize,Roisin Conaty,1,0,0,0
1,6,1,Prize: Most satisfying item.,Prize,Romesh Ranganathan,3,0,0,0
1,6,1,Prize: Most satisfying item.,Prize,Tim Key,5,0,0,1
1,6,2,Get the lowest golf score using eggs. You must complete the 5 holes using chicken eggs. You score will be calculated as follows: Shots x eggs x minutes.,Normal,Frank Skinner,4,0,0,0
1,6,2,Get the lowest golf score using eggs. You must complete the 5 holes using chicken eggs. You score will be calculated as follows: Shots x eggs x minutes.,Normal,Josh Widdicombe,2,0,0,0
1,6,2,Get the lowest golf score using eggs. You must complete the 5 holes using chicken eggs. You score will be calculated as follows: Shots x eggs x minutes.,Normal,Roisin Conaty,5,0,0,0
1,6,2,Get the lowest golf score using eggs. You must complete the 5 holes using chicken eggs. You score will be calculated as follows: Shots x eggs x minutes.,Normal,Romesh Ranganathan,1,0,0,0
1,6,2,Get the lowest golf score using eggs. You must complete the 5 holes using chicken eggs. You score will be calculated as follows: Shots x eggs x minutes.,Normal,Tim Key,3,0,0,1
1,6,3,Team: Stage a realistic blooper from a home movie.,Team,Frank Skinner,2,0,0,0
1,6,3,Team: Stage a realistic blooper from a home movie.,Team,Josh Widdicombe,0,0,0,0
1,6,3,Team: Stage a realistic blooper from a home movie.,Team,Roisin Conaty,0,0,0,0
1,6,3,Team: Stage a realistic blooper from a home movie.,Team,Romesh Ranganathan,0,0,0,0
1,6,3,Team: Stage a realistic blooper from a home movie.,Team,Tim Key,2,0,0,1
1,6,4,Make the best meal for the Taskmaster using ingredients beginning with every letter of the alphabet.,Normal,Frank Skinner,5,0,0,0
1,6,4,Make the best meal for the Taskmaster using ingredients beginning with every letter of the alphabet.,Normal,Josh Widdicombe,1,0,0,0
1,6,4,Make the best meal for the Taskmaster using ingredients beginning with every letter of the alphabet.,Normal,Roisin Conaty,1,0,0,0
1,6,4,Make the best meal for the Taskmaster using ingredients beginning with every letter of the alphabet.,Normal,Romesh Ranganathan,4,0,0,0
1,6,4,Make the best meal for the Taskmaster using ingredients beginning with every letter of the alphabet.,Normal,Tim Key,3,0,0,1
1,6,5,"Live: Wearing boxing gloves, put the blue sweets in the empty bowl. Non-blue sweets will be subtracted from your total.",Live,Frank Skinner,3,0,0,0
1,6,5,"Live: Wearing boxing gloves, put the blue sweets in the empty bowl. Non-blue sweets will be subtracted from your total.",Live,Josh Widdicombe,2,0,0,0
1,6,5,"Live: Wearing boxing gloves, put the blue sweets in the empty bowl. Non-blue sweets will be subtracted from your total.",Live,Roisin Conaty,1,0,0,0
1,6,5,"Live: Wearing boxing gloves, put the blue sweets in the empty bowl. Non-blue sweets will be subtracted from your total.",Live,Romesh Ranganathan,4,0,0,0
1,6,5,"Live: Wearing boxing gloves, put the blue sweets in the empty bowl. Non-blue sweets will be subtracted from your total.",Live,Tim Key,5,0,0,1
2,1,1,Prize: Most important document.,Prize,Doc Brown,4,0,0,0
2,1,1,Prize: Most important document.,Prize,Joe Wilkinson,5,0,0,0
2,1,1,Prize: Most important document.,Prize,Jon Richardson,2,0,0,0
2,1,1,Prize: Most important document.,Prize,Katherine Ryan,3,0,0,0
2,1,1,Prize: Most important document.,Prize,Richard Osman,2,0,0,1
2,1,2,Place these three exercise balls on the yoga mat on the top of that hill. The task is complete when all three balls sit fully inflated and stationary on the mat.,Normal,Doc Brown,1,0,0,0
2,1,2,Place these three exercise balls on the yoga mat on the top of that hill. The task is complete when all three balls sit fully inflated and stationary on the mat.,Normal,Joe Wilkinson,2,0,0,0
2,1,2,Place these three exercise balls on the yoga mat on the top of that hill. The task is complete when all three balls sit fully inflated and stationary on the mat.,Normal,Jon Richardson,4,0,0,0
2,1,2,Place these three exercise balls on the yoga mat on the top of that hill. The task is complete when all three balls sit fully inflated and stationary on the mat.,Normal,Katherine Ryan,3,0,0,0
2,1,2,Place these three exercise balls on the yoga mat on the top of that hill. The task is complete when all three balls sit fully inflated and stationary on the mat.,Normal,Richard Osman,5,0,0,1
2,1,3,Get this potato into the golf hole. You may not touch the red green.,Normal,Doc Brown,2,0,0,0
2,1,3,Get this potato into the golf hole. You may not touch the red green.,Normal,Joe Wilkinson,0,1,0,0
2,1,3,Get this potato into the golf hole. You may not touch the red green.,Normal,Jon Richardson,5,0,0,0
2,1,3,Get this potato into the golf hole. You may not touch the red green.,Normal,Katherine Ryan,3,0,0,0
2,1,3,Get this potato into the golf hole. You may not touch the red green.,Normal,Richard Osman,4,0,0,1
2,1,4,Find out the following information from this Swedish person . The Swedish person may not speak or write in English.,Normal,Doc Brown,2,0,0,0
2,1,4,Find out the following information from this Swedish person . The Swedish person may not speak or write in English.,Normal,Joe Wilkinson,1,0,0,0
2,1,4,Find out the following information from this Swedish person . The Swedish person may not speak or write in English.,Normal,Jon Richardson,3,0,0,0
2,1,4,Find out the following information from this Swedish person . The Swedish person may not speak or write in English.,Normal,Katherine Ryan,5,0,0,0
2,1,4,Find out the following information from this Swedish person . The Swedish person may not speak or write in English.,Normal,Richard Osman,4,0,0,1
2,1,5,Live: Pack for your holiday. All items must either be packed in your hand luggage or worn on your body.,Live,Doc Brown,0,0,0,0
2,1,5,Live: Pack for your holiday. All items must either be packed in your hand luggage or worn on your body.,Live,Joe Wilkinson,0,0,0,0
2,1,5,Live: Pack for your holiday. All items must either be packed in your hand luggage or worn on your body.,Live,Jon Richardson,4,0,0,0
2,1,5,Live: Pack for your holiday. All items must either be packed in your hand luggage or worn on your body.,Live,Katherine Ryan,3,0,0,0
2,1,5,Live: Pack for your holiday. All items must either be packed in your hand luggage or worn on your body.,Live,Richard Osman,5,0,0,1
2,2,1,Prize: Trendiest item of clothing.,Prize,Doc Brown,5,0,0,0
2,2,1,Prize: Trendiest item of clothing.,Prize,Joe Wilkinson,2,0,0,0
2,2,1,Prize: Trendiest item of clothing.,Prize,Jon Richardson,3,0,0,1
2,2,1,Prize: Trendiest item of clothing.,Prize,Katherine Ryan,4,0,0,0
2,2,1,Prize: Trendiest item of clothing.,Prize,Richard Osman,1,0,0,0
2,2,2,Eat me (an egg).,Normal,Doc Brown,4,0,0,0
2,2,2,Eat me (an egg).,Normal,Joe Wilkinson,2,0,0,0
2,2,2,Eat me (an egg).,Normal,Jon Richardson,3,0,0,1
2,2,2,Eat me (an egg).,Normal,Katherine Ryan,0,0,0,0
2,2,2,Eat me (an egg).,Normal,Richard Osman,5,0,0,0
2,2,3,Make the best music video for a nursery rhyme.,Normal,Doc Brown,5,0,0,0
2,2,3,Make the best music video for a nursery rhyme.,Normal,Joe Wilkinson,2,0,0,0
2,2,3,Make the best music video for a nursery rhyme.,Normal,Jon Richardson,5,0,0,1
2,2,3,Make the best music video for a nursery rhyme.,Normal,Katherine Ryan,4,0,0,0
2,2,3,Make the best music video for a nursery rhyme.,Normal,Richard Osman,3,0,0,0
2,2,4,"Using this camera, take a picture of an inanimate object that looks like you.",Normal,Doc Brown,1,0,0,0
2,2,4,"Using this camera, take a picture of an inanimate object that looks like you.",Normal,Joe Wilkinson,2,0,0,0
2,2,4,"Using this camera, take a picture of an inanimate object that looks like you.",Normal,Jon Richardson,4,0,0,1
2,2,4,"Using this camera, take a picture of an inanimate object that looks like you.",Normal,Katherine Ryan,3,0,0,0
2,2,4,"Using this camera, take a picture of an inanimate object that looks like you.",Normal,Richard Osman,5,0,0,0
2,2,5,"Order the following pizza for the Taskmaster: Extra large vegetarian pizza with pepperoni and bacon, and without tomato and cheese. You may not use the following words: EXTRA, LARGE, VEGETARIAN, PIZZA, PEPPERONI, BACON, TOMATO, CHEESE",Normal,Doc Brown,2,0,0,0
2,2,5,"Order the following pizza for the Taskmaster: Extra large vegetarian pizza with pepperoni and bacon, and without tomato and cheese. You may not use the following words: EXTRA, LARGE, VEGETARIAN, PIZZA, PEPPERONI, BACON, TOMATO, CHEESE",Normal,Joe Wilkinson,4,0,0,0
2,2,5,"Order the following pizza for the Taskmaster: Extra large vegetarian pizza with pepperoni and bacon, and without tomato and cheese. You may not use the following words: EXTRA, LARGE, VEGETARIAN, PIZZA, PEPPERONI, BACON, TOMATO, CHEESE",Normal,Jon Richardson,5,0,0,1
2,2,5,"Order the following pizza for the Taskmaster: Extra large vegetarian pizza with pepperoni and bacon, and without tomato and cheese. You may not use the following words: EXTRA, LARGE, VEGETARIAN, PIZZA, PEPPERONI, BACON, TOMATO, CHEESE",Normal,Katherine Ryan,3,0,0,0
2,2,5,"Order the following pizza for the Taskmaster: Extra large vegetarian pizza with pepperoni and bacon, and without tomato and cheese. You may not use the following words: EXTRA, LARGE, VEGETARIAN, PIZZA, PEPPERONI, BACON, TOMATO, CHEESE",Normal,Richard Osman,1,0,0,0
2,2,6,"Bonus: Make the pizza person say the word ""bubbles"".",Normal,Doc Brown,1,0,0,0
2,2,6,"Bonus: Make the pizza person say the word ""bubbles"".",Normal,Joe Wilkinson,1,0,0,0
2,2,6,"Bonus: Make the pizza person say the word ""bubbles"".",Normal,Jon Richardson,0,0,0,1
2,2,6,"Bonus: Make the pizza person say the word ""bubbles"".",Normal,Katherine Ryan,1,0,0,0
2,2,6,"Bonus: Make the pizza person say the word ""bubbles"".",Normal,Richard Osman,0,0,0,0
2,2,7,"Live: Using these big chopsticks, get these potatoes into your basket. You must only hold the big chopsticks on the grips provided. The big chopsticks alone may touch the potatoes in turn.",Live,Doc Brown,0,0,0,0
2,2,7,"Live: Using these big chopsticks, get these potatoes into your basket. You must only hold the big chopsticks on the grips provided. The big chopsticks alone may touch the potatoes in turn.",Live,Joe Wilkinson,0,0,0,0
2,2,7,"Live: Using these big chopsticks, get these potatoes into your basket. You must only hold the big chopsticks on the grips provided. The big chopsticks alone may touch the potatoes in turn.",Live,Jon Richardson,5,0,0,1
2,2,7,"Live: Using these big chopsticks, get these potatoes into your basket. You must only hold the big chopsticks on the grips provided. The big chopsticks alone may touch the potatoes in turn.",Live,Katherine Ryan,4,0,0,0
2,2,7,"Live: Using these big chopsticks, get these potatoes into your basket. You must only hold the big chopsticks on the grips provided. The big chopsticks alone may touch the potatoes in turn.",Live,Richard Osman,0,1,0,0
2,3,1,Prize: Best dinner party guest.,Prize,Doc Brown,3,0,0,0
2,3,1,Prize: Best dinner party guest.,Prize,Joe Wilkinson,5,0,0,0
2,3,1,Prize: Best dinner party guest.,Prize,Jon Richardson,1,0,0,0
2,3,1,Prize: Best dinner party guest.,Prize,Katherine Ryan,4,0,0,1
2,3,1,Prize: Best dinner party guest.,Prize,Richard Osman,2,0,0,0
2,3,2,Impress this mayor.,Normal,Doc Brown,2,0,0,0
2,3,2,Impress this mayor.,Normal,Joe Wilkinson,3,0,0,0
2,3,2,Impress this mayor.,Normal,Jon Richardson,1,0,0,0
2,3,2,Impress this mayor.,Normal,Katherine Ryan,5,0,0,1
2,3,2,Impress this mayor.,Normal,Richard Osman,4,0,0,0
2,3,3,Make the most unexpected silhouette on this screen.,Normal,Doc Brown,1,0,0,0
2,3,3,Make the most unexpected silhouette on this screen.,Normal,Joe Wilkinson,3,0,0,0
2,3,3,Make the most unexpected silhouette on this screen.,Normal,Jon Richardson,5,0,0,0
2,3,3,Make the most unexpected silhouette on this screen.,Normal,Katherine Ryan,2,0,0,1
2,3,3,Make the most unexpected silhouette on this screen.,Normal,Richard Osman,4,0,0,0
2,3,4,Buy a gift for the Taskmaster.,Normal,Doc Brown,3,0,0,0
2,3,4,Buy a gift for the Taskmaster.,Normal,Joe Wilkinson,2,0,0,0
2,3,4,Buy a gift for the Taskmaster.,Normal,Jon Richardson,1,0,0,0
2,3,4,Buy a gift for the Taskmaster.,Normal,Katherine Ryan,4,0,0,1
2,3,4,Buy a gift for the Taskmaster.,Normal,Richard Osman,5,0,0,0
2,3,5,"Team: Put on this blindfold, then instruct only the person closest to you to open their task.",Team,Doc Brown,0,0,0,0
2,3,5,"Team: Put on this blindfold, then instruct only the person closest to you to open their task.",Team,Joe Wilkinson,0,0,0,0
2,3,5,"Team: Put on this blindfold, then instruct only the person closest to you to open their task.",Team,Jon Richardson,0,0,0,0
2,3,5,"Team: Put on this blindfold, then instruct only the person closest to you to open their task.",Team,Katherine Ryan,0,0,0,1
2,3,5,"Team: Put on this blindfold, then instruct only the person closest to you to open their task.",Team,Richard Osman,0,0,0,0
2,3,6,"Team: Put the earplugs in your ears and the ear protectors over the earplugs, then continue reading. You must remain within your bandstand. Instruct the next person to open their task.",Team,Doc Brown,0,0,0,0
2,3,6,"Team: Put the earplugs in your ears and the ear protectors over the earplugs, then continue reading. You must remain within your bandstand. Instruct the next person to open their task.",Team,Joe Wilkinson,0,0,0,0
2,3,6,"Team: Put the earplugs in your ears and the ear protectors over the earplugs, then continue reading. You must remain within your bandstand. Instruct the next person to open their task.",Team,Jon Richardson,0,0,0,0
2,3,6,"Team: Put the earplugs in your ears and the ear protectors over the earplugs, then continue reading. You must remain within your bandstand. Instruct the next person to open their task.",Team,Katherine Ryan,0,0,0,1
2,3,6,"Team: Put the earplugs in your ears and the ear protectors over the earplugs, then continue reading. You must remain within your bandstand. Instruct the next person to open their task.",Team,Richard Osman,5,0,0,0
2,3,7,Team: Do not read this out loud. Get a potato.,Team,Doc Brown,0,0,0,0
2,3,7,Team: Do not read this out loud. Get a potato.,Team,Joe Wilkinson,0,0,0,0
2,3,7,Team: Do not read this out loud. Get a potato.,Team,Jon Richardson,5,0,0,0
2,3,7,Team: Do not read this out loud. Get a potato.,Team,Katherine Ryan,0,0,0,1
2,3,7,Team: Do not read this out loud. Get a potato.,Team,Richard Osman,0,0,0,0
2,3,8,Live: Throw the rabbits into your hat.,Live,Doc Brown,12,0,0,0
2,3,8,Live: Throw the rabbits into your hat.,Live,Joe Wilkinson,12,0,0,0
2,3,8,Live: Throw the rabbits into your hat.,Live,Jon Richardson,4,0,0,0
2,3,8,Live: Throw the rabbits into your hat.,Live,Katherine Ryan,15,0,0,1
2,3,8,Live: Throw the rabbits into your hat.,Live,Richard Osman,7,0,0,0
2,4,1,Prize: Coolest blue thing.,Prize,Doc Brown,3,0,0,1
2,4,1,Prize: Coolest blue thing.,Prize,Joe Wilkinson,4,0,0,0
2,4,1,Prize: Coolest blue thing.,Prize,Jon Richardson,5,0,0,0
2,4,1,Prize: Coolest blue thing.,Prize,Katherine Ryan,2,0,0,0
2,4,1,Prize: Coolest blue thing.,Prize,Richard Osman,1,0,0,0
2,4,2,Rescue the cat.,Normal,Doc Brown,4,0,0,1
2,4,2,Rescue the cat.,Normal,Joe Wilkinson,3,0,0,0
2,4,2,Rescue the cat.,Normal,Jon Richardson,2,0,0,0
2,4,2,Rescue the cat.,Normal,Katherine Ryan,5,0,0,0
2,4,2,Rescue the cat.,Normal,Richard Osman,0,0,0,0
2,4,3,Conceal this pineapple on your person. No part of the pineapple may be thrown away.,Normal,Doc Brown,2,0,0,1
2,4,3,Conceal this pineapple on your person. No part of the pineapple may be thrown away.,Normal,Joe Wilkinson,1,0,0,0
2,4,3,Conceal this pineapple on your person. No part of the pineapple may be thrown away.,Normal,Jon Richardson,5,0,0,0
2,4,3,Conceal this pineapple on your person. No part of the pineapple may be thrown away.,Normal,Katherine Ryan,4,0,0,0
2,4,3,Conceal this pineapple on your person. No part of the pineapple may be thrown away.,Normal,Richard Osman,3,0,0,0
2,4,4,Set a fun task. Your task must take no more than one minute.,Normal,Doc Brown,0,0,0,1
2,4,4,Set a fun task. Your task must take no more than one minute.,Normal,Joe Wilkinson,0,0,0,0
2,4,4,Set a fun task. Your task must take no more than one minute.,Normal,Jon Richardson,0,0,0,0
2,4,4,Set a fun task. Your task must take no more than one minute.,Normal,Katherine Ryan,0,0,0,0
2,4,4,Set a fun task. Your task must take no more than one minute.,Normal,Richard Osman,0,0,0,0
2,4,5,Guess who set you each task.,Normal,Doc Brown,0,0,0,1
2,4,5,Guess who set you each task.,Normal,Joe Wilkinson,0,0,0,0
2,4,5,Guess who set you each task.,Normal,Jon Richardson,4,0,0,0
2,4,5,Guess who set you each task.,Normal,Katherine Ryan,0,0,0,0
2,4,5,Guess who set you each task.,Normal,Richard Osman,0,0,0,0
2,4,6,"Team: Using only the items on the rug, construct the best thing for the Taskmaster.",Team,Doc Brown,4,0,0,1
2,4,6,"Team: Using only the items on the rug, construct the best thing for the Taskmaster.",Team,Joe Wilkinson,4,0,0,0
2,4,6,"Team: Using only the items on the rug, construct the best thing for the Taskmaster.",Team,Jon Richardson,1,0,0,0
2,4,6,"Team: Using only the items on the rug, construct the best thing for the Taskmaster.",Team,Katherine Ryan,4,0,0,0
2,4,6,"Team: Using only the items on the rug, construct the best thing for the Taskmaster.",Team,Richard Osman,1,0,0,0
2,4,7,Live: Create the highest tower using only these potato-based items. Your potato tower must be self-standing. Your potato tower must be built on the table. Your potato tower will be measured from the tabletop to the highest potato point.,Live,Doc Brown,5,0,0,1
2,4,7,Live: Create the highest tower using only these potato-based items. Your potato tower must be self-standing. Your potato tower must be built on the table. Your potato tower will be measured from the tabletop to the highest potato point.,Live,Joe Wilkinson,0,0,0,0
2,4,7,Live: Create the highest tower using only these potato-based items. Your potato tower must be self-standing. Your potato tower must be built on the table. Your potato tower will be measured from the tabletop to the highest potato point.,Live,Jon Richardson,0,0,0,0
2,4,7,Live: Create the highest tower using only these potato-based items. Your potato tower must be self-standing. Your potato tower must be built on the table. Your potato tower will be measured from the tabletop to the highest potato point.,Live,Katherine Ryan,0,0,0,0
2,4,7,Live: Create the highest tower using only these potato-based items. Your potato tower must be self-standing. Your potato tower must be built on the table. Your potato tower will be measured from the tabletop to the highest potato point.,Live,Richard Osman,0,0,0,0
2,5,1,Prize: Best piece of memorabilia.,Prize,Doc Brown,2,0,0,0
2,5,1,Prize: Best piece of memorabilia.,Prize,Joe Wilkinson,1,0,0,0
2,5,1,Prize: Best piece of memorabilia.,Prize,Jon Richardson,3,0,0,0
2,5,1,Prize: Best piece of memorabilia.,Prize,Katherine Ryan,4,0,0,0
2,5,1,Prize: Best piece of memorabilia.,Prize,Richard Osman,5,0,0,1
2,5,2,Get all this shopping into the shopping trolley.,Normal,Doc Brown,0,1,0,0
2,5,2,Get all this shopping into the shopping trolley.,Normal,Joe Wilkinson,5,0,0,0
2,5,2,Get all this shopping into the shopping trolley.,Normal,Jon Richardson,0,1,0,0
2,5,2,Get all this shopping into the shopping trolley.,Normal,Katherine Ryan,3,0,0,0
2,5,2,Get all this shopping into the shopping trolley.,Normal,Richard Osman,4,0,0,1
2,5,3,Team: Make the best stop-motion film starring this potato.,Team,Doc Brown,2,0,0,0
2,5,3,Team: Make the best stop-motion film starring this potato.,Team,Joe Wilkinson,2,0,0,0
2,5,3,Team: Make the best stop-motion film starring this potato.,Team,Jon Richardson,3,0,0,0
2,5,3,Team: Make the best stop-motion film starring this potato.,Team,Katherine Ryan,2,0,0,0
2,5,3,Team: Make the best stop-motion film starring this potato.,Team,Richard Osman,3,0,0,1
2,5,4,Make a bridge over the river using only items on this table. Highest self-supporting bridge wins. The bridge alone must support the potato. You must not touch the Taskmaster's house.,Normal,Doc Brown,4,0,0,0
2,5,4,Make a bridge over the river using only items on this table. Highest self-supporting bridge wins. The bridge alone must support the potato. You must not touch the Taskmaster's house.,Normal,Joe Wilkinson,3,0,0,0
2,5,4,Make a bridge over the river using only items on this table. Highest self-supporting bridge wins. The bridge alone must support the potato. You must not touch the Taskmaster's house.,Normal,Jon Richardson,5,0,0,0
2,5,4,Make a bridge over the river using only items on this table. Highest self-supporting bridge wins. The bridge alone must support the potato. You must not touch the Taskmaster's house.,Normal,Katherine Ryan,1,0,0,0
2,5,4,Make a bridge over the river using only items on this table. Highest self-supporting bridge wins. The bridge alone must support the potato. You must not touch the Taskmaster's house.,Normal,Richard Osman,2,0,0,1
2,5,5,"Live: Put on a pair of food handling gloves, eat a whole banana correctly, put on a tie, and clap as many times as possible.",Live,Doc Brown,4,0,0,0
2,5,5,"Live: Put on a pair of food handling gloves, eat a whole banana correctly, put on a tie, and clap as many times as possible.",Live,Joe Wilkinson,0,0,0,0
2,5,5,"Live: Put on a pair of food handling gloves, eat a whole banana correctly, put on a tie, and clap as many times as possible.",Live,Jon Richardson,2,0,0,0
2,5,5,"Live: Put on a pair of food handling gloves, eat a whole banana correctly, put on a tie, and clap as many times as possible.",Live,Katherine Ryan,3,0,0,0
2,5,5,"Live: Put on a pair of food handling gloves, eat a whole banana correctly, put on a tie, and clap as many times as possible.",Live,Richard Osman,5,0,0,1
3,1,1,Prize: Most flamboyant clock.,Prize,Al Murray,4,0,0,1
3,1,1,Prize: Most flamboyant clock.,Prize,Dave Gorman,3,0,0,0
3,1,1,Prize: Most flamboyant clock.,Prize,Paul Chowdhry,1,0,0,0
3,1,1,Prize: Most flamboyant clock.,Prize,Rob Beckett,2,0,0,0
3,1,1,Prize: Most flamboyant clock.,Prize,Sara Pascoe,5,0,0,0
3,1,2,Get to the microwave in as few steps as possible and open the door before the microwave dings.,Normal,Al Murray,4,0,0,1
3,1,2,Get to the microwave in as few steps as possible and open the door before the microwave dings.,Normal,Dave Gorman,2,0,0,0
3,1,2,Get to the microwave in as few steps as possible and open the door before the microwave dings.,Normal,Paul Chowdhry,0,1,0,0
3,1,2,Get to the microwave in as few steps as possible and open the door before the microwave dings.,Normal,Rob Beckett,5,0,0,0
3,1,2,Get to the microwave in as few steps as possible and open the door before the microwave dings.,Normal,Sara Pascoe,3,0,0,0
3,1,3,Propel this pea the furthest distance. Your pea must land and remain on the red carpet.,Normal,Al Murray,5,0,0,1
3,1,3,Propel this pea the furthest distance. Your pea must land and remain on the red carpet.,Normal,Dave Gorman,0,1,0,0
3,1,3,Propel this pea the furthest distance. Your pea must land and remain on the red carpet.,Normal,Paul Chowdhry,2,0,0,0
3,1,3,Propel this pea the furthest distance. Your pea must land and remain on the red carpet.,Normal,Rob Beckett,4,0,0,0
3,1,3,Propel this pea the furthest distance. Your pea must land and remain on the red carpet.,Normal,Sara Pascoe,3,0,0,0
3,1,4,Make the best snowman.,Normal,Al Murray,3,0,0,1
3,1,4,Make the best snowman.,Normal,Dave Gorman,5,0,0,0
3,1,4,Make the best snowman.,Normal,Paul Chowdhry,1,0,0,0
3,1,4,Make the best snowman.,Normal,Rob Beckett,2,0,0,0
3,1,4,Make the best snowman.,Normal,Sara Pascoe,4,0,0,0
3,1,5,Live: Balance your swedes on your Swede. Your Swede must remain standing at all times. Your swedes may only balance on the exterior of your Swede.,Live,Al Murray,5,0,0,1
3,1,5,Live: Balance your swedes on your Swede. Your Swede must remain standing at all times. Your swedes may only balance on the exterior of your Swede.,Live,Dave Gorman,3,0,0,0
3,1,5,Live: Balance your swedes on your Swede. Your Swede must remain standing at all times. Your swedes may only balance on the exterior of your Swede.,Live,Paul Chowdhry,4,0,0,0
3,1,5,Live: Balance your swedes on your Swede. Your Swede must remain standing at all times. Your swedes may only balance on the exterior of your Swede.,Live,Rob Beckett,2,0,0,0
3,1,5,Live: Balance your swedes on your Swede. Your Swede must remain standing at all times. Your swedes may only balance on the exterior of your Swede.,Live,Sara Pascoe,1,0,0,0
3,2,1,Prize: Heaviest item that can fit in a shoebox.,Prize,Al Murray,3,0,0,0
3,2,1,Prize: Heaviest item that can fit in a shoebox.,Prize,Dave Gorman,5,0,0,0
3,2,1,Prize: Heaviest item that can fit in a shoebox.,Prize,Paul Chowdhry,2,0,0,0
3,2,1,Prize: Heaviest item that can fit in a shoebox.,Prize,Rob Beckett,4,0,0,1
3,2,1,Prize: Heaviest item that can fit in a shoebox.,Prize,Sara Pascoe,1,0,0,0
3,2,2,Surprise Alex when he emerges from the shed in one hour.,Normal,Al Murray,4,0,0,0
3,2,2,Surprise Alex when he emerges from the shed in one hour.,Normal,Dave Gorman,3,0,0,0
3,2,2,Surprise Alex when he emerges from the shed in one hour.,Normal,Paul Chowdhry,1,0,0,0
3,2,2,Surprise Alex when he emerges from the shed in one hour.,Normal,Rob Beckett,5,0,0,1
3,2,2,Surprise Alex when he emerges from the shed in one hour.,Normal,Sara Pascoe,2,0,0,0
3,2,3,Team Puzzle: Release Alex.,Team,Al Murray,0,0,0,0
3,2,3,Team Puzzle: Release Alex.,Team,Dave Gorman,0,0,0,0
3,2,3,Team Puzzle: Release Alex.,Team,Paul Chowdhry,0,0,0,0
3,2,3,Team Puzzle: Release Alex.,Team,Rob Beckett,5,0,0,1
3,2,3,Team Puzzle: Release Alex.,Team,Sara Pascoe,5,0,0,0
3,2,4,Create the best upside-down self portrait using only the materials supplied. The Taskmaster will judge the picture when it has been rotated 180 degrees.,Normal,Al Murray,5,0,0,0
3,2,4,Create the best upside-down self portrait using only the materials supplied. The Taskmaster will judge the picture when it has been rotated 180 degrees.,Normal,Dave Gorman,3,0,0,0
3,2,4,Create the best upside-down self portrait using only the materials supplied. The Taskmaster will judge the picture when it has been rotated 180 degrees.,Normal,Paul Chowdhry,2,0,0,0
3,2,4,Create the best upside-down self portrait using only the materials supplied. The Taskmaster will judge the picture when it has been rotated 180 degrees.,Normal,Rob Beckett,2,0,0,1
3,2,4,Create the best upside-down self portrait using only the materials supplied. The Taskmaster will judge the picture when it has been rotated 180 degrees.,Normal,Sara Pascoe,4,0,0,0
3,2,5,Pop the balloons.,Normal,Al Murray,1,0,0,0
3,2,5,Pop the balloons.,Normal,Dave Gorman,3,0,0,0
3,2,5,Pop the balloons.,Normal,Paul Chowdhry,4,0,0,0
3,2,5,Pop the balloons.,Normal,Rob Beckett,5,0,0,1
3,2,5,Pop the balloons.,Normal,Sara Pascoe,2,0,0,0
3,2,6,Live: Unravel a whole roll of sticky tape. Put the unraveled sticky tape in your lunchbox. Close your lunchbox.,Live,Al Murray,5,0,0,0
3,2,6,Live: Unravel a whole roll of sticky tape. Put the unraveled sticky tape in your lunchbox. Close your lunchbox.,Live,Dave Gorman,3,0,0,0
3,2,6,Live: Unravel a whole roll of sticky tape. Put the unraveled sticky tape in your lunchbox. Close your lunchbox.,Live,Paul Chowdhry,4,0,0,0
3,2,6,Live: Unravel a whole roll of sticky tape. Put the unraveled sticky tape in your lunchbox. Close your lunchbox.,Live,Rob Beckett,0,0,0,1
3,2,6,Live: Unravel a whole roll of sticky tape. Put the unraveled sticky tape in your lunchbox. Close your lunchbox.,Live,Sara Pascoe,2,0,0,0
3,3,1,Prize: Best battery-operated item.,Prize,Al Murray,2,0,0,0
3,3,1,Prize: Best battery-operated item.,Prize,Dave Gorman,1,0,0,0
3,3,1,Prize: Best battery-operated item.,Prize,Paul Chowdhry,4,0,0,1
3,3,1,Prize: Best battery-operated item.,Prize,Rob Beckett,5,0,0,0
3,3,1,Prize: Best battery-operated item.,Prize,Sara Pascoe,3,0,0,0
3,3,2,Fill this egg cup with your own sweat.,Normal,Al Murray,0,1,0,0
3,3,2,Fill this egg cup with your own sweat.,Normal,Dave Gorman,3,0,0,0
3,3,2,Fill this egg cup with your own sweat.,Normal,Paul Chowdhry,5,0,0,1
3,3,2,Fill this egg cup with your own sweat.,Normal,Rob Beckett,2,0,0,0
3,3,2,Fill this egg cup with your own sweat.,Normal,Sara Pascoe,4,0,0,0
3,3,3,Bonus: You must complete the whole task speaking in an accent different to your own for 20 minutes.,Normal,Al Murray,0,0,0,0
3,3,3,Bonus: You must complete the whole task speaking in an accent different to your own for 20 minutes.,Normal,Dave Gorman,0,0,0,0
3,3,3,Bonus: You must complete the whole task speaking in an accent different to your own for 20 minutes.,Normal,Paul Chowdhry,0,0,0,1
3,3,3,Bonus: You must complete the whole task speaking in an accent different to your own for 20 minutes.,Normal,Rob Beckett,0,0,0,0
3,3,3,Bonus: You must complete the whole task speaking in an accent different to your own for 20 minutes.,Normal,Sara Pascoe,0,0,0,0
3,3,4,Make the best domino rally.,Normal,Al Murray,1,0,0,0
3,3,4,Make the best domino rally.,Normal,Dave Gorman,4,0,0,0
3,3,4,Make the best domino rally.,Normal,Paul Chowdhry,5,0,0,1
3,3,4,Make the best domino rally.,Normal,Rob Beckett,3,0,0,0
3,3,4,Make the best domino rally.,Normal,Sara Pascoe,1,0,0,0
3,3,5,Buy a gift for the Taskmaster.,Normal,Al Murray,3,0,0,0
3,3,5,Buy a gift for the Taskmaster.,Normal,Dave Gorman,5,0,0,0
3,3,5,Buy a gift for the Taskmaster.,Normal,Paul Chowdhry,2,0,0,1
3,3,5,Buy a gift for the Taskmaster.,Normal,Rob Beckett,4,0,0,0
3,3,5,Buy a gift for the Taskmaster.,Normal,Sara Pascoe,1,0,0,0
3,3,6,Create the best flag meal.,Normal,Al Murray,2,0,0,0
3,3,6,Create the best flag meal.,Normal,Dave Gorman,5,0,0,0
3,3,6,Create the best flag meal.,Normal,Paul Chowdhry,4,0,0,1
3,3,6,Create the best flag meal.,Normal,Rob Beckett,1,0,0,0
3,3,6,Create the best flag meal.,Normal,Sara Pascoe,3,0,0,0
3,3,7,Live: Anchor these balloons using only bread.,Live,Al Murray,1,0,0,0
3,3,7,Live: Anchor these balloons using only bread.,Live,Dave Gorman,3,0,0,0
3,3,7,Live: Anchor these balloons using only bread.,Live,Paul Chowdhry,2,0,0,1
3,3,7,Live: Anchor these balloons using only bread.,Live,Rob Beckett,4,0,0,0
3,3,7,Live: Anchor these balloons using only bread.,Live,Sara Pascoe,5,0,0,0
3,4,1,Prize: Shiniest thing.,Prize,Al Murray,1,0,0,0
3,4,1,Prize: Shiniest thing.,Prize,Dave Gorman,3,0,0,1
3,4,1,Prize: Shiniest thing.,Prize,Paul Chowdhry,5,0,0,0
3,4,1,Prize: Shiniest thing.,Prize,Rob Beckett,2,0,0,0
3,4,1,Prize: Shiniest thing.,Prize,Sara Pascoe,4,0,0,0
3,4,2,Spread your clothes as far and wide as possible at your own expense. You must discard four items of clothing that you're currently wearing.,Normal,Al Murray,5,0,0,0
3,4,2,Spread your clothes as far and wide as possible at your own expense. You must discard four items of clothing that you're currently wearing.,Normal,Dave Gorman,3,0,0,1
3,4,2,Spread your clothes as far and wide as possible at your own expense. You must discard four items of clothing that you're currently wearing.,Normal,Paul Chowdhry,1,0,0,0
3,4,2,Spread your clothes as far and wide as possible at your own expense. You must discard four items of clothing that you're currently wearing.,Normal,Rob Beckett,4,0,0,0
3,4,2,Spread your clothes as far and wide as possible at your own expense. You must discard four items of clothing that you're currently wearing.,Normal,Sara Pascoe,2,0,0,0
3,4,3,Find out what this gentleman did for a living. You can ask him any question but you must whisper at all times. The gentleman can only nod or shake his head. The gentleman can only lie.,Normal,Al Murray,5,0,0,0
3,4,3,Find out what this gentleman did for a living. You can ask him any question but you must whisper at all times. The gentleman can only nod or shake his head. The gentleman can only lie.,Normal,Dave Gorman,4,0,0,1
3,4,3,Find out what this gentleman did for a living. You can ask him any question but you must whisper at all times. The gentleman can only nod or shake his head. The gentleman can only lie.,Normal,Paul Chowdhry,1,0,0,0
3,4,3,Find out what this gentleman did for a living. You can ask him any question but you must whisper at all times. The gentleman can only nod or shake his head. The gentleman can only lie.,Normal,Rob Beckett,2,0,0,0
3,4,3,Find out what this gentleman did for a living. You can ask him any question but you must whisper at all times. The gentleman can only nod or shake his head. The gentleman can only lie.,Normal,Sara Pascoe,3,0,0,0
3,4,4,Team: Make the most special effect.,Team,Al Murray,3,0,0,0
3,4,4,Team: Make the most special effect.,Team,Dave Gorman,3,0,0,1
3,4,4,Team: Make the most special effect.,Team,Paul Chowdhry,3,0,0,0
3,4,4,Team: Make the most special effect.,Team,Rob Beckett,2,0,0,0
3,4,4,Team: Make the most special effect.,Team,Sara Pascoe,2,0,0,0
3,4,5,"Live: Wearing a blindfold, cover yourself in sticky notes. Sticky notes must be applied individually.",Live,Al Murray,2,0,0,0
3,4,5,"Live: Wearing a blindfold, cover yourself in sticky notes. Sticky notes must be applied individually.",Live,Dave Gorman,4,0,0,1
3,4,5,"Live: Wearing a blindfold, cover yourself in sticky notes. Sticky notes must be applied individually.",Live,Paul Chowdhry,1,0,0,0
3,4,5,"Live: Wearing a blindfold, cover yourself in sticky notes. Sticky notes must be applied individually.",Live,Rob Beckett,5,0,0,0
3,4,5,"Live: Wearing a blindfold, cover yourself in sticky notes. Sticky notes must be applied individually.",Live,Sara Pascoe,3,0,0,0
3,4,6,Have the most fun on this bouncy castle.,Normal,Al Murray,0,0,0,0
3,4,6,Have the most fun on this bouncy castle.,Normal,Dave Gorman,0,0,0,1
3,4,6,Have the most fun on this bouncy castle.,Normal,Paul Chowdhry,0,0,0,0
3,4,6,Have the most fun on this bouncy castle.,Normal,Rob Beckett,0,0,0,0
3,4,6,Have the most fun on this bouncy castle.,Normal,Sara Pascoe,0,0,0,0
3,5,1,Prize: The photo of the most handsome relative.,Prize,Al Murray,4,0,0,0
3,5,1,Prize: The photo of the most handsome relative.,Prize,Dave Gorman,5,0,0,0
3,5,1,Prize: The photo of the most handsome relative.,Prize,Paul Chowdhry,1,0,0,0
3,5,1,Prize: The photo of the most handsome relative.,Prize,Rob Beckett,3,0,0,1
3,5,1,Prize: The photo of the most handsome relative.,Prize,Sara Pascoe,1,0,0,0
3,5,2,Move the water from bucket A to bucket B. You must not move the buckets.,Normal,Al Murray,5,0,0,0
3,5,2,Move the water from bucket A to bucket B. You must not move the buckets.,Normal,Dave Gorman,0,1,0,0
3,5,2,Move the water from bucket A to bucket B. You must not move the buckets.,Normal,Paul Chowdhry,3,0,0,0
3,5,2,Move the water from bucket A to bucket B. You must not move the buckets.,Normal,Rob Beckett,4,0,0,1
3,5,2,Move the water from bucket A to bucket B. You must not move the buckets.,Normal,Sara Pascoe,3,0,0,0
3,5,3,"Team: Wearing one of these hands on each of your hands at all times, communicate to your teammates the names of these films, books or TV programmes. You may not raise your voice.",Team,Al Murray,5,0,0,0
3,5,3,"Team: Wearing one of these hands on each of your hands at all times, communicate to your teammates the names of these films, books or TV programmes. You may not raise your voice.",Team,Dave Gorman,5,0,0,0
3,5,3,"Team: Wearing one of these hands on each of your hands at all times, communicate to your teammates the names of these films, books or TV programmes. You may not raise your voice.",Team,Paul Chowdhry,5,0,0,0
3,5,3,"Team: Wearing one of these hands on each of your hands at all times, communicate to your teammates the names of these films, books or TV programmes. You may not raise your voice.",Team,Rob Beckett,0,0,0,1
3,5,3,"Team: Wearing one of these hands on each of your hands at all times, communicate to your teammates the names of these films, books or TV programmes. You may not raise your voice.",Team,Sara Pascoe,0,0,0,0
3,5,4,Do something that looks brilliant when sped up or slowed down.,Normal,Al Murray,2,0,0,0
3,5,4,Do something that looks brilliant when sped up or slowed down.,Normal,Dave Gorman,3,0,0,0
3,5,4,Do something that looks brilliant when sped up or slowed down.,Normal,Paul Chowdhry,3,0,0,0
3,5,4,Do something that looks brilliant when sped up or slowed down.,Normal,Rob Beckett,5,0,0,1
3,5,4,Do something that looks brilliant when sped up or slowed down.,Normal,Sara Pascoe,5,0,0,0
3,5,5,"Live: Place one or more doughnuts on your stick. You have 100 seconds, after which the person with the lowest unique whole number of doughnuts on their stick wins.",Live,Al Murray,0,0,0,0
3,5,5,"Live: Place one or more doughnuts on your stick. You have 100 seconds, after which the person with the lowest unique whole number of doughnuts on their stick wins.",Live,Dave Gorman,0,0,0,0
3,5,5,"Live: Place one or more doughnuts on your stick. You have 100 seconds, after which the person with the lowest unique whole number of doughnuts on their stick wins.",Live,Paul Chowdhry,0,0,0,0
3,5,5,"Live: Place one or more doughnuts on your stick. You have 100 seconds, after which the person with the lowest unique whole number of doughnuts on their stick wins.",Live,Rob Beckett,5,0,0,1
3,5,5,"Live: Place one or more doughnuts on your stick. You have 100 seconds, after which the person with the lowest unique whole number of doughnuts on their stick wins.",Live,Sara Pascoe,0,0,0,0
4,1,1,Prize: Most interesting autograph on the most interesting vegetable.,Prize,Hugh Dennis,1,0,0,0
4,1,1,Prize: Most interesting autograph on the most interesting vegetable.,Prize,Joe Lycett,2,0,0,0
4,1,1,Prize: Most interesting autograph on the most interesting vegetable.,Prize,Lolly Adefope,3,0,0,0
4,1,1,Prize: Most interesting autograph on the most interesting vegetable.,Prize,Mel Giedroyc,4,0,0,0
4,1,1,Prize: Most interesting autograph on the most interesting vegetable.,Prize,Noel Fielding,5,0,0,1
4,1,2,Destroy this cake.,Normal,Hugh Dennis,1,0,0,0
4,1,2,Destroy this cake.,Normal,Joe Lycett,5,0,0,0
4,1,2,Destroy this cake.,Normal,Lolly Adefope,2,0,0,0
4,1,2,Destroy this cake.,Normal,Mel Giedroyc,3,0,0,0
4,1,2,Destroy this cake.,Normal,Noel Fielding,4,0,0,1
4,1,3,Create the best caricature of the person on the other side of the curtain. You may not look at the person. The person may only say yes and no.,Normal,Hugh Dennis,1,0,0,0
4,1,3,Create the best caricature of the person on the other side of the curtain. You may not look at the person. The person may only say yes and no.,Normal,Joe Lycett,4,0,0,0
4,1,3,Create the best caricature of the person on the other side of the curtain. You may not look at the person. The person may only say yes and no.,Normal,Lolly Adefope,3,0,0,0
4,1,3,Create the best caricature of the person on the other side of the curtain. You may not look at the person. The person may only say yes and no.,Normal,Mel Giedroyc,2,0,0,0
4,1,3,Create the best caricature of the person on the other side of the curtain. You may not look at the person. The person may only say yes and no.,Normal,Noel Fielding,5,0,0,1
4,1,4,Bonus: Find out the person's full name..,Normal,Hugh Dennis,1,0,0,0
4,1,4,Bonus: Find out the person's full name..,Normal,Joe Lycett,0,0,0,0
4,1,4,Bonus: Find out the person's full name..,Normal,Lolly Adefope,0,0,0,0
4,1,4,Bonus: Find out the person's full name..,Normal,Mel Giedroyc,1,0,0,0
4,1,4,Bonus: Find out the person's full name..,Normal,Noel Fielding,0,0,0,1
4,1,5,Fell all the rubber ducks.,Normal,Hugh Dennis,5,0,0,0
4,1,5,Fell all the rubber ducks.,Normal,Joe Lycett,3,0,0,0
4,1,5,Fell all the rubber ducks.,Normal,Lolly Adefope,4,0,0,0
4,1,5,Fell all the rubber ducks.,Normal,Mel Giedroyc,1,0,0,0
4,1,5,Fell all the rubber ducks.,Normal,Noel Fielding,2,0,0,1
4,1,6,"Live: Make the most juice. You must pick one fruit and one tool. If you pick the same tool as someone else, you must juice blindfolded. If you pick the same fruit as someone else, you must juice one-handed. If you pick the same fruit and tool as someone else, you must juice blindfolded, one-handed and bouncing up and down.",Live,Hugh Dennis,4,0,0,0
4,1,6,"Live: Make the most juice. You must pick one fruit and one tool. If you pick the same tool as someone else, you must juice blindfolded. If you pick the same fruit as someone else, you must juice one-handed. If you pick the same fruit and tool as someone else, you must juice blindfolded, one-handed and bouncing up and down.",Live,Joe Lycett,3,0,0,0
4,1,6,"Live: Make the most juice. You must pick one fruit and one tool. If you pick the same tool as someone else, you must juice blindfolded. If you pick the same fruit as someone else, you must juice one-handed. If you pick the same fruit and tool as someone else, you must juice blindfolded, one-handed and bouncing up and down.",Live,Lolly Adefope,1,0,0,0
4,1,6,"Live: Make the most juice. You must pick one fruit and one tool. If you pick the same tool as someone else, you must juice blindfolded. If you pick the same fruit as someone else, you must juice one-handed. If you pick the same fruit and tool as someone else, you must juice blindfolded, one-handed and bouncing up and down.",Live,Mel Giedroyc,5,0,0,0
4,1,6,"Live: Make the most juice. You must pick one fruit and one tool. If you pick the same tool as someone else, you must juice blindfolded. If you pick the same fruit as someone else, you must juice one-handed. If you pick the same fruit and tool as someone else, you must juice blindfolded, one-handed and bouncing up and down.",Live,Noel Fielding,2,0,0,1
4,2,1,Prize: Most boastful item.,Prize,Hugh Dennis,1,0,0,0
4,2,1,Prize: Most boastful item.,Prize,Joe Lycett,2,0,0,0
4,2,1,Prize: Most boastful item.,Prize,Lolly Adefope,4,0,0,0
4,2,1,Prize: Most boastful item.,Prize,Mel Giedroyc,3,0,0,1
4,2,1,Prize: Most boastful item.,Prize,Noel Fielding,5,0,0,0
4,2,2,Keep the basketball on the running machine for as long as possible. You may not touch the basketball or the running machine.,Normal,Hugh Dennis,5,0,0,0
4,2,2,Keep the basketball on the running machine for as long as possible. You may not touch the basketball or the running machine.,Normal,Joe Lycett,2,0,0,0
4,2,2,Keep the basketball on the running machine for as long as possible. You may not touch the basketball or the running machine.,Normal,Lolly Adefope,4,0,0,0
4,2,2,Keep the basketball on the running machine for as long as possible. You may not touch the basketball or the running machine.,Normal,Mel Giedroyc,3,0,0,1
4,2,2,Keep the basketball on the running machine for as long as possible. You may not touch the basketball or the running machine.,Normal,Noel Fielding,1,0,0,0
4,2,3,"Paint the best picture of the Taskmaster. Only the paint, and brush may touch the mat, easel and canvas.",Normal,Hugh Dennis,0,1,0,0
4,2,3,"Paint the best picture of the Taskmaster. Only the paint, and brush may touch the mat, easel and canvas.",Normal,Joe Lycett,4,0,0,0
4,2,3,"Paint the best picture of the Taskmaster. Only the paint, and brush may touch the mat, easel and canvas.",Normal,Lolly Adefope,2,0,0,0
4,2,3,"Paint the best picture of the Taskmaster. Only the paint, and brush may touch the mat, easel and canvas.",Normal,Mel Giedroyc,3,0,0,1
4,2,3,"Paint the best picture of the Taskmaster. Only the paint, and brush may touch the mat, easel and canvas.",Normal,Noel Fielding,5,0,0,0
4,2,4,"Bonus: Also, you must smile at the camera with increasing enthusiasm every 30 seconds.",Normal,Hugh Dennis,0,0,0,0
4,2,4,"Bonus: Also, you must smile at the camera with increasing enthusiasm every 30 seconds.",Normal,Joe Lycett,0,0,0,0
4,2,4,"Bonus: Also, you must smile at the camera with increasing enthusiasm every 30 seconds.",Normal,Lolly Adefope,0,0,0,0
4,2,4,"Bonus: Also, you must smile at the camera with increasing enthusiasm every 30 seconds.",Normal,Mel Giedroyc,0,0,0,1
4,2,4,"Bonus: Also, you must smile at the camera with increasing enthusiasm every 30 seconds.",Normal,Noel Fielding,0,0,0,0
4,2,5,Team: Land the flour on the target. You may not leave the bandstand.,Team,Hugh Dennis,5,0,0,0
4,2,5,Team: Land the flour on the target. You may not leave the bandstand.,Team,Joe Lycett,0,1,0,0
4,2,5,Team: Land the flour on the target. You may not leave the bandstand.,Team,Lolly Adefope,0,1,0,0
4,2,5,Team: Land the flour on the target. You may not leave the bandstand.,Team,Mel Giedroyc,5,0,0,1
4,2,5,Team: Land the flour on the target. You may not leave the bandstand.,Team,Noel Fielding,0,1,0,0
4,2,6,"Without touching the egg or the egg cup, get the egg into the egg cup. You may only use the equipment currently on the table. If you touch a piece of equipment that another contestant touches, you will both receive a 1 minute penalty per piece of equipment touched.",Normal,Hugh Dennis,2,0,0,0
4,2,6,"Without touching the egg or the egg cup, get the egg into the egg cup. You may only use the equipment currently on the table. If you touch a piece of equipment that another contestant touches, you will both receive a 1 minute penalty per piece of equipment touched.",Normal,Joe Lycett,3,0,0,0
4,2,6,"Without touching the egg or the egg cup, get the egg into the egg cup. You may only use the equipment currently on the table. If you touch a piece of equipment that another contestant touches, you will both receive a 1 minute penalty per piece of equipment touched.",Normal,Lolly Adefope,5,0,0,0
4,2,6,"Without touching the egg or the egg cup, get the egg into the egg cup. You may only use the equipment currently on the table. If you touch a piece of equipment that another contestant touches, you will both receive a 1 minute penalty per piece of equipment touched.",Normal,Mel Giedroyc,1,0,0,1
4,2,6,"Without touching the egg or the egg cup, get the egg into the egg cup. You may only use the equipment currently on the table. If you touch a piece of equipment that another contestant touches, you will both receive a 1 minute penalty per piece of equipment touched.",Normal,Noel Fielding,4,0,0,0
4,2,7,"Live: Looking at the Taskmaster at all times and with your arms always beneath your hairdressing smock, attach as many balloons together as possible.",Live,Hugh Dennis,4,0,0,0
4,2,7,"Live: Looking at the Taskmaster at all times and with your arms always beneath your hairdressing smock, attach as many balloons together as possible.",Live,Joe Lycett,2,0,0,0
4,2,7,"Live: Looking at the Taskmaster at all times and with your arms always beneath your hairdressing smock, attach as many balloons together as possible.",Live,Lolly Adefope,3,0,0,0
4,2,7,"Live: Looking at the Taskmaster at all times and with your arms always beneath your hairdressing smock, attach as many balloons together as possible.",Live,Mel Giedroyc,5,0,0,1
4,2,7,"Live: Looking at the Taskmaster at all times and with your arms always beneath your hairdressing smock, attach as many balloons together as possible.",Live,Noel Fielding,3,0,0,0
4,3,1,Prize: Best membership/subscription.,Prize,Hugh Dennis,1,0,0,0
4,3,1,Prize: Best membership/subscription.,Prize,Joe Lycett,3,0,0,1
4,3,1,Prize: Best membership/subscription.,Prize,Lolly Adefope,4,0,0,0
4,3,1,Prize: Best membership/subscription.,Prize,Mel Giedroyc,2,0,0,0
4,3,1,Prize: Best membership/subscription.,Prize,Noel Fielding,5,0,0,0
4,3,2,Camouflage yourself.,Normal,Hugh Dennis,4,0,0,0
4,3,2,Camouflage yourself.,Normal,Joe Lycett,4,0,0,1
4,3,2,Camouflage yourself.,Normal,Lolly Adefope,2,0,0,0
4,3,2,Camouflage yourself.,Normal,Mel Giedroyc,1,0,0,0
4,3,2,Camouflage yourself.,Normal,Noel Fielding,5,0,0,0
4,3,3,Team: Make a trailer for Taskmaster The Movie.,Team,Hugh Dennis,3,0,0,0
4,3,3,Team: Make a trailer for Taskmaster The Movie.,Team,Joe Lycett,2,0,0,1
4,3,3,Team: Make a trailer for Taskmaster The Movie.,Team,Lolly Adefope,2,0,0,0
4,3,3,Team: Make a trailer for Taskmaster The Movie.,Team,Mel Giedroyc,3,0,0,0
4,3,3,Team: Make a trailer for Taskmaster The Movie.,Team,Noel Fielding,2,0,0,0
4,3,4,Persuade three dogs to stand on the red mat. Exactly 12 legs must be stood on the red mat at the same time.,Normal,Hugh Dennis,3,0,0,0
4,3,4,Persuade three dogs to stand on the red mat. Exactly 12 legs must be stood on the red mat at the same time.,Normal,Joe Lycett,5,0,0,1
4,3,4,Persuade three dogs to stand on the red mat. Exactly 12 legs must be stood on the red mat at the same time.,Normal,Lolly Adefope,0,0,0,0
4,3,4,Persuade three dogs to stand on the red mat. Exactly 12 legs must be stood on the red mat at the same time.,Normal,Mel Giedroyc,1,0,0,0
4,3,4,Persuade three dogs to stand on the red mat. Exactly 12 legs must be stood on the red mat at the same time.,Normal,Noel Fielding,4,0,0,0
4,3,5,Persuade three chickens to stand on the red mat at the same time.,Normal,Hugh Dennis,0,0,0,0
4,3,5,Persuade three chickens to stand on the red mat at the same time.,Normal,Joe Lycett,0,0,0,1
4,3,5,Persuade three chickens to stand on the red mat at the same time.,Normal,Lolly Adefope,4,0,0,0
4,3,5,Persuade three chickens to stand on the red mat at the same time.,Normal,Mel Giedroyc,0,0,0,0
4,3,5,Persuade three chickens to stand on the red mat at the same time.,Normal,Noel Fielding,0,0,0,0
4,3,6,"Without moving the fishbowls, transfer the water from fishbowl A to fishbowl B. You may only use the items on this table. Also, you must commentate on your attempt throughout the task, always referring to yourself in the third person.",Normal,Hugh Dennis,4,0,0,0
4,3,6,"Without moving the fishbowls, transfer the water from fishbowl A to fishbowl B. You may only use the items on this table. Also, you must commentate on your attempt throughout the task, always referring to yourself in the third person.",Normal,Joe Lycett,5,0,0,1
4,3,6,"Without moving the fishbowls, transfer the water from fishbowl A to fishbowl B. You may only use the items on this table. Also, you must commentate on your attempt throughout the task, always referring to yourself in the third person.",Normal,Lolly Adefope,0,1,0,0
4,3,6,"Without moving the fishbowls, transfer the water from fishbowl A to fishbowl B. You may only use the items on this table. Also, you must commentate on your attempt throughout the task, always referring to yourself in the third person.",Normal,Mel Giedroyc,1,0,0,0
4,3,6,"Without moving the fishbowls, transfer the water from fishbowl A to fishbowl B. You may only use the items on this table. Also, you must commentate on your attempt throughout the task, always referring to yourself in the third person.",Normal,Noel Fielding,3,0,0,0
4,3,7,Bonus: If you eat any of the chocolate you will be docked five points.,Normal,Hugh Dennis,0,0,0,0
4,3,7,Bonus: If you eat any of the chocolate you will be docked five points.,Normal,Joe Lycett,-5,0,0,1
4,3,7,Bonus: If you eat any of the chocolate you will be docked five points.,Normal,Lolly Adefope,0,1,0,0
4,3,7,Bonus: If you eat any of the chocolate you will be docked five points.,Normal,Mel Giedroyc,-5,0,0,0
4,3,7,Bonus: If you eat any of the chocolate you will be docked five points.,Normal,Noel Fielding,0,0,0,0
4,3,8,"Live: Take it in turns to say a 5-letter word whenever the music stops. You may not say a word that has been previously said. If you fail to say a word before the music starts again, you're eliminated and the game continues with different length words. | Decant the wine into another bottle from atop an umpire's chair.",Live,Hugh Dennis,0,0,0,0
4,3,8,"Live: Take it in turns to say a 5-letter word whenever the music stops. You may not say a word that has been previously said. If you fail to say a word before the music starts again, you're eliminated and the game continues with different length words. | Decant the wine into another bottle from atop an umpire's chair.",Live,Joe Lycett,5,0,0,1
4,3,8,"Live: Take it in turns to say a 5-letter word whenever the music stops. You may not say a word that has been previously said. If you fail to say a word before the music starts again, you're eliminated and the game continues with different length words. | Decant the wine into another bottle from atop an umpire's chair.",Live,Lolly Adefope,0,0,0,0
4,3,8,"Live: Take it in turns to say a 5-letter word whenever the music stops. You may not say a word that has been previously said. If you fail to say a word before the music starts again, you're eliminated and the game continues with different length words. | Decant the wine into another bottle from atop an umpire's chair.",Live,Mel Giedroyc,0,0,0,0
4,3,8,"Live: Take it in turns to say a 5-letter word whenever the music stops. You may not say a word that has been previously said. If you fail to say a word before the music starts again, you're eliminated and the game continues with different length words. | Decant the wine into another bottle from atop an umpire's chair.",Live,Noel Fielding,0,0,0,0
4,4,1,Prize: Most surprising picture of themselves.,Prize,Hugh Dennis,1,0,0,0
4,4,1,Prize: Most surprising picture of themselves.,Prize,Joe Lycett,4,0,0,0
4,4,1,Prize: Most surprising picture of themselves.,Prize,Lolly Adefope,5,0,0,0
4,4,1,Prize: Most surprising picture of themselves.,Prize,Mel Giedroyc,3,0,0,1
4,4,1,Prize: Most surprising picture of themselves.,Prize,Noel Fielding,2,0,0,0
4,4,2,Make the highest splash.,Normal,Hugh Dennis,2,0,0,0
4,4,2,Make the highest splash.,Normal,Joe Lycett,3,0,0,0
4,4,2,Make the highest splash.,Normal,Lolly Adefope,1,0,0,0
4,4,2,Make the highest splash.,Normal,Mel Giedroyc,4,0,0,1
4,4,2,Make the highest splash.,Normal,Noel Fielding,5,0,0,0
4,4,3,Bonus: Before your you commence the task you must say who you think will win the task. Those who correctly guess the winner will win an extra five points.,Normal,Hugh Dennis,0,0,0,0
4,4,3,Bonus: Before your you commence the task you must say who you think will win the task. Those who correctly guess the winner will win an extra five points.,Normal,Joe Lycett,0,0,0,0
4,4,3,Bonus: Before your you commence the task you must say who you think will win the task. Those who correctly guess the winner will win an extra five points.,Normal,Lolly Adefope,0,0,0,0
4,4,3,Bonus: Before your you commence the task you must say who you think will win the task. Those who correctly guess the winner will win an extra five points.,Normal,Mel Giedroyc,0,0,0,1
4,4,3,Bonus: Before your you commence the task you must say who you think will win the task. Those who correctly guess the winner will win an extra five points.,Normal,Noel Fielding,0,0,0,0
4,4,4,Choreograph a dance for you and Alex to perform to any of the following ringtones.,Normal,Hugh Dennis,1,0,0,0
4,4,4,Choreograph a dance for you and Alex to perform to any of the following ringtones.,Normal,Joe Lycett,2,0,0,0
4,4,4,Choreograph a dance for you and Alex to perform to any of the following ringtones.,Normal,Lolly Adefope,3,0,0,0
4,4,4,Choreograph a dance for you and Alex to perform to any of the following ringtones.,Normal,Mel Giedroyc,5,0,0,1
4,4,4,Choreograph a dance for you and Alex to perform to any of the following ringtones.,Normal,Noel Fielding,5,0,0,0
4,4,5,Create a portrait of a celebrity using loo roll. There is a camera above your head. The mat beneath your feet is your canvas.,Normal,Hugh Dennis,3,0,0,0
4,4,5,Create a portrait of a celebrity using loo roll. There is a camera above your head. The mat beneath your feet is your canvas.,Normal,Joe Lycett,4,0,0,0
4,4,5,Create a portrait of a celebrity using loo roll. There is a camera above your head. The mat beneath your feet is your canvas.,Normal,Lolly Adefope,2,0,0,0
4,4,5,Create a portrait of a celebrity using loo roll. There is a camera above your head. The mat beneath your feet is your canvas.,Normal,Mel Giedroyc,2,0,0,1
4,4,5,Create a portrait of a celebrity using loo roll. There is a camera above your head. The mat beneath your feet is your canvas.,Normal,Noel Fielding,5,0,0,0
4,4,6,Do the most incredible thing with this pommel horse.,Normal,Hugh Dennis,5,0,0,0
4,4,6,Do the most incredible thing with this pommel horse.,Normal,Joe Lycett,3,0,0,0
4,4,6,Do the most incredible thing with this pommel horse.,Normal,Lolly Adefope,1,0,0,0
4,4,6,Do the most incredible thing with this pommel horse.,Normal,Mel Giedroyc,5,0,0,1
4,4,6,Do the most incredible thing with this pommel horse.,Normal,Noel Fielding,3,0,0,0
4,4,7,Live: Make the highest tower using these tubes.,Live,Hugh Dennis,5,0,0,0
4,4,7,Live: Make the highest tower using these tubes.,Live,Joe Lycett,3,0,0,0
4,4,7,Live: Make the highest tower using these tubes.,Live,Lolly Adefope,3,0,0,0
4,4,7,Live: Make the highest tower using these tubes.,Live,Mel Giedroyc,5,0,0,1
4,4,7,Live: Make the highest tower using these tubes.,Live,Noel Fielding,3,0,0,0
4,5,1,Prize: Cutest thing.,Prize,Hugh Dennis,1,0,0,1
4,5,1,Prize: Cutest thing.,Prize,Joe Lycett,4,0,0,0
4,5,1,Prize: Cutest thing.,Prize,Lolly Adefope,5,0,0,0
4,5,1,Prize: Cutest thing.,Prize,Mel Giedroyc,2,0,0,0
4,5,1,Prize: Cutest thing.,Prize,Noel Fielding,3,0,0,0
4,5,2,Slide the furthest.,Normal,Hugh Dennis,4,0,0,1
4,5,2,Slide the furthest.,Normal,Joe Lycett,2,0,0,0
4,5,2,Slide the furthest.,Normal,Lolly Adefope,1,0,0,0
4,5,2,Slide the furthest.,Normal,Mel Giedroyc,5,0,0,0
4,5,2,Slide the furthest.,Normal,Noel Fielding,3,0,0,0
4,5,3,"Maintaining constant eye contact and making continuous small talk with this Swedish person, put on the wetsuit, flippers, face mask and snorkel. Your head may not leave the Swedish person's frame at any point. You may not move the laptop from its current position.",Normal,Hugh Dennis,3,0,0,1
4,5,3,"Maintaining constant eye contact and making continuous small talk with this Swedish person, put on the wetsuit, flippers, face mask and snorkel. Your head may not leave the Swedish person's frame at any point. You may not move the laptop from its current position.",Normal,Joe Lycett,4,0,0,0
4,5,3,"Maintaining constant eye contact and making continuous small talk with this Swedish person, put on the wetsuit, flippers, face mask and snorkel. Your head may not leave the Swedish person's frame at any point. You may not move the laptop from its current position.",Normal,Lolly Adefope,5,0,0,0
4,5,3,"Maintaining constant eye contact and making continuous small talk with this Swedish person, put on the wetsuit, flippers, face mask and snorkel. Your head may not leave the Swedish person's frame at any point. You may not move the laptop from its current position.",Normal,Mel Giedroyc,2,0,0,0
4,5,3,"Maintaining constant eye contact and making continuous small talk with this Swedish person, put on the wetsuit, flippers, face mask and snorkel. Your head may not leave the Swedish person's frame at any point. You may not move the laptop from its current position.",Normal,Noel Fielding,0,1,0,0
4,5,4,Bonus: Whoever puts the wetsuit on best.,Normal,Hugh Dennis,0,0,0,1
4,5,4,Bonus: Whoever puts the wetsuit on best.,Normal,Joe Lycett,1,0,0,0
4,5,4,Bonus: Whoever puts the wetsuit on best.,Normal,Lolly Adefope,0,0,0,0
4,5,4,Bonus: Whoever puts the wetsuit on best.,Normal,Mel Giedroyc,0,0,0,0
4,5,4,Bonus: Whoever puts the wetsuit on best.,Normal,Noel Fielding,0,0,0,0
4,5,5,Bonus: Best small talk.,Normal,Hugh Dennis,0,0,0,1
4,5,5,Bonus: Best small talk.,Normal,Joe Lycett,0,0,0,0
4,5,5,Bonus: Best small talk.,Normal,Lolly Adefope,0,0,0,0
4,5,5,Bonus: Best small talk.,Normal,Mel Giedroyc,0,0,0,0
4,5,5,Bonus: Best small talk.,Normal,Noel Fielding,1,0,0,0
4,5,6,Team: Put as many different things in the bathtub.,Team,Hugh Dennis,5,0,0,1
4,5,6,Team: Put as many different things in the bathtub.,Team,Joe Lycett,0,0,0,0
4,5,6,Team: Put as many different things in the bathtub.,Team,Lolly Adefope,0,0,0,0
4,5,6,Team: Put as many different things in the bathtub.,Team,Mel Giedroyc,0,0,0,0
4,5,6,Team: Put as many different things in the bathtub.,Team,Noel Fielding,0,0,0,0
4,5,7,Team: Seal the top of this bathtub with cling film.,Team,Hugh Dennis,0,0,0,1
4,5,7,Team: Seal the top of this bathtub with cling film.,Team,Joe Lycett,0,0,0,0
4,5,7,Team: Seal the top of this bathtub with cling film.,Team,Lolly Adefope,0,0,0,0
4,5,7,Team: Seal the top of this bathtub with cling film.,Team,Mel Giedroyc,5,0,0,0
4,5,7,Team: Seal the top of this bathtub with cling film.,Team,Noel Fielding,0,0,0,0
4,5,8,Team: Fill the bathtub with water.,Team,Hugh Dennis,0,0,0,1
4,5,8,Team: Fill the bathtub with water.,Team,Joe Lycett,0,0,0,0
4,5,8,Team: Fill the bathtub with water.,Team,Lolly Adefope,0,0,0,0
4,5,8,Team: Fill the bathtub with water.,Team,Mel Giedroyc,0,0,0,0
4,5,8,Team: Fill the bathtub with water.,Team,Noel Fielding,0,0,0,0
4,5,9,Throw something into something.,Normal,Hugh Dennis,3,0,0,1
4,5,9,Throw something into something.,Normal,Joe Lycett,2,0,0,0
4,5,9,Throw something into something.,Normal,Lolly Adefope,1,0,0,0
4,5,9,Throw something into something.,Normal,Mel Giedroyc,5,0,0,0
4,5,9,Throw something into something.,Normal,Noel Fielding,4,0,0,0
4,5,10,Live: Make the longest continuous noise.,Live,Hugh Dennis,4,0,0,1
4,5,10,Live: Make the longest continuous noise.,Live,Joe Lycett,5,0,0,0
4,5,10,Live: Make the longest continuous noise.,Live,Lolly Adefope,3,0,0,0
4,5,10,Live: Make the longest continuous noise.,Live,Mel Giedroyc,2,0,0,0
4,5,10,Live: Make the longest continuous noise.,Live,Noel Fielding,1,0,0,0
4,5,11,Bonus: Best noise. | Eat as many peas as possible.,Normal,Hugh Dennis,1,0,0,1
4,5,11,Bonus: Best noise. | Eat as many peas as possible.,Normal,Joe Lycett,0,0,0,0
4,5,11,Bonus: Best noise. | Eat as many peas as possible.,Normal,Lolly Adefope,0,0,0,0
4,5,11,Bonus: Best noise. | Eat as many peas as possible.,Normal,Mel Giedroyc,0,0,0,0
4,5,11,Bonus: Best noise. | Eat as many peas as possible.,Normal,Noel Fielding,0,0,0,0
4,6,1,Prize: Best sheep-related item.,Prize,Hugh Dennis,2,0,0,0
4,6,1,Prize: Best sheep-related item.,Prize,Joe Lycett,3,0,0,0
4,6,1,Prize: Best sheep-related item.,Prize,Lolly Adefope,5,0,0,1
4,6,1,Prize: Best sheep-related item.,Prize,Mel Giedroyc,1,0,0,0
4,6,1,Prize: Best sheep-related item.,Prize,Noel Fielding,3,0,0,0
4,6,2,Get this camel through the smallest gap.,Normal,Hugh Dennis,4,0,0,0
4,6,2,Get this camel through the smallest gap.,Normal,Joe Lycett,2,0,0,0
4,6,2,Get this camel through the smallest gap.,Normal,Lolly Adefope,3,0,0,1
4,6,2,Get this camel through the smallest gap.,Normal,Mel Giedroyc,5,0,0,0
4,6,2,Get this camel through the smallest gap.,Normal,Noel Fielding,1,0,0,0
4,6,3,Score the best goal with this plastic bag. You may not handbag the bag.,Normal,Hugh Dennis,5,0,0,0
4,6,3,Score the best goal with this plastic bag. You may not handbag the bag.,Normal,Joe Lycett,2,0,0,0
4,6,3,Score the best goal with this plastic bag. You may not handbag the bag.,Normal,Lolly Adefope,3,0,0,1
4,6,3,Score the best goal with this plastic bag. You may not handbag the bag.,Normal,Mel Giedroyc,4,0,0,0
4,6,3,Score the best goal with this plastic bag. You may not handbag the bag.,Normal,Noel Fielding,1,0,0,0
4,6,4,Bonus: Best goal.,Normal,Hugh Dennis,0,0,0,0
4,6,4,Bonus: Best goal.,Normal,Joe Lycett,1,0,0,0
4,6,4,Bonus: Best goal.,Normal,Lolly Adefope,0,0,0,1
4,6,4,Bonus: Best goal.,Normal,Mel Giedroyc,0,0,0,0
4,6,4,Bonus: Best goal.,Normal,Noel Fielding,0,0,0,0
4,6,5,Hide this ball from Alex. You may not damage the ball. | Inflate the ball. | Score a goal in the garden with the ball.,Normal,Hugh Dennis,0,0,0,0
4,6,5,Hide this ball from Alex. You may not damage the ball. | Inflate the ball. | Score a goal in the garden with the ball.,Normal,Joe Lycett,0,0,0,0
4,6,5,Hide this ball from Alex. You may not damage the ball. | Inflate the ball. | Score a goal in the garden with the ball.,Normal,Lolly Adefope,0,0,0,1
4,6,5,Hide this ball from Alex. You may not damage the ball. | Inflate the ball. | Score a goal in the garden with the ball.,Normal,Mel Giedroyc,0,0,0,0
4,6,5,Hide this ball from Alex. You may not damage the ball. | Inflate the ball. | Score a goal in the garden with the ball.,Normal,Noel Fielding,0,0,0,0
4,6,6,Work out what's in the sleeping bag. You may not look inside the sleeping bag. You may not take items out of the sleeping bag.,Normal,Hugh Dennis,0,1,0,0
4,6,6,Work out what's in the sleeping bag. You may not look inside the sleeping bag. You may not take items out of the sleeping bag.,Normal,Joe Lycett,5,0,0,0
4,6,6,Work out what's in the sleeping bag. You may not look inside the sleeping bag. You may not take items out of the sleeping bag.,Normal,Lolly Adefope,5,0,0,1
4,6,6,Work out what's in the sleeping bag. You may not look inside the sleeping bag. You may not take items out of the sleeping bag.,Normal,Mel Giedroyc,2,0,0,0
4,6,6,Work out what's in the sleeping bag. You may not look inside the sleeping bag. You may not take items out of the sleeping bag.,Normal,Noel Fielding,5,0,0,0
4,6,7,Live: Prepare these items for the second part of the task. | Live: Hold all your items in one hand. Then put your other hand on your head.,Live,Hugh Dennis,2,0,0,0
4,6,7,Live: Prepare these items for the second part of the task. | Live: Hold all your items in one hand. Then put your other hand on your head.,Live,Joe Lycett,1,0,0,0
4,6,7,Live: Prepare these items for the second part of the task. | Live: Hold all your items in one hand. Then put your other hand on your head.,Live,Lolly Adefope,3,0,0,1
4,6,7,Live: Prepare these items for the second part of the task. | Live: Hold all your items in one hand. Then put your other hand on your head.,Live,Mel Giedroyc,4,0,0,0
4,6,7,Live: Prepare these items for the second part of the task. | Live: Hold all your items in one hand. Then put your other hand on your head.,Live,Noel Fielding,5,0,0,0
4,7,1,Prize: Best chair.,Prize,Hugh Dennis,5,0,0,1
4,7,1,Prize: Best chair.,Prize,Joe Lycett,2,0,0,0
4,7,1,Prize: Best chair.,Prize,Lolly Adefope,3,0,0,0
4,7,1,Prize: Best chair.,Prize,Mel Giedroyc,1,0,0,0
4,7,1,Prize: Best chair.,Prize,Noel Fielding,4,0,0,0
4,7,2,"Stand on one leg then continue reading. Your raised foot must not touch the ground until the task is complete. Bring Alex his dinner. Every time your raised foot touches the ground, you must eat a slice of Alex's dinner.",Normal,Hugh Dennis,4,0,0,1
4,7,2,"Stand on one leg then continue reading. Your raised foot must not touch the ground until the task is complete. Bring Alex his dinner. Every time your raised foot touches the ground, you must eat a slice of Alex's dinner.",Normal,Joe Lycett,3,0,0,0
4,7,2,"Stand on one leg then continue reading. Your raised foot must not touch the ground until the task is complete. Bring Alex his dinner. Every time your raised foot touches the ground, you must eat a slice of Alex's dinner.",Normal,Lolly Adefope,1,0,0,0
4,7,2,"Stand on one leg then continue reading. Your raised foot must not touch the ground until the task is complete. Bring Alex his dinner. Every time your raised foot touches the ground, you must eat a slice of Alex's dinner.",Normal,Mel Giedroyc,2,0,0,0
4,7,2,"Stand on one leg then continue reading. Your raised foot must not touch the ground until the task is complete. Bring Alex his dinner. Every time your raised foot touches the ground, you must eat a slice of Alex's dinner.",Normal,Noel Fielding,5,0,0,0
4,7,3,Hide from Alex. Alex is in the caravan.,Normal,Hugh Dennis,3,0,0,1
4,7,3,Hide from Alex. Alex is in the caravan.,Normal,Joe Lycett,3,0,0,0
4,7,3,Hide from Alex. Alex is in the caravan.,Normal,Lolly Adefope,5,0,0,0
4,7,3,Hide from Alex. Alex is in the caravan.,Normal,Mel Giedroyc,4,0,0,0
4,7,3,Hide from Alex. Alex is in the caravan.,Normal,Noel Fielding,1,0,0,0
4,7,4,"Team: Get this wheelie bin across the finish line. One of you must be in the bin at all times. The other person must be blindfolded at all times. The wheelie bin rider must direct the wheelie bin drivers to complete the course and the five challenges with. Also, no-one can speak English.",Team,Hugh Dennis,2,0,0,1
4,7,4,"Team: Get this wheelie bin across the finish line. One of you must be in the bin at all times. The other person must be blindfolded at all times. The wheelie bin rider must direct the wheelie bin drivers to complete the course and the five challenges with. Also, no-one can speak English.",Team,Joe Lycett,3,0,0,0
4,7,4,"Team: Get this wheelie bin across the finish line. One of you must be in the bin at all times. The other person must be blindfolded at all times. The wheelie bin rider must direct the wheelie bin drivers to complete the course and the five challenges with. Also, no-one can speak English.",Team,Lolly Adefope,3,0,0,0
4,7,4,"Team: Get this wheelie bin across the finish line. One of you must be in the bin at all times. The other person must be blindfolded at all times. The wheelie bin rider must direct the wheelie bin drivers to complete the course and the five challenges with. Also, no-one can speak English.",Team,Mel Giedroyc,2,0,0,0
4,7,4,"Team: Get this wheelie bin across the finish line. One of you must be in the bin at all times. The other person must be blindfolded at all times. The wheelie bin rider must direct the wheelie bin drivers to complete the course and the five challenges with. Also, no-one can speak English.",Team,Noel Fielding,3,0,0,0
4,7,5,Unveil a new handshake.,Normal,Hugh Dennis,3,0,0,1
4,7,5,Unveil a new handshake.,Normal,Joe Lycett,5,0,0,0
4,7,5,Unveil a new handshake.,Normal,Lolly Adefope,3,0,0,0
4,7,5,Unveil a new handshake.,Normal,Mel Giedroyc,3,0,0,0
4,7,5,Unveil a new handshake.,Normal,Noel Fielding,4,0,0,0
4,7,6,Live: Make the best and biggest all-round banana out of these bananas. | Open a jar. The jar may not leave the lab.,Live,Hugh Dennis,3,0,0,1
4,7,6,Live: Make the best and biggest all-round banana out of these bananas. | Open a jar. The jar may not leave the lab.,Live,Joe Lycett,4,0,0,0
4,7,6,Live: Make the best and biggest all-round banana out of these bananas. | Open a jar. The jar may not leave the lab.,Live,Lolly Adefope,5,0,0,0
4,7,6,Live: Make the best and biggest all-round banana out of these bananas. | Open a jar. The jar may not leave the lab.,Live,Mel Giedroyc,1,0,0,0
4,7,6,Live: Make the best and biggest all-round banana out of these bananas. | Open a jar. The jar may not leave the lab.,Live,Noel Fielding,2,0,0,0
4,8,1,Prize: Most cash.,Prize,Hugh Dennis,1,0,0,0
4,8,1,Prize: Most cash.,Prize,Joe Lycett,4,0,0,0
4,8,1,Prize: Most cash.,Prize,Lolly Adefope,5,0,0,0
4,8,1,Prize: Most cash.,Prize,Mel Giedroyc,2,0,0,1
4,8,1,Prize: Most cash.,Prize,Noel Fielding,3,0,0,0
4,8,2,Make the most exotic sandwich.,Normal,Hugh Dennis,1,0,0,0
4,8,2,Make the most exotic sandwich.,Normal,Joe Lycett,4,0,0,0
4,8,2,Make the most exotic sandwich.,Normal,Lolly Adefope,3,0,0,0
4,8,2,Make the most exotic sandwich.,Normal,Mel Giedroyc,2,0,0,1
4,8,2,Make the most exotic sandwich.,Normal,Noel Fielding,5,0,0,0
4,8,3,Eat your exotic sandwich.,Normal,Hugh Dennis,5,0,0,0
4,8,3,Eat your exotic sandwich.,Normal,Joe Lycett,2,0,0,0
4,8,3,Eat your exotic sandwich.,Normal,Lolly Adefope,3,0,0,0
4,8,3,Eat your exotic sandwich.,Normal,Mel Giedroyc,4,0,0,1
4,8,3,Eat your exotic sandwich.,Normal,Noel Fielding,1,0,0,0
4,8,4,Bonus for eating Alex's beard,Normal,Hugh Dennis,0,0,0,0
4,8,4,Bonus for eating Alex's beard,Normal,Joe Lycett,0,0,0,0
4,8,4,Bonus for eating Alex's beard,Normal,Lolly Adefope,0,0,0,0
4,8,4,Bonus for eating Alex's beard,Normal,Mel Giedroyc,0,0,0,1
4,8,4,Bonus for eating Alex's beard,Normal,Noel Fielding,1,0,0,0
4,8,5,Bonus for snorting an M&M,Normal,Hugh Dennis,0,0,0,0
4,8,5,Bonus for snorting an M&M,Normal,Joe Lycett,0,0,0,0
4,8,5,Bonus for snorting an M&M,Normal,Lolly Adefope,0,0,0,0
4,8,5,Bonus for snorting an M&M,Normal,Mel Giedroyc,1,0,0,1
4,8,5,Bonus for snorting an M&M,Normal,Noel Fielding,0,0,0,0
4,8,6,Strike one of these objects the furthest distance with one of the other objects. You have three strikes with your chosen object.,Normal,Hugh Dennis,4,0,0,0
4,8,6,Strike one of these objects the furthest distance with one of the other objects. You have three strikes with your chosen object.,Normal,Joe Lycett,3,0,0,0
4,8,6,Strike one of these objects the furthest distance with one of the other objects. You have three strikes with your chosen object.,Normal,Lolly Adefope,1,0,0,0
4,8,6,Strike one of these objects the furthest distance with one of the other objects. You have three strikes with your chosen object.,Normal,Mel Giedroyc,2,0,0,1
4,8,6,Strike one of these objects the furthest distance with one of the other objects. You have three strikes with your chosen object.,Normal,Noel Fielding,5,0,0,0
4,8,7,Do something surprising with this rubber duck.,Normal,Hugh Dennis,2,0,0,0
4,8,7,Do something surprising with this rubber duck.,Normal,Joe Lycett,3,0,0,0
4,8,7,Do something surprising with this rubber duck.,Normal,Lolly Adefope,1,0,0,0
4,8,7,Do something surprising with this rubber duck.,Normal,Mel Giedroyc,5,0,0,1
4,8,7,Do something surprising with this rubber duck.,Normal,Noel Fielding,4,0,0,0
4,8,8,Live: Draw the median duck. The median duck alone wins.,Live,Hugh Dennis,0,0,0,0
4,8,8,Live: Draw the median duck. The median duck alone wins.,Live,Joe Lycett,0,0,0,0
4,8,8,Live: Draw the median duck. The median duck alone wins.,Live,Lolly Adefope,0,0,0,0
4,8,8,Live: Draw the median duck. The median duck alone wins.,Live,Mel Giedroyc,5,0,0,1
4,8,8,Live: Draw the median duck. The median duck alone wins.,Live,Noel Fielding,0,0,0,0
4,8,9,Bonus: Best duck picture.,Normal,Hugh Dennis,0,0,0,0
4,8,9,Bonus: Best duck picture.,Normal,Joe Lycett,0,0,0,0
4,8,9,Bonus: Best duck picture.,Normal,Lolly Adefope,0,0,0,0
4,8,9,Bonus: Best duck picture.,Normal,Mel Giedroyc,0,0,0,1
4,8,9,Bonus: Best duck picture.,Normal,Noel Fielding,1,0,0,0
5,1,1,Prize: Something that makes the most excellent noise.,Prize,Aisling Bea,3,0,0,0
5,1,1,Prize: Something that makes the most excellent noise.,Prize,Bob Mortimer,2,0,0,1
5,1,1,Prize: Something that makes the most excellent noise.,Prize,Mark Watson,5,0,0,0
5,1,1,Prize: Something that makes the most excellent noise.,Prize,Nish Kumar,1,0,0,0
5,1,1,Prize: Something that makes the most excellent noise.,Prize,Sally Phillips,4,0,0,0
5,1,2,Give Alex a special cuddle.,Normal,Aisling Bea,3,0,0,0
5,1,2,Give Alex a special cuddle.,Normal,Bob Mortimer,5,0,0,1
5,1,2,Give Alex a special cuddle.,Normal,Mark Watson,2,0,0,0
5,1,2,Give Alex a special cuddle.,Normal,Nish Kumar,2,0,0,0
5,1,2,Give Alex a special cuddle.,Normal,Sally Phillips,4,0,0,0
5,1,3,Get Alex onto dry land as elegantly as possible. Alex must remain dry.,Normal,Aisling Bea,3,0,0,0
5,1,3,Get Alex onto dry land as elegantly as possible. Alex must remain dry.,Normal,Bob Mortimer,2,0,0,1
5,1,3,Get Alex onto dry land as elegantly as possible. Alex must remain dry.,Normal,Mark Watson,1,0,0,0
5,1,3,Get Alex onto dry land as elegantly as possible. Alex must remain dry.,Normal,Nish Kumar,5,0,0,0
5,1,3,Get Alex onto dry land as elegantly as possible. Alex must remain dry.,Normal,Sally Phillips,4,0,0,0
5,1,4,Get the basketball through the hoop. You may not touch the basketball with your hands. You may not wear gloves or anything that could reasonably be construed to be gloves.,Normal,Aisling Bea,3,0,0,0
5,1,4,Get the basketball through the hoop. You may not touch the basketball with your hands. You may not wear gloves or anything that could reasonably be construed to be gloves.,Normal,Bob Mortimer,5,0,0,1
5,1,4,Get the basketball through the hoop. You may not touch the basketball with your hands. You may not wear gloves or anything that could reasonably be construed to be gloves.,Normal,Mark Watson,4,0,0,0
5,1,4,Get the basketball through the hoop. You may not touch the basketball with your hands. You may not wear gloves or anything that could reasonably be construed to be gloves.,Normal,Nish Kumar,2,0,0,0
5,1,4,Get the basketball through the hoop. You may not touch the basketball with your hands. You may not wear gloves or anything that could reasonably be construed to be gloves.,Normal,Sally Phillips,0,1,0,0
5,1,5,Live: Get one item of fruit into the fishbowl. You may not leave or move your chair. You may not throw your fruit.,Live,Aisling Bea,1,0,0,0
5,1,5,Live: Get one item of fruit into the fishbowl. You may not leave or move your chair. You may not throw your fruit.,Live,Bob Mortimer,4,0,0,1
5,1,5,Live: Get one item of fruit into the fishbowl. You may not leave or move your chair. You may not throw your fruit.,Live,Mark Watson,5,0,0,0
5,1,5,Live: Get one item of fruit into the fishbowl. You may not leave or move your chair. You may not throw your fruit.,Live,Nish Kumar,3,0,0,0
5,1,5,Live: Get one item of fruit into the fishbowl. You may not leave or move your chair. You may not throw your fruit.,Live,Sally Phillips,2,0,0,0
5,2,1,Prize: Hippest item of headwear.,Prize,Aisling Bea,3,0,0,0
5,2,1,Prize: Hippest item of headwear.,Prize,Bob Mortimer,4,0,0,0
5,2,1,Prize: Hippest item of headwear.,Prize,Mark Watson,2,0,0,0
5,2,1,Prize: Hippest item of headwear.,Prize,Nish Kumar,1,0,0,0
5,2,1,Prize: Hippest item of headwear.,Prize,Sally Phillips,5,0,0,1
5,2,2,Make the best coconut flinging machine.,Normal,Aisling Bea,2,0,0,0
5,2,2,Make the best coconut flinging machine.,Normal,Bob Mortimer,5,0,0,0
5,2,2,Make the best coconut flinging machine.,Normal,Mark Watson,2,0,0,0
5,2,2,Make the best coconut flinging machine.,Normal,Nish Kumar,3,0,0,0
5,2,2,Make the best coconut flinging machine.,Normal,Sally Phillips,4,0,0,1
5,2,3,Paint the best rainbow scene. You may not open the lab door until the task is complete.,Normal,Aisling Bea,5,0,0,0
5,2,3,Paint the best rainbow scene. You may not open the lab door until the task is complete.,Normal,Bob Mortimer,1,0,0,0
5,2,3,Paint the best rainbow scene. You may not open the lab door until the task is complete.,Normal,Mark Watson,3,0,0,0
5,2,3,Paint the best rainbow scene. You may not open the lab door until the task is complete.,Normal,Nish Kumar,2,0,0,0
5,2,3,Paint the best rainbow scene. You may not open the lab door until the task is complete.,Normal,Sally Phillips,4,0,0,1
5,2,4,There is a loaf of bread in the lab. Slice the loaf as neatly as possible. You may use one tool only and that tool must be found in this caravan.,Normal,Aisling Bea,0,1,0,0
5,2,4,There is a loaf of bread in the lab. Slice the loaf as neatly as possible. You may use one tool only and that tool must be found in this caravan.,Normal,Bob Mortimer,0,1,0,0
5,2,4,There is a loaf of bread in the lab. Slice the loaf as neatly as possible. You may use one tool only and that tool must be found in this caravan.,Normal,Mark Watson,4,0,0,0
5,2,4,There is a loaf of bread in the lab. Slice the loaf as neatly as possible. You may use one tool only and that tool must be found in this caravan.,Normal,Nish Kumar,5,0,0,0
5,2,4,There is a loaf of bread in the lab. Slice the loaf as neatly as possible. You may use one tool only and that tool must be found in this caravan.,Normal,Sally Phillips,0,1,0,1
5,2,5,Team: Achieve the greatest splat. One teammate must be splatted for the splat to be valid.,Team,Aisling Bea,2,0,0,0
5,2,5,Team: Achieve the greatest splat. One teammate must be splatted for the splat to be valid.,Team,Bob Mortimer,2,0,0,0
5,2,5,Team: Achieve the greatest splat. One teammate must be splatted for the splat to be valid.,Team,Mark Watson,3,0,0,0
5,2,5,Team: Achieve the greatest splat. One teammate must be splatted for the splat to be valid.,Team,Nish Kumar,3,0,0,0
5,2,5,Team: Achieve the greatest splat. One teammate must be splatted for the splat to be valid.,Team,Sally Phillips,2,0,0,1
5,2,6,"Live: With your face placed firmly in your hole at all times, paint the most recognisable animal, vegetable or mineral. You must incorporate your face in the picture.",Live,Aisling Bea,5,0,0,0
5,2,6,"Live: With your face placed firmly in your hole at all times, paint the most recognisable animal, vegetable or mineral. You must incorporate your face in the picture.",Live,Bob Mortimer,4,0,0,0
5,2,6,"Live: With your face placed firmly in your hole at all times, paint the most recognisable animal, vegetable or mineral. You must incorporate your face in the picture.",Live,Mark Watson,5,0,0,0
5,2,6,"Live: With your face placed firmly in your hole at all times, paint the most recognisable animal, vegetable or mineral. You must incorporate your face in the picture.",Live,Nish Kumar,5,0,0,0
5,2,6,"Live: With your face placed firmly in your hole at all times, paint the most recognisable animal, vegetable or mineral. You must incorporate your face in the picture.",Live,Sally Phillips,5,0,0,1
5,3,1,Prize: The thing they're actually proudest of.,Prize,Aisling Bea,3,0,0,0
5,3,1,Prize: The thing they're actually proudest of.,Prize,Bob Mortimer,5,0,0,1
5,3,1,Prize: The thing they're actually proudest of.,Prize,Mark Watson,2,0,0,0
5,3,1,Prize: The thing they're actually proudest of.,Prize,Nish Kumar,1,0,0,0
5,3,1,Prize: The thing they're actually proudest of.,Prize,Sally Phillips,4,0,0,0
5,3,2,Remove the table tennis ball from the pipe. The pipe must not move.,Normal,Aisling Bea,0,1,0,0
5,3,2,Remove the table tennis ball from the pipe. The pipe must not move.,Normal,Bob Mortimer,5,0,0,1
5,3,2,Remove the table tennis ball from the pipe. The pipe must not move.,Normal,Mark Watson,3,0,0,0
5,3,2,Remove the table tennis ball from the pipe. The pipe must not move.,Normal,Nish Kumar,2,0,0,0
5,3,2,Remove the table tennis ball from the pipe. The pipe must not move.,Normal,Sally Phillips,4,0,0,0
5,3,3,Make this coconut look like a businessman.,Normal,Aisling Bea,3,0,0,0
5,3,3,Make this coconut look like a businessman.,Normal,Bob Mortimer,1,0,0,1
5,3,3,Make this coconut look like a businessman.,Normal,Mark Watson,4,0,0,0
5,3,3,Make this coconut look like a businessman.,Normal,Nish Kumar,5,0,0,0
5,3,3,Make this coconut look like a businessman.,Normal,Sally Phillips,2,0,0,0
5,3,4,"Items: Jelly, Weetabix, Twiglet Eat one item. | Balance one item on top of the red pole. The item must stay balanced until the entire task is complete. You may not take the pole out of the ground. | Standing behind this rope, throw one item into the bucket. You may retrieve the item if it misses, but you must be stood behind the rope on every throw. You may not move the rope or the bucket.",Normal,Aisling Bea,2,0,0,0
5,3,4,"Items: Jelly, Weetabix, Twiglet Eat one item. | Balance one item on top of the red pole. The item must stay balanced until the entire task is complete. You may not take the pole out of the ground. | Standing behind this rope, throw one item into the bucket. You may retrieve the item if it misses, but you must be stood behind the rope on every throw. You may not move the rope or the bucket.",Normal,Bob Mortimer,4,0,0,1
5,3,4,"Items: Jelly, Weetabix, Twiglet Eat one item. | Balance one item on top of the red pole. The item must stay balanced until the entire task is complete. You may not take the pole out of the ground. | Standing behind this rope, throw one item into the bucket. You may retrieve the item if it misses, but you must be stood behind the rope on every throw. You may not move the rope or the bucket.",Normal,Mark Watson,3,0,0,0
5,3,4,"Items: Jelly, Weetabix, Twiglet Eat one item. | Balance one item on top of the red pole. The item must stay balanced until the entire task is complete. You may not take the pole out of the ground. | Standing behind this rope, throw one item into the bucket. You may retrieve the item if it misses, but you must be stood behind the rope on every throw. You may not move the rope or the bucket.",Normal,Nish Kumar,0,0,0,0
5,3,4,"Items: Jelly, Weetabix, Twiglet Eat one item. | Balance one item on top of the red pole. The item must stay balanced until the entire task is complete. You may not take the pole out of the ground. | Standing behind this rope, throw one item into the bucket. You may retrieve the item if it misses, but you must be stood behind the rope on every throw. You may not move the rope or the bucket.",Normal,Sally Phillips,5,0,0,0
5,3,5,"Live: Play table tennis with words. When the ball is within striking distance, you must say a word while pretending to hit the ball with your bat. That word must begin with the last letter of the previous word. If you fail to say a word within the time it would take you to hit a ball, you are out. After saying a word, you must run to the back of the opposite queue.",Live,Aisling Bea,5,0,0,0
5,3,5,"Live: Play table tennis with words. When the ball is within striking distance, you must say a word while pretending to hit the ball with your bat. That word must begin with the last letter of the previous word. If you fail to say a word within the time it would take you to hit a ball, you are out. After saying a word, you must run to the back of the opposite queue.",Live,Bob Mortimer,2,0,0,1
5,3,5,"Live: Play table tennis with words. When the ball is within striking distance, you must say a word while pretending to hit the ball with your bat. That word must begin with the last letter of the previous word. If you fail to say a word within the time it would take you to hit a ball, you are out. After saying a word, you must run to the back of the opposite queue.",Live,Mark Watson,3,0,0,0
5,3,5,"Live: Play table tennis with words. When the ball is within striking distance, you must say a word while pretending to hit the ball with your bat. That word must begin with the last letter of the previous word. If you fail to say a word within the time it would take you to hit a ball, you are out. After saying a word, you must run to the back of the opposite queue.",Live,Nish Kumar,4,0,0,0
5,3,5,"Live: Play table tennis with words. When the ball is within striking distance, you must say a word while pretending to hit the ball with your bat. That word must begin with the last letter of the previous word. If you fail to say a word within the time it would take you to hit a ball, you are out. After saying a word, you must run to the back of the opposite queue.",Live,Sally Phillips,1,0,0,0
5,4,1,Prize: Most extraordinary souvenir.,Prize,Aisling Bea,5,0,0,1
5,4,1,Prize: Most extraordinary souvenir.,Prize,Bob Mortimer,1,0,0,0
5,4,1,Prize: Most extraordinary souvenir.,Prize,Mark Watson,2,0,0,0
5,4,1,Prize: Most extraordinary souvenir.,Prize,Nish Kumar,4,0,0,0
5,4,1,Prize: Most extraordinary souvenir.,Prize,Sally Phillips,3,0,0,0
5,4,2,Make Marmite.,Normal,Aisling Bea,3,0,0,1
5,4,2,Make Marmite.,Normal,Bob Mortimer,5,0,0,0
5,4,2,Make Marmite.,Normal,Mark Watson,4,0,0,0
5,4,2,Make Marmite.,Normal,Nish Kumar,0,1,0,0
5,4,2,Make Marmite.,Normal,Sally Phillips,2,0,0,0
5,4,3,Team: Do something remarkable synchronised.,Team,Aisling Bea,3,0,0,1
5,4,3,Team: Do something remarkable synchronised.,Team,Bob Mortimer,3,0,0,0
5,4,3,Team: Do something remarkable synchronised.,Team,Mark Watson,2,0,0,0
5,4,3,Team: Do something remarkable synchronised.,Team,Nish Kumar,2,0,0,0
5,4,3,Team: Do something remarkable synchronised.,Team,Sally Phillips,3,0,0,0
5,4,4,"Wearing this blindfold, blow up this balloon so that its circumference is the same as the length of a standard cucumber.",Normal,Aisling Bea,3,0,0,1
5,4,4,"Wearing this blindfold, blow up this balloon so that its circumference is the same as the length of a standard cucumber.",Normal,Bob Mortimer,4,0,0,0
5,4,4,"Wearing this blindfold, blow up this balloon so that its circumference is the same as the length of a standard cucumber.",Normal,Mark Watson,5,0,0,0
5,4,4,"Wearing this blindfold, blow up this balloon so that its circumference is the same as the length of a standard cucumber.",Normal,Nish Kumar,1,0,0,0
5,4,4,"Wearing this blindfold, blow up this balloon so that its circumference is the same as the length of a standard cucumber.",Normal,Sally Phillips,2,0,0,0
5,4,5,Spot the difference. Have a look at the scene in front of you and explain exactly what's changed since you put the blindfold on.,Normal,Aisling Bea,5,0,0,1
5,4,5,Spot the difference. Have a look at the scene in front of you and explain exactly what's changed since you put the blindfold on.,Normal,Bob Mortimer,2,0,0,0
5,4,5,Spot the difference. Have a look at the scene in front of you and explain exactly what's changed since you put the blindfold on.,Normal,Mark Watson,3,0,0,0
5,4,5,Spot the difference. Have a look at the scene in front of you and explain exactly what's changed since you put the blindfold on.,Normal,Nish Kumar,3,0,0,0
5,4,5,Spot the difference. Have a look at the scene in front of you and explain exactly what's changed since you put the blindfold on.,Normal,Sally Phillips,2,0,0,0
5,4,6,Sneeze.,Normal,Aisling Bea,0,1,0,1
5,4,6,Sneeze.,Normal,Bob Mortimer,5,0,0,0
5,4,6,Sneeze.,Normal,Mark Watson,4,0,0,0
5,4,6,Sneeze.,Normal,Nish Kumar,0,0,0,0
5,4,6,Sneeze.,Normal,Sally Phillips,0,1,0,0
5,4,7,"Live: Stand on one leg for the longest whilst playing a game of Greg says, Alex says. Your raised foot must remain above the balloon at all times and may not touch any other item. | Back throw a Swede.",Live,Aisling Bea,5,0,0,1
5,4,7,"Live: Stand on one leg for the longest whilst playing a game of Greg says, Alex says. Your raised foot must remain above the balloon at all times and may not touch any other item. | Back throw a Swede.",Live,Bob Mortimer,1,0,0,0
5,4,7,"Live: Stand on one leg for the longest whilst playing a game of Greg says, Alex says. Your raised foot must remain above the balloon at all times and may not touch any other item. | Back throw a Swede.",Live,Mark Watson,4,0,0,0
5,4,7,"Live: Stand on one leg for the longest whilst playing a game of Greg says, Alex says. Your raised foot must remain above the balloon at all times and may not touch any other item. | Back throw a Swede.",Live,Nish Kumar,2,0,0,0
5,4,7,"Live: Stand on one leg for the longest whilst playing a game of Greg says, Alex says. Your raised foot must remain above the balloon at all times and may not touch any other item. | Back throw a Swede.",Live,Sally Phillips,3,0,0,0
5,5,1,Prize: Most high octane item.,Prize,Aisling Bea,3,0,0,0
5,5,1,Prize: Most high octane item.,Prize,Bob Mortimer,4,0,0,0
5,5,1,Prize: Most high octane item.,Prize,Mark Watson,1,0,0,1
5,5,1,Prize: Most high octane item.,Prize,Nish Kumar,2,0,0,0
5,5,1,Prize: Most high octane item.,Prize,Sally Phillips,5,0,0,0
5,5,2,"Put the biggest thing inside this balloon. The balloon must then be successfully inflated, tied, and bigger than your head.",Normal,Aisling Bea,5,0,0,0
5,5,2,"Put the biggest thing inside this balloon. The balloon must then be successfully inflated, tied, and bigger than your head.",Normal,Bob Mortimer,0,0,0,0
5,5,2,"Put the biggest thing inside this balloon. The balloon must then be successfully inflated, tied, and bigger than your head.",Normal,Mark Watson,4,0,0,1
5,5,2,"Put the biggest thing inside this balloon. The balloon must then be successfully inflated, tied, and bigger than your head.",Normal,Nish Kumar,0,0,0,0
5,5,2,"Put the biggest thing inside this balloon. The balloon must then be successfully inflated, tied, and bigger than your head.",Normal,Sally Phillips,0,0,0,0
5,5,3,Generate a watercooler moment involving this watercooler. | Send the Taskmaster an anonymous cheeky text message every single day for the next 5 months.,Normal,Aisling Bea,2,0,0,0
5,5,3,Generate a watercooler moment involving this watercooler. | Send the Taskmaster an anonymous cheeky text message every single day for the next 5 months.,Normal,Bob Mortimer,3,0,0,0
5,5,3,Generate a watercooler moment involving this watercooler. | Send the Taskmaster an anonymous cheeky text message every single day for the next 5 months.,Normal,Mark Watson,1,0,0,1
5,5,3,Generate a watercooler moment involving this watercooler. | Send the Taskmaster an anonymous cheeky text message every single day for the next 5 months.,Normal,Nish Kumar,4,0,0,0
5,5,3,Generate a watercooler moment involving this watercooler. | Send the Taskmaster an anonymous cheeky text message every single day for the next 5 months.,Normal,Sally Phillips,5,0,0,0
5,5,4,"Make the tallest tower of cans on this table. Also, whilst building your tower, you must shake Alex's hand and say you're from a different country once every 10 seconds. Alex will blow his whistle every 10 seconds.",Normal,Aisling Bea,1,0,0,0
5,5,4,"Make the tallest tower of cans on this table. Also, whilst building your tower, you must shake Alex's hand and say you're from a different country once every 10 seconds. Alex will blow his whistle every 10 seconds.",Normal,Bob Mortimer,5,0,0,0
5,5,4,"Make the tallest tower of cans on this table. Also, whilst building your tower, you must shake Alex's hand and say you're from a different country once every 10 seconds. Alex will blow his whistle every 10 seconds.",Normal,Mark Watson,5,0,0,1
5,5,4,"Make the tallest tower of cans on this table. Also, whilst building your tower, you must shake Alex's hand and say you're from a different country once every 10 seconds. Alex will blow his whistle every 10 seconds.",Normal,Nish Kumar,3,0,0,0
5,5,4,"Make the tallest tower of cans on this table. Also, whilst building your tower, you must shake Alex's hand and say you're from a different country once every 10 seconds. Alex will blow his whistle every 10 seconds.",Normal,Sally Phillips,2,0,0,0
5,5,5,Live: Find the Finns. You may each ask one question to one person. You must then write down which number you think is a Finn.,Live,Aisling Bea,4,0,0,0
5,5,5,Live: Find the Finns. You may each ask one question to one person. You must then write down which number you think is a Finn.,Live,Bob Mortimer,2,0,0,0
5,5,5,Live: Find the Finns. You may each ask one question to one person. You must then write down which number you think is a Finn.,Live,Mark Watson,5,0,0,1
5,5,5,Live: Find the Finns. You may each ask one question to one person. You must then write down which number you think is a Finn.,Live,Nish Kumar,4,0,0,0
5,5,5,Live: Find the Finns. You may each ask one question to one person. You must then write down which number you think is a Finn.,Live,Sally Phillips,2,0,0,0
5,6,1,Prize: Best thing they've made themselves.,Prize,Aisling Bea,4,0,0,0
5,6,1,Prize: Best thing they've made themselves.,Prize,Bob Mortimer,5,0,0,1
5,6,1,Prize: Best thing they've made themselves.,Prize,Mark Watson,1,0,0,0
5,6,1,Prize: Best thing they've made themselves.,Prize,Nish Kumar,3,0,0,0
5,6,1,Prize: Best thing they've made themselves.,Prize,Sally Phillips,2,0,0,0
5,6,2,Balance Alex. You may not use any humans to balance Alex.,Normal,Aisling Bea,3,0,0,0
5,6,2,Balance Alex. You may not use any humans to balance Alex.,Normal,Bob Mortimer,2,0,0,1
5,6,2,Balance Alex. You may not use any humans to balance Alex.,Normal,Mark Watson,1,0,0,0
5,6,2,Balance Alex. You may not use any humans to balance Alex.,Normal,Nish Kumar,5,0,0,0
5,6,2,Balance Alex. You may not use any humans to balance Alex.,Normal,Sally Phillips,4,0,0,0
5,6,3,"With this camera strapped to your head, record the most incredible footage.",Normal,Aisling Bea,4,0,0,0
5,6,3,"With this camera strapped to your head, record the most incredible footage.",Normal,Bob Mortimer,4,0,0,1
5,6,3,"With this camera strapped to your head, record the most incredible footage.",Normal,Mark Watson,4,0,0,0
5,6,3,"With this camera strapped to your head, record the most incredible footage.",Normal,Nish Kumar,1,0,0,0
5,6,3,"With this camera strapped to your head, record the most incredible footage.",Normal,Sally Phillips,5,0,0,0
5,6,4,Have your photo taken with this golden pineapple in other esteemed company.,Normal,Aisling Bea,0,0,0,0
5,6,4,Have your photo taken with this golden pineapple in other esteemed company.,Normal,Bob Mortimer,0,0,0,1
5,6,4,Have your photo taken with this golden pineapple in other esteemed company.,Normal,Mark Watson,0,0,0,0
5,6,4,Have your photo taken with this golden pineapple in other esteemed company.,Normal,Nish Kumar,0,0,0,0
5,6,4,Have your photo taken with this golden pineapple in other esteemed company.,Normal,Sally Phillips,0,0,0,0
5,6,5,"Using this flame, light the candle in the caravan.",Normal,Aisling Bea,1,0,0,0
5,6,5,"Using this flame, light the candle in the caravan.",Normal,Bob Mortimer,5,0,0,1
5,6,5,"Using this flame, light the candle in the caravan.",Normal,Mark Watson,4,0,0,0
5,6,5,"Using this flame, light the candle in the caravan.",Normal,Nish Kumar,2,0,0,0
5,6,5,"Using this flame, light the candle in the caravan.",Normal,Sally Phillips,3,0,0,0
5,6,6,"Bonus: Also, please don't say any words containing any of the letters in the word Taskmaster.",Normal,Aisling Bea,0,0,0,0
5,6,6,"Bonus: Also, please don't say any words containing any of the letters in the word Taskmaster.",Normal,Bob Mortimer,0,0,0,1
5,6,6,"Bonus: Also, please don't say any words containing any of the letters in the word Taskmaster.",Normal,Mark Watson,0,0,0,0
5,6,6,"Bonus: Also, please don't say any words containing any of the letters in the word Taskmaster.",Normal,Nish Kumar,0,0,0,0
5,6,6,"Bonus: Also, please don't say any words containing any of the letters in the word Taskmaster.",Normal,Sally Phillips,0,0,0,0
5,6,7,Live: Make yourself monotone. | Get the most yoghurt near the middle of the target with one kick.,Live,Aisling Bea,5,0,0,0
5,6,7,Live: Make yourself monotone. | Get the most yoghurt near the middle of the target with one kick.,Live,Bob Mortimer,2,0,0,1
5,6,7,Live: Make yourself monotone. | Get the most yoghurt near the middle of the target with one kick.,Live,Mark Watson,3,0,0,0
5,6,7,Live: Make yourself monotone. | Get the most yoghurt near the middle of the target with one kick.,Live,Nish Kumar,1,0,0,0
5,6,7,Live: Make yourself monotone. | Get the most yoghurt near the middle of the target with one kick.,Live,Sally Phillips,4,0,0,0
5,7,1,Prize: Most surprisingly expensive item.,Prize,Aisling Bea,3,0,0,0
5,7,1,Prize: Most surprisingly expensive item.,Prize,Bob Mortimer,3,0,0,1
5,7,1,Prize: Most surprisingly expensive item.,Prize,Mark Watson,5,0,0,0
5,7,1,Prize: Most surprisingly expensive item.,Prize,Nish Kumar,1,0,0,0
5,7,1,Prize: Most surprisingly expensive item.,Prize,Sally Phillips,4,0,0,0
5,7,2,"Wearing that blindfold at all times, travel as far as possible in three minutes. Alex will be at your side at all times because he is a strong, independent, handsome man. On removing the blindfold, you will then have another three minutes to retrace your steps to your starting position.",Normal,Aisling Bea,4,0,0,0
5,7,2,"Wearing that blindfold at all times, travel as far as possible in three minutes. Alex will be at your side at all times because he is a strong, independent, handsome man. On removing the blindfold, you will then have another three minutes to retrace your steps to your starting position.",Normal,Bob Mortimer,5,0,0,1
5,7,2,"Wearing that blindfold at all times, travel as far as possible in three minutes. Alex will be at your side at all times because he is a strong, independent, handsome man. On removing the blindfold, you will then have another three minutes to retrace your steps to your starting position.",Normal,Mark Watson,2,0,0,0
5,7,2,"Wearing that blindfold at all times, travel as far as possible in three minutes. Alex will be at your side at all times because he is a strong, independent, handsome man. On removing the blindfold, you will then have another three minutes to retrace your steps to your starting position.",Normal,Nish Kumar,1,0,0,0
5,7,2,"Wearing that blindfold at all times, travel as far as possible in three minutes. Alex will be at your side at all times because he is a strong, independent, handsome man. On removing the blindfold, you will then have another three minutes to retrace your steps to your starting position.",Normal,Sally Phillips,3,0,0,0
5,7,3,Muster the biggest coconut bobsleigh team. You may only use items from the caravan to secure your coconuts. You'll be disqualified if you use any item used by another contestant.,Team,Aisling Bea,5,0,0,0
5,7,3,Muster the biggest coconut bobsleigh team. You may only use items from the caravan to secure your coconuts. You'll be disqualified if you use any item used by another contestant.,Team,Bob Mortimer,0,1,0,1
5,7,3,Muster the biggest coconut bobsleigh team. You may only use items from the caravan to secure your coconuts. You'll be disqualified if you use any item used by another contestant.,Team,Mark Watson,3,0,0,0
5,7,3,Muster the biggest coconut bobsleigh team. You may only use items from the caravan to secure your coconuts. You'll be disqualified if you use any item used by another contestant.,Team,Nish Kumar,4,0,0,0
5,7,3,Muster the biggest coconut bobsleigh team. You may only use items from the caravan to secure your coconuts. You'll be disqualified if you use any item used by another contestant.,Team,Sally Phillips,0,1,0,0
5,7,4,"Vote for which contestant you think should receive five bonus points. The contestant who receives the most votes will receive five bonus points. You may vote for yourself. If, however, you vote for yourself and fail to receive the most votes, you will lose two points.",Normal,Aisling Bea,0,0,0,0
5,7,4,"Vote for which contestant you think should receive five bonus points. The contestant who receives the most votes will receive five bonus points. You may vote for yourself. If, however, you vote for yourself and fail to receive the most votes, you will lose two points.",Normal,Bob Mortimer,0,0,0,1
5,7,4,"Vote for which contestant you think should receive five bonus points. The contestant who receives the most votes will receive five bonus points. You may vote for yourself. If, however, you vote for yourself and fail to receive the most votes, you will lose two points.",Normal,Mark Watson,-2,0,0,0
5,7,4,"Vote for which contestant you think should receive five bonus points. The contestant who receives the most votes will receive five bonus points. You may vote for yourself. If, however, you vote for yourself and fail to receive the most votes, you will lose two points.",Normal,Nish Kumar,-2,0,0,0
5,7,4,"Vote for which contestant you think should receive five bonus points. The contestant who receives the most votes will receive five bonus points. You may vote for yourself. If, however, you vote for yourself and fail to receive the most votes, you will lose two points.",Normal,Sally Phillips,5,0,0,0
5,7,5,Make a funny little flick-book film. The mat beneath your feet is the paper. The camera above your head will take photos of your paper.,Normal,Aisling Bea,3,0,0,0
5,7,5,Make a funny little flick-book film. The mat beneath your feet is the paper. The camera above your head will take photos of your paper.,Normal,Bob Mortimer,5,0,0,1
5,7,5,Make a funny little flick-book film. The mat beneath your feet is the paper. The camera above your head will take photos of your paper.,Normal,Mark Watson,3,0,0,0
5,7,5,Make a funny little flick-book film. The mat beneath your feet is the paper. The camera above your head will take photos of your paper.,Normal,Nish Kumar,5,0,0,0
5,7,5,Make a funny little flick-book film. The mat beneath your feet is the paper. The camera above your head will take photos of your paper.,Normal,Sally Phillips,3,0,0,0
5,7,6,Live: Send the most things to the Taskmaster. Items must travel via zipline and land on your segment of the Taskmaster's table. You may not move from your current position.,Live,Aisling Bea,2,0,0,0
5,7,6,Live: Send the most things to the Taskmaster. Items must travel via zipline and land on your segment of the Taskmaster's table. You may not move from your current position.,Live,Bob Mortimer,5,0,0,1
5,7,6,Live: Send the most things to the Taskmaster. Items must travel via zipline and land on your segment of the Taskmaster's table. You may not move from your current position.,Live,Mark Watson,4,0,0,0
5,7,6,Live: Send the most things to the Taskmaster. Items must travel via zipline and land on your segment of the Taskmaster's table. You may not move from your current position.,Live,Nish Kumar,3,0,0,0
5,7,6,Live: Send the most things to the Taskmaster. Items must travel via zipline and land on your segment of the Taskmaster's table. You may not move from your current position.,Live,Sally Phillips,1,0,0,0
5,8,1,Prize: Most awkward item for somebody else to take home.,Prize,Aisling Bea,2,0,0,0
5,8,1,Prize: Most awkward item for somebody else to take home.,Prize,Bob Mortimer,1,0,0,0
5,8,1,Prize: Most awkward item for somebody else to take home.,Prize,Mark Watson,5,0,0,0
5,8,1,Prize: Most awkward item for somebody else to take home.,Prize,Nish Kumar,4,0,0,0
5,8,1,Prize: Most awkward item for somebody else to take home.,Prize,Sally Phillips,3,0,0,1
5,8,2,Get this coconut as far from here as possible. You may not touch the ground. You may not step on anything more than once. The coconut may not travel by car.,Normal,Aisling Bea,3,0,0,0
5,8,2,Get this coconut as far from here as possible. You may not touch the ground. You may not step on anything more than once. The coconut may not travel by car.,Normal,Bob Mortimer,4,0,0,0
5,8,2,Get this coconut as far from here as possible. You may not touch the ground. You may not step on anything more than once. The coconut may not travel by car.,Normal,Mark Watson,0,1,0,0
5,8,2,Get this coconut as far from here as possible. You may not touch the ground. You may not step on anything more than once. The coconut may not travel by car.,Normal,Nish Kumar,2,0,0,0
5,8,2,Get this coconut as far from here as possible. You may not touch the ground. You may not step on anything more than once. The coconut may not travel by car.,Normal,Sally Phillips,5,0,0,1
5,8,3,Create the best graph.,Normal,Aisling Bea,3,0,0,0
5,8,3,Create the best graph.,Normal,Bob Mortimer,4,0,0,0
5,8,3,Create the best graph.,Normal,Mark Watson,3,0,0,0
5,8,3,Create the best graph.,Normal,Nish Kumar,5,0,0,0
5,8,3,Create the best graph.,Normal,Sally Phillips,3,0,0,1
5,8,4,Make the most fish puns.,Normal,Aisling Bea,0,0,0,0
5,8,4,Make the most fish puns.,Normal,Bob Mortimer,0,0,0,0
5,8,4,Make the most fish puns.,Normal,Mark Watson,0,0,0,0
5,8,4,Make the most fish puns.,Normal,Nish Kumar,0,0,0,0
5,8,4,Make the most fish puns.,Normal,Sally Phillips,0,0,0,1
5,8,5,Team: Write and perform a song about this woman.,Team,Aisling Bea,2,0,0,0
5,8,5,Team: Write and perform a song about this woman.,Team,Bob Mortimer,2,0,0,0
5,8,5,Team: Write and perform a song about this woman.,Team,Mark Watson,3,0,0,0
5,8,5,Team: Write and perform a song about this woman.,Team,Nish Kumar,3,0,0,0
5,8,5,Team: Write and perform a song about this woman.,Team,Sally Phillips,2,0,0,1
5,8,6,Live: Throw the egg through the hoop and catch it as many times as possible. You may not touch the net or post.,Live,Aisling Bea,0,0,0,0
5,8,6,Live: Throw the egg through the hoop and catch it as many times as possible. You may not touch the net or post.,Live,Bob Mortimer,5,0,0,0
5,8,6,Live: Throw the egg through the hoop and catch it as many times as possible. You may not touch the net or post.,Live,Mark Watson,0,0,0,0
5,8,6,Live: Throw the egg through the hoop and catch it as many times as possible. You may not touch the net or post.,Live,Nish Kumar,0,0,0,0
5,8,6,Live: Throw the egg through the hoop and catch it as many times as possible. You may not touch the net or post.,Live,Sally Phillips,4,0,0,1
6,1,1,Prize: Best liquid.,Prize,Alice Levine,4,0,0,1
6,1,1,Prize: Best liquid.,Prize,Asim Chaudhry,1,0,0,0
6,1,1,Prize: Best liquid.,Prize,Liza Tarbuck,3,0,0,0
6,1,1,Prize: Best liquid.,Prize,Russell Howard,1,0,0,0
6,1,1,Prize: Best liquid.,Prize,Tim Vine,5,0,0,0
6,1,2,"Perform the best stunt, using this wheelbarrow.",Normal,Alice Levine,5,0,0,1
6,1,2,"Perform the best stunt, using this wheelbarrow.",Normal,Asim Chaudhry,1,0,0,0
6,1,2,"Perform the best stunt, using this wheelbarrow.",Normal,Liza Tarbuck,3,0,0,0
6,1,2,"Perform the best stunt, using this wheelbarrow.",Normal,Russell Howard,4,0,0,0
6,1,2,"Perform the best stunt, using this wheelbarrow.",Normal,Tim Vine,2,0,0,0
6,1,3,Make the highest tower using only what's in the bowl. You may wield the knife a maximum of 5 times.,Normal,Alice Levine,4,0,0,1
6,1,3,Make the highest tower using only what's in the bowl. You may wield the knife a maximum of 5 times.,Normal,Asim Chaudhry,1,0,0,0
6,1,3,Make the highest tower using only what's in the bowl. You may wield the knife a maximum of 5 times.,Normal,Liza Tarbuck,3,0,0,0
6,1,3,Make the highest tower using only what's in the bowl. You may wield the knife a maximum of 5 times.,Normal,Russell Howard,5,0,0,0
6,1,3,Make the highest tower using only what's in the bowl. You may wield the knife a maximum of 5 times.,Normal,Tim Vine,2,0,0,0
6,1,4,"Wearing a hat, kiss the portrait of the Taskmaster in the Taskmaster's House. The hat must not come from the grounds of the Taskmaster's house. Closest to 30 minutes wins.",Normal,Alice Levine,5,0,0,1
6,1,4,"Wearing a hat, kiss the portrait of the Taskmaster in the Taskmaster's House. The hat must not come from the grounds of the Taskmaster's house. Closest to 30 minutes wins.",Normal,Asim Chaudhry,1,0,0,0
6,1,4,"Wearing a hat, kiss the portrait of the Taskmaster in the Taskmaster's House. The hat must not come from the grounds of the Taskmaster's house. Closest to 30 minutes wins.",Normal,Liza Tarbuck,3,0,0,0
6,1,4,"Wearing a hat, kiss the portrait of the Taskmaster in the Taskmaster's House. The hat must not come from the grounds of the Taskmaster's house. Closest to 30 minutes wins.",Normal,Russell Howard,4,0,0,0
6,1,4,"Wearing a hat, kiss the portrait of the Taskmaster in the Taskmaster's House. The hat must not come from the grounds of the Taskmaster's house. Closest to 30 minutes wins.",Normal,Tim Vine,2,0,0,0
6,1,5,"Live: Sort the objects under the table in order of size. You must keep your elbows on the table top and your head in your hands at all times. The smallest object should be on your right, the largest on your left, and they must all be in line under your table. Also, there must be no fruit in your line-up. If there is any fruit left under your table, you will be disqualified. | Spin around as many times as possible before kicking the ball at the caravan. Most spins wins.",Live,Alice Levine,0,1,0,1
6,1,5,"Live: Sort the objects under the table in order of size. You must keep your elbows on the table top and your head in your hands at all times. The smallest object should be on your right, the largest on your left, and they must all be in line under your table. Also, there must be no fruit in your line-up. If there is any fruit left under your table, you will be disqualified. | Spin around as many times as possible before kicking the ball at the caravan. Most spins wins.",Live,Asim Chaudhry,4,0,0,0
6,1,5,"Live: Sort the objects under the table in order of size. You must keep your elbows on the table top and your head in your hands at all times. The smallest object should be on your right, the largest on your left, and they must all be in line under your table. Also, there must be no fruit in your line-up. If there is any fruit left under your table, you will be disqualified. | Spin around as many times as possible before kicking the ball at the caravan. Most spins wins.",Live,Liza Tarbuck,5,0,0,0
6,1,5,"Live: Sort the objects under the table in order of size. You must keep your elbows on the table top and your head in your hands at all times. The smallest object should be on your right, the largest on your left, and they must all be in line under your table. Also, there must be no fruit in your line-up. If there is any fruit left under your table, you will be disqualified. | Spin around as many times as possible before kicking the ball at the caravan. Most spins wins.",Live,Russell Howard,4,0,0,0
6,1,5,"Live: Sort the objects under the table in order of size. You must keep your elbows on the table top and your head in your hands at all times. The smallest object should be on your right, the largest on your left, and they must all be in line under your table. Also, there must be no fruit in your line-up. If there is any fruit left under your table, you will be disqualified. | Spin around as many times as possible before kicking the ball at the caravan. Most spins wins.",Live,Tim Vine,0,1,0,0
6,2,1,Prize: Best hairy thing that isn't alive.,Prize,Alice Levine,2,0,0,0
6,2,1,Prize: Best hairy thing that isn't alive.,Prize,Asim Chaudhry,1,0,0,0
6,2,1,Prize: Best hairy thing that isn't alive.,Prize,Liza Tarbuck,4,0,0,1
6,2,1,Prize: Best hairy thing that isn't alive.,Prize,Russell Howard,2,0,0,0
6,2,1,Prize: Best hairy thing that isn't alive.,Prize,Tim Vine,5,0,0,0
6,2,2,"Get the highest score in darts. You can either throw one dart from 1 metre away, three darts from 2.37 metres away, or sixty darts from 10 metres away. When throwing, please stand behind whichever distance line you choose.",Normal,Alice Levine,2,0,0,0
6,2,2,"Get the highest score in darts. You can either throw one dart from 1 metre away, three darts from 2.37 metres away, or sixty darts from 10 metres away. When throwing, please stand behind whichever distance line you choose.",Normal,Asim Chaudhry,3,0,0,0
6,2,2,"Get the highest score in darts. You can either throw one dart from 1 metre away, three darts from 2.37 metres away, or sixty darts from 10 metres away. When throwing, please stand behind whichever distance line you choose.",Normal,Liza Tarbuck,5,0,0,1
6,2,2,"Get the highest score in darts. You can either throw one dart from 1 metre away, three darts from 2.37 metres away, or sixty darts from 10 metres away. When throwing, please stand behind whichever distance line you choose.",Normal,Russell Howard,1,0,0,0
6,2,2,"Get the highest score in darts. You can either throw one dart from 1 metre away, three darts from 2.37 metres away, or sixty darts from 10 metres away. When throwing, please stand behind whichever distance line you choose.",Normal,Tim Vine,4,0,0,0
6,2,3,Team: Keep Alex dry. You may not touch Alex at any point. You may not be within the compass when the shower is on.,Team,Alice Levine,4,0,0,0
6,2,3,Team: Keep Alex dry. You may not touch Alex at any point. You may not be within the compass when the shower is on.,Team,Asim Chaudhry,1,0,0,0
6,2,3,Team: Keep Alex dry. You may not touch Alex at any point. You may not be within the compass when the shower is on.,Team,Liza Tarbuck,1,0,0,1
6,2,3,Team: Keep Alex dry. You may not touch Alex at any point. You may not be within the compass when the shower is on.,Team,Russell Howard,4,0,0,0
6,2,3,Team: Keep Alex dry. You may not touch Alex at any point. You may not be within the compass when the shower is on.,Team,Tim Vine,1,0,0,0
6,2,4,"Take a picture of a group of people, each holding an egg. Most people holding eggs in a picture wins. You must be in your picture.",Normal,Alice Levine,2,0,0,0
6,2,4,"Take a picture of a group of people, each holding an egg. Most people holding eggs in a picture wins. You must be in your picture.",Normal,Asim Chaudhry,3,0,0,0
6,2,4,"Take a picture of a group of people, each holding an egg. Most people holding eggs in a picture wins. You must be in your picture.",Normal,Liza Tarbuck,5,0,0,1
6,2,4,"Take a picture of a group of people, each holding an egg. Most people holding eggs in a picture wins. You must be in your picture.",Normal,Russell Howard,4,0,0,0
6,2,4,"Take a picture of a group of people, each holding an egg. Most people holding eggs in a picture wins. You must be in your picture.",Normal,Tim Vine,1,0,0,0
6,2,5,Make this wind-up little man go on the most extraordinary journey.,Normal,Alice Levine,3,0,0,0
6,2,5,Make this wind-up little man go on the most extraordinary journey.,Normal,Asim Chaudhry,5,0,0,0
6,2,5,Make this wind-up little man go on the most extraordinary journey.,Normal,Liza Tarbuck,4,0,0,1
6,2,5,Make this wind-up little man go on the most extraordinary journey.,Normal,Russell Howard,3,0,0,0
6,2,5,Make this wind-up little man go on the most extraordinary journey.,Normal,Tim Vine,3,0,0,0
6,2,6,"Live: When instructed, put your grape in either your mouth or your hand whilst staring at the Taskmaster. You must then answer the Taskmaster's questions and fool the Taskmaster into thinking your grape is not where your grape is. You must not eat your grape. Your answer must contain at least five words. If the Taskmaster correctly guesses correctly where your grape is, you are eliminated.",Live,Alice Levine,0,0,0,0
6,2,6,"Live: When instructed, put your grape in either your mouth or your hand whilst staring at the Taskmaster. You must then answer the Taskmaster's questions and fool the Taskmaster into thinking your grape is not where your grape is. You must not eat your grape. Your answer must contain at least five words. If the Taskmaster correctly guesses correctly where your grape is, you are eliminated.",Live,Asim Chaudhry,0,0,0,0
6,2,6,"Live: When instructed, put your grape in either your mouth or your hand whilst staring at the Taskmaster. You must then answer the Taskmaster's questions and fool the Taskmaster into thinking your grape is not where your grape is. You must not eat your grape. Your answer must contain at least five words. If the Taskmaster correctly guesses correctly where your grape is, you are eliminated.",Live,Liza Tarbuck,0,0,0,1
6,2,6,"Live: When instructed, put your grape in either your mouth or your hand whilst staring at the Taskmaster. You must then answer the Taskmaster's questions and fool the Taskmaster into thinking your grape is not where your grape is. You must not eat your grape. Your answer must contain at least five words. If the Taskmaster correctly guesses correctly where your grape is, you are eliminated.",Live,Russell Howard,0,1,0,0
6,2,6,"Live: When instructed, put your grape in either your mouth or your hand whilst staring at the Taskmaster. You must then answer the Taskmaster's questions and fool the Taskmaster into thinking your grape is not where your grape is. You must not eat your grape. Your answer must contain at least five words. If the Taskmaster correctly guesses correctly where your grape is, you are eliminated.",Live,Tim Vine,0,0,0,0
6,3,1,Prize: Most magnificent day trip.,Prize,Alice Levine,1,0,0,0
6,3,1,Prize: Most magnificent day trip.,Prize,Asim Chaudhry,2,0,0,0
6,3,1,Prize: Most magnificent day trip.,Prize,Liza Tarbuck,4,0,0,1
6,3,1,Prize: Most magnificent day trip.,Prize,Russell Howard,3,0,0,0
6,3,1,Prize: Most magnificent day trip.,Prize,Tim Vine,5,0,0,0
6,3,2,"Write, illustrate and read out a bedtime story for grown-ups. Your bedtime story for grown-ups may be no more or fewer than 50 words.",Normal,Alice Levine,1,0,0,0
6,3,2,"Write, illustrate and read out a bedtime story for grown-ups. Your bedtime story for grown-ups may be no more or fewer than 50 words.",Normal,Asim Chaudhry,3,0,0,0
6,3,2,"Write, illustrate and read out a bedtime story for grown-ups. Your bedtime story for grown-ups may be no more or fewer than 50 words.",Normal,Liza Tarbuck,5,0,0,1
6,3,2,"Write, illustrate and read out a bedtime story for grown-ups. Your bedtime story for grown-ups may be no more or fewer than 50 words.",Normal,Russell Howard,3,0,0,0
6,3,2,"Write, illustrate and read out a bedtime story for grown-ups. Your bedtime story for grown-ups may be no more or fewer than 50 words.",Normal,Tim Vine,2,0,0,0
6,3,3,Make something spin for the longest. Your thing must not be a person.,Normal,Alice Levine,1,0,0,0
6,3,3,Make something spin for the longest. Your thing must not be a person.,Normal,Asim Chaudhry,4,0,0,0
6,3,3,Make something spin for the longest. Your thing must not be a person.,Normal,Liza Tarbuck,5,0,0,1
6,3,3,Make something spin for the longest. Your thing must not be a person.,Normal,Russell Howard,2,0,0,0
6,3,3,Make something spin for the longest. Your thing must not be a person.,Normal,Tim Vine,3,0,0,0
6,3,4,Work out the flavours of these baby foods.,Normal,Alice Levine,2,0,0,0
6,3,4,Work out the flavours of these baby foods.,Normal,Asim Chaudhry,5,0,0,0
6,3,4,Work out the flavours of these baby foods.,Normal,Liza Tarbuck,4,0,0,1
6,3,4,Work out the flavours of these baby foods.,Normal,Russell Howard,3,0,0,0
6,3,4,Work out the flavours of these baby foods.,Normal,Tim Vine,1,0,0,0
6,3,5,Bonus: Whoever eats the most baby food.,Normal,Alice Levine,0,0,0,0
6,3,5,Bonus: Whoever eats the most baby food.,Normal,Asim Chaudhry,1,0,0,0
6,3,5,Bonus: Whoever eats the most baby food.,Normal,Liza Tarbuck,0,0,0,1
6,3,5,Bonus: Whoever eats the most baby food.,Normal,Russell Howard,0,0,0,0
6,3,5,Bonus: Whoever eats the most baby food.,Normal,Tim Vine,0,0,0,0
6,3,6,"Live: Catch the most socks and put them in your laundry basket. You must stare straight forward throughout the task. You must not touch any pants. You must not move your laundry basket and if you drop a sock, you can't then pick it up. Every time you touch some pants, you lose a sock.",Live,Alice Levine,1,0,0,0
6,3,6,"Live: Catch the most socks and put them in your laundry basket. You must stare straight forward throughout the task. You must not touch any pants. You must not move your laundry basket and if you drop a sock, you can't then pick it up. Every time you touch some pants, you lose a sock.",Live,Asim Chaudhry,4,0,0,0
6,3,6,"Live: Catch the most socks and put them in your laundry basket. You must stare straight forward throughout the task. You must not touch any pants. You must not move your laundry basket and if you drop a sock, you can't then pick it up. Every time you touch some pants, you lose a sock.",Live,Liza Tarbuck,4,0,0,1
6,3,6,"Live: Catch the most socks and put them in your laundry basket. You must stare straight forward throughout the task. You must not touch any pants. You must not move your laundry basket and if you drop a sock, you can't then pick it up. Every time you touch some pants, you lose a sock.",Live,Russell Howard,5,0,0,0
6,3,6,"Live: Catch the most socks and put them in your laundry basket. You must stare straight forward throughout the task. You must not touch any pants. You must not move your laundry basket and if you drop a sock, you can't then pick it up. Every time you touch some pants, you lose a sock.",Live,Tim Vine,4,0,0,0
6,4,1,Prize: Most thought-provoking thing.,Prize,Alice Levine,3,0,0,0
6,4,1,Prize: Most thought-provoking thing.,Prize,Asim Chaudhry,1,0,0,0
6,4,1,Prize: Most thought-provoking thing.,Prize,Liza Tarbuck,2,0,0,0
6,4,1,Prize: Most thought-provoking thing.,Prize,Russell Howard,5,0,0,1
6,4,1,Prize: Most thought-provoking thing.,Prize,Tim Vine,4,0,0,0
6,4,2,Do something manly with this cardboard box.,Normal,Alice Levine,4,0,0,0
6,4,2,Do something manly with this cardboard box.,Normal,Asim Chaudhry,4,0,0,0
6,4,2,Do something manly with this cardboard box.,Normal,Liza Tarbuck,5,0,0,0
6,4,2,Do something manly with this cardboard box.,Normal,Russell Howard,4,0,0,1
6,4,2,Do something manly with this cardboard box.,Normal,Tim Vine,4,0,0,0
6,4,3,Team: Have the most fun.,Team,Alice Levine,2,0,0,0
6,4,3,Team: Have the most fun.,Team,Asim Chaudhry,3,0,0,0
6,4,3,Team: Have the most fun.,Team,Liza Tarbuck,3,0,0,0
6,4,3,Team: Have the most fun.,Team,Russell Howard,2,0,0,1
6,4,3,Team: Have the most fun.,Team,Tim Vine,3,0,0,0
6,4,4,Team: Exactly recreate your attempt at the first task.,Team,Alice Levine,5,0,0,0
6,4,4,Team: Exactly recreate your attempt at the first task.,Team,Asim Chaudhry,5,0,0,0
6,4,4,Team: Exactly recreate your attempt at the first task.,Team,Liza Tarbuck,5,0,0,0
6,4,4,Team: Exactly recreate your attempt at the first task.,Team,Russell Howard,5,0,0,1
6,4,4,Team: Exactly recreate your attempt at the first task.,Team,Tim Vine,5,0,0,0
6,4,5,Make the best art using the entire contents of this can of squirty cream.,Normal,Alice Levine,4,0,0,0
6,4,5,Make the best art using the entire contents of this can of squirty cream.,Normal,Asim Chaudhry,1,0,0,0
6,4,5,Make the best art using the entire contents of this can of squirty cream.,Normal,Liza Tarbuck,5,0,0,0
6,4,5,Make the best art using the entire contents of this can of squirty cream.,Normal,Russell Howard,3,0,0,1
6,4,5,Make the best art using the entire contents of this can of squirty cream.,Normal,Tim Vine,2,0,0,0
6,4,6,"Remove the £5 note from under the pint without spilling any of the pint. If you spill any of the pint, you are disqualified.",Normal,Alice Levine,0,1,0,0
6,4,6,"Remove the £5 note from under the pint without spilling any of the pint. If you spill any of the pint, you are disqualified.",Normal,Asim Chaudhry,4,0,0,0
6,4,6,"Remove the £5 note from under the pint without spilling any of the pint. If you spill any of the pint, you are disqualified.",Normal,Liza Tarbuck,0,1,0,0
6,4,6,"Remove the £5 note from under the pint without spilling any of the pint. If you spill any of the pint, you are disqualified.",Normal,Russell Howard,5,0,0,1
6,4,6,"Remove the £5 note from under the pint without spilling any of the pint. If you spill any of the pint, you are disqualified.",Normal,Tim Vine,3,0,0,0
6,4,7,"Live: When tapped on the shoulder, shake hands with the Taskmaster without revealing your identities. You may not speak during the task. Everyone must shake hands with the Taskmaster once for at least 2 seconds. If the Taskmaster guesses your identity, you are disqualified.",Live,Alice Levine,5,0,0,0
6,4,7,"Live: When tapped on the shoulder, shake hands with the Taskmaster without revealing your identities. You may not speak during the task. Everyone must shake hands with the Taskmaster once for at least 2 seconds. If the Taskmaster guesses your identity, you are disqualified.",Live,Asim Chaudhry,0,0,0,0
6,4,7,"Live: When tapped on the shoulder, shake hands with the Taskmaster without revealing your identities. You may not speak during the task. Everyone must shake hands with the Taskmaster once for at least 2 seconds. If the Taskmaster guesses your identity, you are disqualified.",Live,Liza Tarbuck,0,0,0,0
6,4,7,"Live: When tapped on the shoulder, shake hands with the Taskmaster without revealing your identities. You may not speak during the task. Everyone must shake hands with the Taskmaster once for at least 2 seconds. If the Taskmaster guesses your identity, you are disqualified.",Live,Russell Howard,0,0,0,1
6,4,7,"Live: When tapped on the shoulder, shake hands with the Taskmaster without revealing your identities. You may not speak during the task. Everyone must shake hands with the Taskmaster once for at least 2 seconds. If the Taskmaster guesses your identity, you are disqualified.",Live,Tim Vine,0,0,0,0
6,5,1,Prize: Sturdiest thing.,Prize,Alice Levine,4,0,0,0
6,5,1,Prize: Sturdiest thing.,Prize,Asim Chaudhry,1,0,0,0
6,5,1,Prize: Sturdiest thing.,Prize,Liza Tarbuck,5,0,0,0
6,5,1,Prize: Sturdiest thing.,Prize,Russell Howard,3,0,0,0
6,5,1,Prize: Sturdiest thing.,Prize,Tim Vine,2,0,0,1
6,5,2,"Without leaving the caravan, work out how long this piece of string is.",Normal,Alice Levine,2,0,0,0
6,5,2,"Without leaving the caravan, work out how long this piece of string is.",Normal,Asim Chaudhry,4,0,0,0
6,5,2,"Without leaving the caravan, work out how long this piece of string is.",Normal,Liza Tarbuck,1,0,0,0
6,5,2,"Without leaving the caravan, work out how long this piece of string is.",Normal,Russell Howard,3,0,0,0
6,5,2,"Without leaving the caravan, work out how long this piece of string is.",Normal,Tim Vine,5,0,0,1
6,5,3,Pull this tablecloth off this table. Most eggs left unbroken on the table wins.,Normal,Alice Levine,5,0,0,0
6,5,3,Pull this tablecloth off this table. Most eggs left unbroken on the table wins.,Normal,Asim Chaudhry,5,0,0,0
6,5,3,Pull this tablecloth off this table. Most eggs left unbroken on the table wins.,Normal,Liza Tarbuck,5,0,0,0
6,5,3,Pull this tablecloth off this table. Most eggs left unbroken on the table wins.,Normal,Russell Howard,5,0,0,0
6,5,3,Pull this tablecloth off this table. Most eggs left unbroken on the table wins.,Normal,Tim Vine,5,0,0,1
6,5,4,Team: Find the link then do it 100 times.,Team,Alice Levine,3,0,0,0
6,5,4,Team: Find the link then do it 100 times.,Team,Asim Chaudhry,5,0,0,0
6,5,4,Team: Find the link then do it 100 times.,Team,Liza Tarbuck,5,0,0,0
6,5,4,Team: Find the link then do it 100 times.,Team,Russell Howard,3,0,0,0
6,5,4,Team: Find the link then do it 100 times.,Team,Tim Vine,5,0,0,1
6,5,5,Pull off the most elaborate trick shot.,Normal,Alice Levine,1,0,0,0
6,5,5,Pull off the most elaborate trick shot.,Normal,Asim Chaudhry,2,0,0,0
6,5,5,Pull off the most elaborate trick shot.,Normal,Liza Tarbuck,4,0,0,0
6,5,5,Pull off the most elaborate trick shot.,Normal,Russell Howard,3,0,0,0
6,5,5,Pull off the most elaborate trick shot.,Normal,Tim Vine,5,0,0,1
6,5,6,Live: Throw as many eggs onto the shelves as possible. You must lie flat on your bed at all times.,Live,Alice Levine,1,0,0,0
6,5,6,Live: Throw as many eggs onto the shelves as possible. You must lie flat on your bed at all times.,Live,Asim Chaudhry,2,0,0,0
6,5,6,Live: Throw as many eggs onto the shelves as possible. You must lie flat on your bed at all times.,Live,Liza Tarbuck,5,0,0,0
6,5,6,Live: Throw as many eggs onto the shelves as possible. You must lie flat on your bed at all times.,Live,Russell Howard,4,0,0,0
6,5,6,Live: Throw as many eggs onto the shelves as possible. You must lie flat on your bed at all times.,Live,Tim Vine,4,0,0,1
6,6,1,Prize: Best thing that they've invented.,Prize,Alice Levine,1,0,0,0
6,6,1,Prize: Best thing that they've invented.,Prize,Asim Chaudhry,1,0,0,0
6,6,1,Prize: Best thing that they've invented.,Prize,Liza Tarbuck,3,0,0,0
6,6,1,Prize: Best thing that they've invented.,Prize,Russell Howard,1,0,0,0
6,6,1,Prize: Best thing that they've invented.,Prize,Tim Vine,5,0,0,1
6,6,2,Make the best snow globe.,Normal,Alice Levine,3,0,0,0
6,6,2,Make the best snow globe.,Normal,Asim Chaudhry,1,0,0,0
6,6,2,Make the best snow globe.,Normal,Liza Tarbuck,4,0,0,0
6,6,2,Make the best snow globe.,Normal,Russell Howard,5,0,0,0
6,6,2,Make the best snow globe.,Normal,Tim Vine,3,0,0,1
6,6,3,Team: Knock over as many ducks as possible. You must all remain on the red carpet throughout the task.,Team,Alice Levine,0,1,0,0
6,6,3,Team: Knock over as many ducks as possible. You must all remain on the red carpet throughout the task.,Team,Asim Chaudhry,5,0,0,0
6,6,3,Team: Knock over as many ducks as possible. You must all remain on the red carpet throughout the task.,Team,Liza Tarbuck,5,0,0,0
6,6,3,Team: Knock over as many ducks as possible. You must all remain on the red carpet throughout the task.,Team,Russell Howard,0,1,0,0
6,6,3,Team: Knock over as many ducks as possible. You must all remain on the red carpet throughout the task.,Team,Tim Vine,5,0,0,1
6,6,4,Make an announcement. Biggest announcement to the most people wins.,Normal,Alice Levine,2,0,0,0
6,6,4,Make an announcement. Biggest announcement to the most people wins.,Normal,Asim Chaudhry,5,0,0,0
6,6,4,Make an announcement. Biggest announcement to the most people wins.,Normal,Liza Tarbuck,2,0,0,0
6,6,4,Make an announcement. Biggest announcement to the most people wins.,Normal,Russell Howard,1,0,0,0
6,6,4,Make an announcement. Biggest announcement to the most people wins.,Normal,Tim Vine,4,0,0,1
6,6,5,Make the best parachute for this wooden spoon. Slowest and most dramatic fall wins.,Normal,Alice Levine,4,0,0,0
6,6,5,Make the best parachute for this wooden spoon. Slowest and most dramatic fall wins.,Normal,Asim Chaudhry,1,0,0,0
6,6,5,Make the best parachute for this wooden spoon. Slowest and most dramatic fall wins.,Normal,Liza Tarbuck,5,0,0,0
6,6,5,Make the best parachute for this wooden spoon. Slowest and most dramatic fall wins.,Normal,Russell Howard,2,0,0,0
6,6,5,Make the best parachute for this wooden spoon. Slowest and most dramatic fall wins.,Normal,Tim Vine,3,0,0,1
6,6,6,"Live: You will each be given a category. You will each have 10 seconds to say things in that fall into that category. First, you must each predict how many correct answers you will give.",Live,Alice Levine,5,0,0,0
6,6,6,"Live: You will each be given a category. You will each have 10 seconds to say things in that fall into that category. First, you must each predict how many correct answers you will give.",Live,Asim Chaudhry,4,0,0,0
6,6,6,"Live: You will each be given a category. You will each have 10 seconds to say things in that fall into that category. First, you must each predict how many correct answers you will give.",Live,Liza Tarbuck,1,0,0,0
6,6,6,"Live: You will each be given a category. You will each have 10 seconds to say things in that fall into that category. First, you must each predict how many correct answers you will give.",Live,Russell Howard,3,0,0,0
6,6,6,"Live: You will each be given a category. You will each have 10 seconds to say things in that fall into that category. First, you must each predict how many correct answers you will give.",Live,Tim Vine,3,0,0,1
6,7,1,Prize: Scariest thing from their kitchen.,Prize,Alice Levine,2,0,0,0
6,7,1,Prize: Scariest thing from their kitchen.,Prize,Asim Chaudhry,4,0,0,0
6,7,1,Prize: Scariest thing from their kitchen.,Prize,Liza Tarbuck,3,0,0,0
6,7,1,Prize: Scariest thing from their kitchen.,Prize,Russell Howard,5,0,0,1
6,7,1,Prize: Scariest thing from their kitchen.,Prize,Tim Vine,1,0,0,0
6,7,2,Knock the bails off the stumps. You've got a maximum of one over. You must make your attempts from behind this stump. No stumps may be moved.,Normal,Alice Levine,0,0,0,0
6,7,2,Knock the bails off the stumps. You've got a maximum of one over. You must make your attempts from behind this stump. No stumps may be moved.,Normal,Asim Chaudhry,0,0,0,0
6,7,2,Knock the bails off the stumps. You've got a maximum of one over. You must make your attempts from behind this stump. No stumps may be moved.,Normal,Liza Tarbuck,0,1,0,0
6,7,2,Knock the bails off the stumps. You've got a maximum of one over. You must make your attempts from behind this stump. No stumps may be moved.,Normal,Russell Howard,5,0,0,1
6,7,2,Knock the bails off the stumps. You've got a maximum of one over. You must make your attempts from behind this stump. No stumps may be moved.,Normal,Tim Vine,4,0,0,0
6,7,3,Draw a picture of the contents of this box. You may not open the box or look inside.,Normal,Alice Levine,4,0,0,0
6,7,3,Draw a picture of the contents of this box. You may not open the box or look inside.,Normal,Asim Chaudhry,1,0,0,0
6,7,3,Draw a picture of the contents of this box. You may not open the box or look inside.,Normal,Liza Tarbuck,5,0,0,0
6,7,3,Draw a picture of the contents of this box. You may not open the box or look inside.,Normal,Russell Howard,1,0,0,1
6,7,3,Draw a picture of the contents of this box. You may not open the box or look inside.,Normal,Tim Vine,3,0,0,0
6,7,4,Bonus: Name the person represented by the contents of the box.,Normal,Alice Levine,0,0,0,0
6,7,4,Bonus: Name the person represented by the contents of the box.,Normal,Asim Chaudhry,0,0,0,0
6,7,4,Bonus: Name the person represented by the contents of the box.,Normal,Liza Tarbuck,0,0,0,0
6,7,4,Bonus: Name the person represented by the contents of the box.,Normal,Russell Howard,1,0,0,1
6,7,4,Bonus: Name the person represented by the contents of the box.,Normal,Tim Vine,1,0,0,0
6,7,5,Write down as many obscure animals as possible.,Normal,Alice Levine,0,0,0,0
6,7,5,Write down as many obscure animals as possible.,Normal,Asim Chaudhry,2,0,0,0
6,7,5,Write down as many obscure animals as possible.,Normal,Liza Tarbuck,0,0,0,0
6,7,5,Write down as many obscure animals as possible.,Normal,Russell Howard,3,0,0,1
6,7,5,Write down as many obscure animals as possible.,Normal,Tim Vine,0,0,0,0
6,7,6,Team: Guess the animals your teammate has on their list. Your teammate must only use mime. They may not write anything down or show you the list.,Team,Alice Levine,3,0,0,0
6,7,6,Team: Guess the animals your teammate has on their list. Your teammate must only use mime. They may not write anything down or show you the list.,Team,Asim Chaudhry,0,0,0,0
6,7,6,Team: Guess the animals your teammate has on their list. Your teammate must only use mime. They may not write anything down or show you the list.,Team,Liza Tarbuck,2,0,0,0
6,7,6,Team: Guess the animals your teammate has on their list. Your teammate must only use mime. They may not write anything down or show you the list.,Team,Russell Howard,0,0,0,1
6,7,6,Team: Guess the animals your teammate has on their list. Your teammate must only use mime. They may not write anything down or show you the list.,Team,Tim Vine,2,0,0,0
6,7,7,"Wearing this sweatband around your head at all times, tuck as many items from the kitchen inside the sweatband as possible. Then make a pancake with a diameter of at least 9 inches. Then eat the whole pancake. Most kitchen items successfully kept within the sweatband wins.",Normal,Alice Levine,2,0,0,0
6,7,7,"Wearing this sweatband around your head at all times, tuck as many items from the kitchen inside the sweatband as possible. Then make a pancake with a diameter of at least 9 inches. Then eat the whole pancake. Most kitchen items successfully kept within the sweatband wins.",Normal,Asim Chaudhry,3,0,0,0
6,7,7,"Wearing this sweatband around your head at all times, tuck as many items from the kitchen inside the sweatband as possible. Then make a pancake with a diameter of at least 9 inches. Then eat the whole pancake. Most kitchen items successfully kept within the sweatband wins.",Normal,Liza Tarbuck,5,0,0,0
6,7,7,"Wearing this sweatband around your head at all times, tuck as many items from the kitchen inside the sweatband as possible. Then make a pancake with a diameter of at least 9 inches. Then eat the whole pancake. Most kitchen items successfully kept within the sweatband wins.",Normal,Russell Howard,5,0,0,1
6,7,7,"Wearing this sweatband around your head at all times, tuck as many items from the kitchen inside the sweatband as possible. Then make a pancake with a diameter of at least 9 inches. Then eat the whole pancake. Most kitchen items successfully kept within the sweatband wins.",Normal,Tim Vine,5,0,0,0
6,7,8,Live: Get an egg as close to the centre of the target as possible. You must stand on the spot when taking your turn. You must ROLL two of the eggs. The person whose egg is furthest from the centre of the target after each round is eliminated.,Live,Alice Levine,3,0,0,0
6,7,8,Live: Get an egg as close to the centre of the target as possible. You must stand on the spot when taking your turn. You must ROLL two of the eggs. The person whose egg is furthest from the centre of the target after each round is eliminated.,Live,Asim Chaudhry,5,0,0,0
6,7,8,Live: Get an egg as close to the centre of the target as possible. You must stand on the spot when taking your turn. You must ROLL two of the eggs. The person whose egg is furthest from the centre of the target after each round is eliminated.,Live,Liza Tarbuck,2,0,0,0
6,7,8,Live: Get an egg as close to the centre of the target as possible. You must stand on the spot when taking your turn. You must ROLL two of the eggs. The person whose egg is furthest from the centre of the target after each round is eliminated.,Live,Russell Howard,1,0,0,1
6,7,8,Live: Get an egg as close to the centre of the target as possible. You must stand on the spot when taking your turn. You must ROLL two of the eggs. The person whose egg is furthest from the centre of the target after each round is eliminated.,Live,Tim Vine,4,0,0,0
6,8,1,Prize: Most interesting footwear.,Prize,Alice Levine,1,0,0,0
6,8,1,Prize: Most interesting footwear.,Prize,Asim Chaudhry,5,0,0,0
6,8,1,Prize: Most interesting footwear.,Prize,Liza Tarbuck,3,0,0,1
6,8,1,Prize: Most interesting footwear.,Prize,Russell Howard,2,0,0,0
6,8,1,Prize: Most interesting footwear.,Prize,Tim Vine,4,0,0,0
6,8,2,Put something genuinely surprising inside this chocolate egg.,Normal,Alice Levine,5,0,0,0
6,8,2,Put something genuinely surprising inside this chocolate egg.,Normal,Asim Chaudhry,3,0,0,0
6,8,2,Put something genuinely surprising inside this chocolate egg.,Normal,Liza Tarbuck,3,0,0,1
6,8,2,Put something genuinely surprising inside this chocolate egg.,Normal,Russell Howard,3,0,0,0
6,8,2,Put something genuinely surprising inside this chocolate egg.,Normal,Tim Vine,4,0,0,0
6,8,3,Find out what you have in common with this person. You must look the person in the eye throughout the task and shake hands every time you discover you have in common.,Normal,Alice Levine,2,0,0,0
6,8,3,Find out what you have in common with this person. You must look the person in the eye throughout the task and shake hands every time you discover you have in common.,Normal,Asim Chaudhry,5,0,0,0
6,8,3,Find out what you have in common with this person. You must look the person in the eye throughout the task and shake hands every time you discover you have in common.,Normal,Liza Tarbuck,3,0,0,1
6,8,3,Find out what you have in common with this person. You must look the person in the eye throughout the task and shake hands every time you discover you have in common.,Normal,Russell Howard,4,0,0,0
6,8,3,Find out what you have in common with this person. You must look the person in the eye throughout the task and shake hands every time you discover you have in common.,Normal,Tim Vine,2,0,0,0
6,8,4,"Wearing these high heels, create the best dot-to-dot picture on this canvas.",Normal,Alice Levine,2,0,0,0
6,8,4,"Wearing these high heels, create the best dot-to-dot picture on this canvas.",Normal,Asim Chaudhry,1,0,0,0
6,8,4,"Wearing these high heels, create the best dot-to-dot picture on this canvas.",Normal,Liza Tarbuck,4,0,0,1
6,8,4,"Wearing these high heels, create the best dot-to-dot picture on this canvas.",Normal,Russell Howard,3,0,0,0
6,8,4,"Wearing these high heels, create the best dot-to-dot picture on this canvas.",Normal,Tim Vine,5,0,0,0
6,8,5,Live: Stick a plaster to the correct body part. Alex will say the names of three body parts. You must stick a plaster to the body part that comes second in the dictionary out of the three body parts. The slowest person to stick a plaster to the correct body part is eliminated. | Receive a text message as fast as possible.,Live,Alice Levine,3,0,0,0
6,8,5,Live: Stick a plaster to the correct body part. Alex will say the names of three body parts. You must stick a plaster to the body part that comes second in the dictionary out of the three body parts. The slowest person to stick a plaster to the correct body part is eliminated. | Receive a text message as fast as possible.,Live,Asim Chaudhry,2,0,0,0
6,8,5,Live: Stick a plaster to the correct body part. Alex will say the names of three body parts. You must stick a plaster to the body part that comes second in the dictionary out of the three body parts. The slowest person to stick a plaster to the correct body part is eliminated. | Receive a text message as fast as possible.,Live,Liza Tarbuck,4,0,0,1
6,8,5,Live: Stick a plaster to the correct body part. Alex will say the names of three body parts. You must stick a plaster to the body part that comes second in the dictionary out of the three body parts. The slowest person to stick a plaster to the correct body part is eliminated. | Receive a text message as fast as possible.,Live,Russell Howard,5,0,0,0
6,8,5,Live: Stick a plaster to the correct body part. Alex will say the names of three body parts. You must stick a plaster to the body part that comes second in the dictionary out of the three body parts. The slowest person to stick a plaster to the correct body part is eliminated. | Receive a text message as fast as possible.,Live,Tim Vine,1,0,0,0
6,9,1,Prize: Most pleasing thing the same size as a cat.,Prize,Alice Levine,3,0,0,1
6,9,1,Prize: Most pleasing thing the same size as a cat.,Prize,Asim Chaudhry,2,0,0,0
6,9,1,Prize: Most pleasing thing the same size as a cat.,Prize,Liza Tarbuck,1,0,0,0
6,9,1,Prize: Most pleasing thing the same size as a cat.,Prize,Russell Howard,4,0,0,0
6,9,1,Prize: Most pleasing thing the same size as a cat.,Prize,Tim Vine,5,0,0,0
6,9,2,Make the biggest bubble and burst it with your nose.,Normal,Alice Levine,5,0,0,1
6,9,2,Make the biggest bubble and burst it with your nose.,Normal,Asim Chaudhry,3,0,0,0
6,9,2,Make the biggest bubble and burst it with your nose.,Normal,Liza Tarbuck,4,0,0,0
6,9,2,Make the biggest bubble and burst it with your nose.,Normal,Russell Howard,1,0,0,0
6,9,2,Make the biggest bubble and burst it with your nose.,Normal,Tim Vine,2,0,0,0
6,9,3,Team: Perform a scene from Taskmaster The Musical.,Team,Alice Levine,3,0,0,1
6,9,3,Team: Perform a scene from Taskmaster The Musical.,Team,Asim Chaudhry,2,0,0,0
6,9,3,Team: Perform a scene from Taskmaster The Musical.,Team,Liza Tarbuck,2,0,0,0
6,9,3,Team: Perform a scene from Taskmaster The Musical.,Team,Russell Howard,3,0,0,0
6,9,3,Team: Perform a scene from Taskmaster The Musical.,Team,Tim Vine,2,0,0,0
6,9,4,Make an outfit of things bought from this stationery shop.,Normal,Alice Levine,0,0,0,1
6,9,4,Make an outfit of things bought from this stationery shop.,Normal,Asim Chaudhry,0,0,0,0
6,9,4,Make an outfit of things bought from this stationery shop.,Normal,Liza Tarbuck,0,0,0,0
6,9,4,Make an outfit of things bought from this stationery shop.,Normal,Russell Howard,0,0,0,0
6,9,4,Make an outfit of things bought from this stationery shop.,Normal,Tim Vine,0,0,0,0
6,9,5,Guess the pun Tim made after creating an outfit of stationery.,Normal,Alice Levine,0,0,0,1
6,9,5,Guess the pun Tim made after creating an outfit of stationery.,Normal,Asim Chaudhry,0,0,0,0
6,9,5,Guess the pun Tim made after creating an outfit of stationery.,Normal,Liza Tarbuck,0,0,0,0
6,9,5,Guess the pun Tim made after creating an outfit of stationery.,Normal,Russell Howard,0,0,0,0
6,9,5,Guess the pun Tim made after creating an outfit of stationery.,Normal,Tim Vine,2,0,0,0
6,9,6,Make this plastic bag as heavy as possible.,Normal,Alice Levine,3,0,0,1
6,9,6,Make this plastic bag as heavy as possible.,Normal,Asim Chaudhry,4,0,0,0
6,9,6,Make this plastic bag as heavy as possible.,Normal,Liza Tarbuck,5,0,0,0
6,9,6,Make this plastic bag as heavy as possible.,Normal,Russell Howard,2,0,0,0
6,9,6,Make this plastic bag as heavy as possible.,Normal,Tim Vine,1,0,0,0
6,9,7,Live: Pick up as many points as possible.,Live,Alice Levine,4,0,0,1
6,9,7,Live: Pick up as many points as possible.,Live,Asim Chaudhry,1,0,0,0
6,9,7,Live: Pick up as many points as possible.,Live,Liza Tarbuck,2,0,0,0
6,9,7,Live: Pick up as many points as possible.,Live,Russell Howard,5,0,0,0
6,9,7,Live: Pick up as many points as possible.,Live,Tim Vine,4,0,0,0
6,10,1,Prize: Least appropriate accessary for a wedding.,Prize,Alice Levine,3,0,0,0
6,10,1,Prize: Least appropriate accessary for a wedding.,Prize,Asim Chaudhry,5,0,0,1
6,10,1,Prize: Least appropriate accessary for a wedding.,Prize,Liza Tarbuck,1,0,0,0
6,10,1,Prize: Least appropriate accessary for a wedding.,Prize,Russell Howard,4,0,0,0
6,10,1,Prize: Least appropriate accessary for a wedding.,Prize,Tim Vine,2,0,0,0
6,10,2,"Knock over the fewest skittles. You may place one item on each of the three ramp sections, or you may place two items on one of the ramp sections. Your items must be found on this table and may not include either you or the table. You may not tamper with the balls or the ramp..",Normal,Alice Levine,3,0,0,0
6,10,2,"Knock over the fewest skittles. You may place one item on each of the three ramp sections, or you may place two items on one of the ramp sections. Your items must be found on this table and may not include either you or the table. You may not tamper with the balls or the ramp..",Normal,Asim Chaudhry,3,0,0,1
6,10,2,"Knock over the fewest skittles. You may place one item on each of the three ramp sections, or you may place two items on one of the ramp sections. Your items must be found on this table and may not include either you or the table. You may not tamper with the balls or the ramp..",Normal,Liza Tarbuck,4,0,0,0
6,10,2,"Knock over the fewest skittles. You may place one item on each of the three ramp sections, or you may place two items on one of the ramp sections. Your items must be found on this table and may not include either you or the table. You may not tamper with the balls or the ramp..",Normal,Russell Howard,5,0,0,0
6,10,2,"Knock over the fewest skittles. You may place one item on each of the three ramp sections, or you may place two items on one of the ramp sections. Your items must be found on this table and may not include either you or the table. You may not tamper with the balls or the ramp..",Normal,Tim Vine,1,0,0,0
6,10,3,Blow the candle out from the furthest distance. You may not relight the candle.,Normal,Alice Levine,3,0,0,0
6,10,3,Blow the candle out from the furthest distance. You may not relight the candle.,Normal,Asim Chaudhry,5,0,0,1
6,10,3,Blow the candle out from the furthest distance. You may not relight the candle.,Normal,Liza Tarbuck,0,0,0,0
6,10,3,Blow the candle out from the furthest distance. You may not relight the candle.,Normal,Russell Howard,2,0,0,0
6,10,3,Blow the candle out from the furthest distance. You may not relight the candle.,Normal,Tim Vine,4,0,0,0
6,10,4,Tell the Taskmaster you love him in the most meaningful way.,Normal,Alice Levine,2,0,0,0
6,10,4,Tell the Taskmaster you love him in the most meaningful way.,Normal,Asim Chaudhry,5,0,0,1
6,10,4,Tell the Taskmaster you love him in the most meaningful way.,Normal,Liza Tarbuck,5,0,0,0
6,10,4,Tell the Taskmaster you love him in the most meaningful way.,Normal,Russell Howard,1,0,0,0
6,10,4,Tell the Taskmaster you love him in the most meaningful way.,Normal,Tim Vine,3,0,0,0
6,10,5,"Live: Display a number. You get one rosette if your number is higher than the person's on your right and one if its lower than the person's on your left. If you display the same number as someone else, you lose them all.",Live,Alice Levine,5,0,0,0
6,10,5,"Live: Display a number. You get one rosette if your number is higher than the person's on your right and one if its lower than the person's on your left. If you display the same number as someone else, you lose them all.",Live,Asim Chaudhry,4,0,0,1
6,10,5,"Live: Display a number. You get one rosette if your number is higher than the person's on your right and one if its lower than the person's on your left. If you display the same number as someone else, you lose them all.",Live,Liza Tarbuck,0,0,0,0
6,10,5,"Live: Display a number. You get one rosette if your number is higher than the person's on your right and one if its lower than the person's on your left. If you display the same number as someone else, you lose them all.",Live,Russell Howard,0,0,0,0
6,10,5,"Live: Display a number. You get one rosette if your number is higher than the person's on your right and one if its lower than the person's on your left. If you display the same number as someone else, you lose them all.",Live,Tim Vine,3,0,0,0
7,1,1,Prize: The thing that most people would like to touch.,Prize,James Acaster,2,0,0,0
7,1,1,Prize: The thing that most people would like to touch.,Prize,Jessica Knappett,1,0,0,0
7,1,1,Prize: The thing that most people would like to touch.,Prize,Kerry Godliman,2,0,0,1
7,1,1,Prize: The thing that most people would like to touch.,Prize,Phil Wang,5,0,0,0
7,1,1,Prize: The thing that most people would like to touch.,Prize,Rhod Gilbert,4,0,0,0
7,1,2,Design and demonstrate the best quick-change outfit.,Normal,James Acaster,2,0,0,0
7,1,2,Design and demonstrate the best quick-change outfit.,Normal,Jessica Knappett,4,0,0,0
7,1,2,Design and demonstrate the best quick-change outfit.,Normal,Kerry Godliman,5,0,0,1
7,1,2,Design and demonstrate the best quick-change outfit.,Normal,Phil Wang,1,0,0,0
7,1,2,Design and demonstrate the best quick-change outfit.,Normal,Rhod Gilbert,3,0,0,0
7,1,3,Build the highest tower.,Normal,James Acaster,1,0,0,0
7,1,3,Build the highest tower.,Normal,Jessica Knappett,3,0,0,0
7,1,3,Build the highest tower.,Normal,Kerry Godliman,4,0,0,1
7,1,3,Build the highest tower.,Normal,Phil Wang,2,0,0,0
7,1,3,Build the highest tower.,Normal,Rhod Gilbert,5,0,0,0
7,1,4,Work out the circumference of the caravan in baked beans.,Normal,James Acaster,4,0,0,0
7,1,4,Work out the circumference of the caravan in baked beans.,Normal,Jessica Knappett,3,0,0,0
7,1,4,Work out the circumference of the caravan in baked beans.,Normal,Kerry Godliman,5,0,0,1
7,1,4,Work out the circumference of the caravan in baked beans.,Normal,Phil Wang,1,0,0,0
7,1,4,Work out the circumference of the caravan in baked beans.,Normal,Rhod Gilbert,2,0,0,0
7,1,5,Live: Make the best fruit display hat. You may not touch or tamper with your hat. Only the fruit picker-uppers may touch the fruit. You may only hold the fruit picker-uppers by their handles.,Live,James Acaster,2,0,0,0
7,1,5,Live: Make the best fruit display hat. You may not touch or tamper with your hat. Only the fruit picker-uppers may touch the fruit. You may only hold the fruit picker-uppers by their handles.,Live,Jessica Knappett,3,0,0,0
7,1,5,Live: Make the best fruit display hat. You may not touch or tamper with your hat. Only the fruit picker-uppers may touch the fruit. You may only hold the fruit picker-uppers by their handles.,Live,Kerry Godliman,4,0,0,1
7,1,5,Live: Make the best fruit display hat. You may not touch or tamper with your hat. Only the fruit picker-uppers may touch the fruit. You may only hold the fruit picker-uppers by their handles.,Live,Phil Wang,4,0,0,0
7,1,5,Live: Make the best fruit display hat. You may not touch or tamper with your hat. Only the fruit picker-uppers may touch the fruit. You may only hold the fruit picker-uppers by their handles.,Live,Rhod Gilbert,5,0,0,0
7,2,1,Prize: Boldest belt.,Prize,James Acaster,1,0,0,0
7,2,1,Prize: Boldest belt.,Prize,Jessica Knappett,2,0,0,1
7,2,1,Prize: Boldest belt.,Prize,Kerry Godliman,3,0,0,0
7,2,1,Prize: Boldest belt.,Prize,Phil Wang,4,0,0,0
7,2,1,Prize: Boldest belt.,Prize,Rhod Gilbert,5,0,0,0
7,2,2,Write a ten-word story before you reach the finish line. You must be running while writing.,Normal,James Acaster,5,0,0,0
7,2,2,Write a ten-word story before you reach the finish line. You must be running while writing.,Normal,Jessica Knappett,4,0,0,1
7,2,2,Write a ten-word story before you reach the finish line. You must be running while writing.,Normal,Kerry Godliman,3,0,0,0
7,2,2,Write a ten-word story before you reach the finish line. You must be running while writing.,Normal,Phil Wang,2,0,0,0
7,2,2,Write a ten-word story before you reach the finish line. You must be running while writing.,Normal,Rhod Gilbert,1,0,0,0
7,2,3,Team: Paint the best picture of this still life. The painter must remain blindfolded throughout. The other person may not move from their chair and may only say certain words.,Team,James Acaster,3,0,0,0
7,2,3,Team: Paint the best picture of this still life. The painter must remain blindfolded throughout. The other person may not move from their chair and may only say certain words.,Team,Jessica Knappett,2,0,0,1
7,2,3,Team: Paint the best picture of this still life. The painter must remain blindfolded throughout. The other person may not move from their chair and may only say certain words.,Team,Kerry Godliman,2,0,0,0
7,2,3,Team: Paint the best picture of this still life. The painter must remain blindfolded throughout. The other person may not move from their chair and may only say certain words.,Team,Phil Wang,3,0,0,0
7,2,3,Team: Paint the best picture of this still life. The painter must remain blindfolded throughout. The other person may not move from their chair and may only say certain words.,Team,Rhod Gilbert,3,0,0,0
7,2,4,"Predict what one of the other contestants (specified) will do with one of the objects and and do something yourself with one of the objects. You also get 5 points if a third contestant (specified, different) correctly predicts your own action.",Normal,James Acaster,5,0,0,0
7,2,4,"Predict what one of the other contestants (specified) will do with one of the objects and and do something yourself with one of the objects. You also get 5 points if a third contestant (specified, different) correctly predicts your own action.",Normal,Jessica Knappett,10,0,0,1
7,2,4,"Predict what one of the other contestants (specified) will do with one of the objects and and do something yourself with one of the objects. You also get 5 points if a third contestant (specified, different) correctly predicts your own action.",Normal,Kerry Godliman,5,0,0,0
7,2,4,"Predict what one of the other contestants (specified) will do with one of the objects and and do something yourself with one of the objects. You also get 5 points if a third contestant (specified, different) correctly predicts your own action.",Normal,Phil Wang,5,0,0,0
7,2,4,"Predict what one of the other contestants (specified) will do with one of the objects and and do something yourself with one of the objects. You also get 5 points if a third contestant (specified, different) correctly predicts your own action.",Normal,Rhod Gilbert,5,0,0,0
7,2,5,Draw the biggest and best circle. Your circle must be completed in one single sweep.,Normal,James Acaster,1,0,0,0
7,2,5,Draw the biggest and best circle. Your circle must be completed in one single sweep.,Normal,Jessica Knappett,3,0,0,1
7,2,5,Draw the biggest and best circle. Your circle must be completed in one single sweep.,Normal,Kerry Godliman,5,0,0,0
7,2,5,Draw the biggest and best circle. Your circle must be completed in one single sweep.,Normal,Phil Wang,2,0,0,0
7,2,5,Draw the biggest and best circle. Your circle must be completed in one single sweep.,Normal,Rhod Gilbert,4,0,0,0
7,2,6,"Live: Make the highest tower of cans within your hoop. If you step out of your hoop during the 100 seconds, you will be disqualified. | What number is written on Alex's left forearm?",Live,James Acaster,1,0,0,0
7,2,6,"Live: Make the highest tower of cans within your hoop. If you step out of your hoop during the 100 seconds, you will be disqualified. | What number is written on Alex's left forearm?",Live,Jessica Knappett,2,0,0,1
7,2,6,"Live: Make the highest tower of cans within your hoop. If you step out of your hoop during the 100 seconds, you will be disqualified. | What number is written on Alex's left forearm?",Live,Kerry Godliman,5,0,0,0
7,2,6,"Live: Make the highest tower of cans within your hoop. If you step out of your hoop during the 100 seconds, you will be disqualified. | What number is written on Alex's left forearm?",Live,Phil Wang,3,0,0,0
7,2,6,"Live: Make the highest tower of cans within your hoop. If you step out of your hoop during the 100 seconds, you will be disqualified. | What number is written on Alex's left forearm?",Live,Rhod Gilbert,4,0,0,0
7,3,1,Prize: Best thing from the '90s.,Prize,James Acaster,4,0,0,1
7,3,1,Prize: Best thing from the '90s.,Prize,Jessica Knappett,0,1,0,0
7,3,1,Prize: Best thing from the '90s.,Prize,Kerry Godliman,5,0,0,0
7,3,1,Prize: Best thing from the '90s.,Prize,Phil Wang,3,0,0,0
7,3,1,Prize: Best thing from the '90s.,Prize,Rhod Gilbert,0,1,0,0
7,3,2,Excite Alex.,Normal,James Acaster,4,0,0,1
7,3,2,Excite Alex.,Normal,Jessica Knappett,5,0,0,0
7,3,2,Excite Alex.,Normal,Kerry Godliman,3,0,0,0
7,3,2,Excite Alex.,Normal,Phil Wang,1,0,0,0
7,3,2,Excite Alex.,Normal,Rhod Gilbert,2,0,0,0
7,3,3,"Make the best noise. When you are ready to make your noise, you must say ""This is my best noise"". After you have made your noise, you must remain still and silent for at least 10 seconds.",Normal,James Acaster,2,0,0,1
7,3,3,"Make the best noise. When you are ready to make your noise, you must say ""This is my best noise"". After you have made your noise, you must remain still and silent for at least 10 seconds.",Normal,Jessica Knappett,4,0,0,0
7,3,3,"Make the best noise. When you are ready to make your noise, you must say ""This is my best noise"". After you have made your noise, you must remain still and silent for at least 10 seconds.",Normal,Kerry Godliman,3,0,0,0
7,3,3,"Make the best noise. When you are ready to make your noise, you must say ""This is my best noise"". After you have made your noise, you must remain still and silent for at least 10 seconds.",Normal,Phil Wang,5,0,0,0
7,3,3,"Make the best noise. When you are ready to make your noise, you must say ""This is my best noise"". After you have made your noise, you must remain still and silent for at least 10 seconds.",Normal,Rhod Gilbert,1,0,0,0
7,3,4,Get this ball in that hole in as few strokes as possible. The ball must only be struck. The ball must never be carried.,Normal,James Acaster,3,0,0,1
7,3,4,Get this ball in that hole in as few strokes as possible. The ball must only be struck. The ball must never be carried.,Normal,Jessica Knappett,1,0,0,0
7,3,4,Get this ball in that hole in as few strokes as possible. The ball must only be struck. The ball must never be carried.,Normal,Kerry Godliman,2,0,0,0
7,3,4,Get this ball in that hole in as few strokes as possible. The ball must only be struck. The ball must never be carried.,Normal,Phil Wang,4,0,0,0
7,3,4,Get this ball in that hole in as few strokes as possible. The ball must only be struck. The ball must never be carried.,Normal,Rhod Gilbert,5,0,0,0
7,3,5,Live: Write down a ten-word fact. | Live: Mouth your fact to the Taskmaster without making any noise whatsoever.,Live,James Acaster,4,0,0,1
7,3,5,Live: Write down a ten-word fact. | Live: Mouth your fact to the Taskmaster without making any noise whatsoever.,Live,Jessica Knappett,5,0,0,0
7,3,5,Live: Write down a ten-word fact. | Live: Mouth your fact to the Taskmaster without making any noise whatsoever.,Live,Kerry Godliman,4,0,0,0
7,3,5,Live: Write down a ten-word fact. | Live: Mouth your fact to the Taskmaster without making any noise whatsoever.,Live,Phil Wang,2,0,0,0
7,3,5,Live: Write down a ten-word fact. | Live: Mouth your fact to the Taskmaster without making any noise whatsoever.,Live,Rhod Gilbert,1,0,0,0
7,3,6,Bonus: Best fact.,Normal,James Acaster,1,0,0,1
7,3,6,Bonus: Best fact.,Normal,Jessica Knappett,0,0,0,0
7,3,6,Bonus: Best fact.,Normal,Kerry Godliman,0,0,0,0
7,3,6,Bonus: Best fact.,Normal,Phil Wang,0,0,0,0
7,3,6,Bonus: Best fact.,Normal,Rhod Gilbert,0,0,0,0
7,4,1,Prize: Most confusing thing.,Prize,James Acaster,1,0,0,1
7,4,1,Prize: Most confusing thing.,Prize,Jessica Knappett,5,0,0,0
7,4,1,Prize: Most confusing thing.,Prize,Kerry Godliman,2,0,0,0
7,4,1,Prize: Most confusing thing.,Prize,Phil Wang,4,0,0,0
7,4,1,Prize: Most confusing thing.,Prize,Rhod Gilbert,3,0,0,0
7,4,2,Work out what happens when you flick this switch on. You may not take this switch out of this room.,Normal,James Acaster,5,0,0,1
7,4,2,Work out what happens when you flick this switch on. You may not take this switch out of this room.,Normal,Jessica Knappett,2,0,0,0
7,4,2,Work out what happens when you flick this switch on. You may not take this switch out of this room.,Normal,Kerry Godliman,4,0,0,0
7,4,2,Work out what happens when you flick this switch on. You may not take this switch out of this room.,Normal,Phil Wang,3,0,0,0
7,4,2,Work out what happens when you flick this switch on. You may not take this switch out of this room.,Normal,Rhod Gilbert,1,0,0,0
7,4,3,Dramatically alter your appearance. You may start altering your appearance when you are inside the lift and the doors have closed. You must stop altering your appearance when the doors open again.,Normal,James Acaster,1,0,0,1
7,4,3,Dramatically alter your appearance. You may start altering your appearance when you are inside the lift and the doors have closed. You must stop altering your appearance when the doors open again.,Normal,Jessica Knappett,4,0,0,0
7,4,3,Dramatically alter your appearance. You may start altering your appearance when you are inside the lift and the doors have closed. You must stop altering your appearance when the doors open again.,Normal,Kerry Godliman,3,0,0,0
7,4,3,Dramatically alter your appearance. You may start altering your appearance when you are inside the lift and the doors have closed. You must stop altering your appearance when the doors open again.,Normal,Phil Wang,2,0,0,0
7,4,3,Dramatically alter your appearance. You may start altering your appearance when you are inside the lift and the doors have closed. You must stop altering your appearance when the doors open again.,Normal,Rhod Gilbert,5,0,0,0
7,4,4,Make these scales read 31.770kg. The scales must read 31.770kg for at least 5 seconds.,Normal,James Acaster,5,0,0,1
7,4,4,Make these scales read 31.770kg. The scales must read 31.770kg for at least 5 seconds.,Normal,Jessica Knappett,1,0,0,0
7,4,4,Make these scales read 31.770kg. The scales must read 31.770kg for at least 5 seconds.,Normal,Kerry Godliman,3,0,0,0
7,4,4,Make these scales read 31.770kg. The scales must read 31.770kg for at least 5 seconds.,Normal,Phil Wang,2,0,0,0
7,4,4,Make these scales read 31.770kg. The scales must read 31.770kg for at least 5 seconds.,Normal,Rhod Gilbert,4,0,0,0
7,4,5,Live: Correctly don the most items of clothing. | Make the best loo roll paper airplane.,Live,James Acaster,5,0,0,1
7,4,5,Live: Correctly don the most items of clothing. | Make the best loo roll paper airplane.,Live,Jessica Knappett,4,0,0,0
7,4,5,Live: Correctly don the most items of clothing. | Make the best loo roll paper airplane.,Live,Kerry Godliman,4,0,0,0
7,4,5,Live: Correctly don the most items of clothing. | Make the best loo roll paper airplane.,Live,Phil Wang,1,0,0,0
7,4,5,Live: Correctly don the most items of clothing. | Make the best loo roll paper airplane.,Live,Rhod Gilbert,4,0,0,0
7,5,1,Prize: Worst present from a named relative.,Prize,James Acaster,2,0,0,0
7,5,1,Prize: Worst present from a named relative.,Prize,Jessica Knappett,5,0,0,1
7,5,1,Prize: Worst present from a named relative.,Prize,Kerry Godliman,3,0,0,0
7,5,1,Prize: Worst present from a named relative.,Prize,Phil Wang,1,0,0,0
7,5,1,Prize: Worst present from a named relative.,Prize,Rhod Gilbert,4,0,0,0
7,5,2,Deliver this task to Alex in the most spectacular way. Alex is in his caravan.,Live,James Acaster,5,0,0,0
7,5,2,Deliver this task to Alex in the most spectacular way. Alex is in his caravan.,Live,Jessica Knappett,3,0,0,1
7,5,2,Deliver this task to Alex in the most spectacular way. Alex is in his caravan.,Live,Kerry Godliman,1,0,0,0
7,5,2,Deliver this task to Alex in the most spectacular way. Alex is in his caravan.,Live,Phil Wang,2,0,0,0
7,5,2,Deliver this task to Alex in the most spectacular way. Alex is in his caravan.,Live,Rhod Gilbert,4,0,0,0
7,5,3,Make as many white circles on the target as possible. You must not step beyond this rope. You must not move the rope or the target.,Normal,James Acaster,5,0,0,0
7,5,3,Make as many white circles on the target as possible. You must not step beyond this rope. You must not move the rope or the target.,Normal,Jessica Knappett,5,0,0,1
7,5,3,Make as many white circles on the target as possible. You must not step beyond this rope. You must not move the rope or the target.,Normal,Kerry Godliman,5,0,0,0
7,5,3,Make as many white circles on the target as possible. You must not step beyond this rope. You must not move the rope or the target.,Normal,Phil Wang,0,0,0,0
7,5,3,Make as many white circles on the target as possible. You must not step beyond this rope. You must not move the rope or the target.,Normal,Rhod Gilbert,5,0,0,0
7,5,4,Cheer up this former traffic warden.,Normal,James Acaster,5,0,0,0
7,5,4,Cheer up this former traffic warden.,Normal,Jessica Knappett,5,0,0,1
7,5,4,Cheer up this former traffic warden.,Normal,Kerry Godliman,1,0,0,0
7,5,4,Cheer up this former traffic warden.,Normal,Phil Wang,3,0,0,0
7,5,4,Cheer up this former traffic warden.,Normal,Rhod Gilbert,2,0,0,0
7,5,5,Team: Make yourselves look as little or big as possible.,Team,James Acaster,3,0,0,0
7,5,5,Team: Make yourselves look as little or big as possible.,Team,Jessica Knappett,2,0,0,1
7,5,5,Team: Make yourselves look as little or big as possible.,Team,Kerry Godliman,2,0,0,0
7,5,5,Team: Make yourselves look as little or big as possible.,Team,Phil Wang,3,0,0,0
7,5,5,Team: Make yourselves look as little or big as possible.,Team,Rhod Gilbert,3,0,0,0
7,5,6,"Team Live: Taking it in turn, each team must dangle one of these items on the hanger. A different member of the team must dangle each time. Once you've touched one of the items, you must dangle it, and you must dangle it within 20 seconds of the previous dangler.",Live,James Acaster,0,0,0,0
7,5,6,"Team Live: Taking it in turn, each team must dangle one of these items on the hanger. A different member of the team must dangle each time. Once you've touched one of the items, you must dangle it, and you must dangle it within 20 seconds of the previous dangler.",Live,Jessica Knappett,5,0,0,1
7,5,6,"Team Live: Taking it in turn, each team must dangle one of these items on the hanger. A different member of the team must dangle each time. Once you've touched one of the items, you must dangle it, and you must dangle it within 20 seconds of the previous dangler.",Live,Kerry Godliman,5,0,0,0
7,5,6,"Team Live: Taking it in turn, each team must dangle one of these items on the hanger. A different member of the team must dangle each time. Once you've touched one of the items, you must dangle it, and you must dangle it within 20 seconds of the previous dangler.",Live,Phil Wang,0,0,0,0
7,5,6,"Team Live: Taking it in turn, each team must dangle one of these items on the hanger. A different member of the team must dangle each time. Once you've touched one of the items, you must dangle it, and you must dangle it within 20 seconds of the previous dangler.",Live,Rhod Gilbert,0,0,0,0
7,6,1,Prize: Best key.,Prize,James Acaster,1,0,0,1
7,6,1,Prize: Best key.,Prize,Jessica Knappett,4,0,0,0
7,6,1,Prize: Best key.,Prize,Kerry Godliman,5,0,0,0
7,6,1,Prize: Best key.,Prize,Phil Wang,2,0,0,0
7,6,1,Prize: Best key.,Prize,Rhod Gilbert,3,0,0,0
7,6,2,Put exactly 50 different things in this bin.,Normal,James Acaster,5,0,0,1
7,6,2,Put exactly 50 different things in this bin.,Normal,Jessica Knappett,2,0,0,0
7,6,2,Put exactly 50 different things in this bin.,Normal,Kerry Godliman,4,0,0,0
7,6,2,Put exactly 50 different things in this bin.,Normal,Phil Wang,2,0,0,0
7,6,2,Put exactly 50 different things in this bin.,Normal,Rhod Gilbert,3,0,0,0
7,6,3,"Using all the items on this mat, make the best picture of the Taskmaster.",Normal,James Acaster,5,0,0,1
7,6,3,"Using all the items on this mat, make the best picture of the Taskmaster.",Normal,Jessica Knappett,2,0,0,0
7,6,3,"Using all the items on this mat, make the best picture of the Taskmaster.",Normal,Kerry Godliman,3,0,0,0
7,6,3,"Using all the items on this mat, make the best picture of the Taskmaster.",Normal,Phil Wang,1,0,0,0
7,6,3,"Using all the items on this mat, make the best picture of the Taskmaster.",Normal,Rhod Gilbert,4,0,0,0
7,6,4,Team: Write and perform the most suspenseful soap opera cliff-hanger. Your scene may last no more than one minute.,Team,James Acaster,3,0,0,1
7,6,4,Team: Write and perform the most suspenseful soap opera cliff-hanger. Your scene may last no more than one minute.,Team,Jessica Knappett,2,0,0,0
7,6,4,Team: Write and perform the most suspenseful soap opera cliff-hanger. Your scene may last no more than one minute.,Team,Kerry Godliman,2,0,0,0
7,6,4,Team: Write and perform the most suspenseful soap opera cliff-hanger. Your scene may last no more than one minute.,Team,Phil Wang,3,0,0,0
7,6,4,Team: Write and perform the most suspenseful soap opera cliff-hanger. Your scene may last no more than one minute.,Team,Rhod Gilbert,3,0,0,0
7,6,5,"In the lab, there are 10 pairs of glasses. The pairs of glasses may not leave the lab. Without breaking any of the pairs of glasses, put all the pairs of glasses into the smallest of these boxes. You must select your box before leaving the caravan, and may not then change your mind.",Normal,James Acaster,2,0,0,1
7,6,5,"In the lab, there are 10 pairs of glasses. The pairs of glasses may not leave the lab. Without breaking any of the pairs of glasses, put all the pairs of glasses into the smallest of these boxes. You must select your box before leaving the caravan, and may not then change your mind.",Normal,Jessica Knappett,4,0,0,0
7,6,5,"In the lab, there are 10 pairs of glasses. The pairs of glasses may not leave the lab. Without breaking any of the pairs of glasses, put all the pairs of glasses into the smallest of these boxes. You must select your box before leaving the caravan, and may not then change your mind.",Normal,Kerry Godliman,3,0,0,0
7,6,5,"In the lab, there are 10 pairs of glasses. The pairs of glasses may not leave the lab. Without breaking any of the pairs of glasses, put all the pairs of glasses into the smallest of these boxes. You must select your box before leaving the caravan, and may not then change your mind.",Normal,Phil Wang,5,0,0,0
7,6,5,"In the lab, there are 10 pairs of glasses. The pairs of glasses may not leave the lab. Without breaking any of the pairs of glasses, put all the pairs of glasses into the smallest of these boxes. You must select your box before leaving the caravan, and may not then change your mind.",Normal,Rhod Gilbert,0,1,0,0
7,6,6,"Live: Get your doughnut as high as possible. You must be holding hands with the people on either side of you at all times. If your doughnut is in the air after the 100 seconds, its height will be measured from where it lands.",Live,James Acaster,3,0,0,1
7,6,6,"Live: Get your doughnut as high as possible. You must be holding hands with the people on either side of you at all times. If your doughnut is in the air after the 100 seconds, its height will be measured from where it lands.",Live,Jessica Knappett,2,0,0,0
7,6,6,"Live: Get your doughnut as high as possible. You must be holding hands with the people on either side of you at all times. If your doughnut is in the air after the 100 seconds, its height will be measured from where it lands.",Live,Kerry Godliman,0,1,0,0
7,6,6,"Live: Get your doughnut as high as possible. You must be holding hands with the people on either side of you at all times. If your doughnut is in the air after the 100 seconds, its height will be measured from where it lands.",Live,Phil Wang,4,0,0,0
7,6,6,"Live: Get your doughnut as high as possible. You must be holding hands with the people on either side of you at all times. If your doughnut is in the air after the 100 seconds, its height will be measured from where it lands.",Live,Rhod Gilbert,5,0,0,0
7,7,1,Prize: Most exciting thing beginning with G.,Prize,James Acaster,2,0,0,0
7,7,1,Prize: Most exciting thing beginning with G.,Prize,Jessica Knappett,1,0,0,0
7,7,1,Prize: Most exciting thing beginning with G.,Prize,Kerry Godliman,1,0,0,0
7,7,1,Prize: Most exciting thing beginning with G.,Prize,Phil Wang,1,0,0,0
7,7,1,Prize: Most exciting thing beginning with G.,Prize,Rhod Gilbert,2,0,0,1
7,7,2,"Throw something into the bin on the other side of this fence. You may not use ladders, you may not touch the fence and you must stay this side of the fence.",Normal,James Acaster,1,0,0,0
7,7,2,"Throw something into the bin on the other side of this fence. You may not use ladders, you may not touch the fence and you must stay this side of the fence.",Normal,Jessica Knappett,3,0,0,0
7,7,2,"Throw something into the bin on the other side of this fence. You may not use ladders, you may not touch the fence and you must stay this side of the fence.",Normal,Kerry Godliman,2,0,0,0
7,7,2,"Throw something into the bin on the other side of this fence. You may not use ladders, you may not touch the fence and you must stay this side of the fence.",Normal,Phil Wang,4,0,0,0
7,7,2,"Throw something into the bin on the other side of this fence. You may not use ladders, you may not touch the fence and you must stay this side of the fence.",Normal,Rhod Gilbert,5,0,0,1
7,7,3,Don't blink.,Normal,James Acaster,3,0,0,0
7,7,3,Don't blink.,Normal,Jessica Knappett,4,0,0,0
7,7,3,Don't blink.,Normal,Kerry Godliman,1,0,0,0
7,7,3,Don't blink.,Normal,Phil Wang,2,0,0,0
7,7,3,Don't blink.,Normal,Rhod Gilbert,5,0,0,1
7,7,4,Team: Make the best extension to the Taskmaster House.,Team,James Acaster,2,0,0,0
7,7,4,Team: Make the best extension to the Taskmaster House.,Team,Jessica Knappett,4,0,0,0
7,7,4,Team: Make the best extension to the Taskmaster House.,Team,Kerry Godliman,4,0,0,0
7,7,4,Team: Make the best extension to the Taskmaster House.,Team,Phil Wang,1,0,0,0
7,7,4,Team: Make the best extension to the Taskmaster House.,Team,Rhod Gilbert,1,0,0,1
7,7,5,Make the best Christmas cracker.,Normal,James Acaster,3,0,0,0
7,7,5,Make the best Christmas cracker.,Normal,Jessica Knappett,3,0,0,0
7,7,5,Make the best Christmas cracker.,Normal,Kerry Godliman,3,0,0,0
7,7,5,Make the best Christmas cracker.,Normal,Phil Wang,5,0,0,0
7,7,5,Make the best Christmas cracker.,Normal,Rhod Gilbert,3,0,0,1
7,7,6,Live: Walk over and hit that drum in exactly 9.58 seconds.,Live,James Acaster,4,0,0,0
7,7,6,Live: Walk over and hit that drum in exactly 9.58 seconds.,Live,Jessica Knappett,1,0,0,0
7,7,6,Live: Walk over and hit that drum in exactly 9.58 seconds.,Live,Kerry Godliman,3,0,0,0
7,7,6,Live: Walk over and hit that drum in exactly 9.58 seconds.,Live,Phil Wang,2,0,0,0
7,7,6,Live: Walk over and hit that drum in exactly 9.58 seconds.,Live,Rhod Gilbert,5,0,0,1
7,7,7,Bonus: Most magnificent walk.,Normal,James Acaster,0,0,0,0
7,7,7,Bonus: Most magnificent walk.,Normal,Jessica Knappett,2,0,0,0
7,7,7,Bonus: Most magnificent walk.,Normal,Kerry Godliman,0,0,0,0
7,7,7,Bonus: Most magnificent walk.,Normal,Phil Wang,0,0,0,0
7,7,7,Bonus: Most magnificent walk.,Normal,Rhod Gilbert,0,0,0,1
7,8,1,Prize: Creepiest thing.,Prize,James Acaster,4,0,0,0
7,8,1,Prize: Creepiest thing.,Prize,Jessica Knappett,2,0,0,0
7,8,1,Prize: Creepiest thing.,Prize,Kerry Godliman,5,0,0,0
7,8,1,Prize: Creepiest thing.,Prize,Phil Wang,1,0,0,0
7,8,1,Prize: Creepiest thing.,Prize,Rhod Gilbert,5,0,0,1
7,8,2,Poke something out of the hole in the roof of this grotto.,Normal,James Acaster,2,0,0,0
7,8,2,Poke something out of the hole in the roof of this grotto.,Normal,Jessica Knappett,4,0,0,0
7,8,2,Poke something out of the hole in the roof of this grotto.,Normal,Kerry Godliman,2,0,0,0
7,8,2,Poke something out of the hole in the roof of this grotto.,Normal,Phil Wang,2,0,0,0
7,8,2,Poke something out of the hole in the roof of this grotto.,Normal,Rhod Gilbert,5,0,0,1
7,8,3,Puzzle: C. Now look in the microwave (End task: Scream).,Normal,James Acaster,5,0,0,0
7,8,3,Puzzle: C. Now look in the microwave (End task: Scream).,Normal,Jessica Knappett,4,0,0,0
7,8,3,Puzzle: C. Now look in the microwave (End task: Scream).,Normal,Kerry Godliman,3,0,0,0
7,8,3,Puzzle: C. Now look in the microwave (End task: Scream).,Normal,Phil Wang,2,0,0,0
7,8,3,Puzzle: C. Now look in the microwave (End task: Scream).,Normal,Rhod Gilbert,1,0,0,1
7,8,4,Compose the best 30 second piece of music.,Normal,James Acaster,4,0,0,0
7,8,4,Compose the best 30 second piece of music.,Normal,Jessica Knappett,5,0,0,0
7,8,4,Compose the best 30 second piece of music.,Normal,Kerry Godliman,3,0,0,0
7,8,4,Compose the best 30 second piece of music.,Normal,Phil Wang,2,0,0,0
7,8,4,Compose the best 30 second piece of music.,Normal,Rhod Gilbert,4,0,0,1
7,8,5,Live: Bob when you hear the surname of a famous Bob. Pat when you hear the surname of a famous Pat. Kneel when you hear the surname of a famous Neil. Stew when you hear the surname of a famous Stu. Wane when you hear the surname of a famous Wayne.,Live,James Acaster,1,0,0,0
7,8,5,Live: Bob when you hear the surname of a famous Bob. Pat when you hear the surname of a famous Pat. Kneel when you hear the surname of a famous Neil. Stew when you hear the surname of a famous Stu. Wane when you hear the surname of a famous Wayne.,Live,Jessica Knappett,4,0,0,0
7,8,5,Live: Bob when you hear the surname of a famous Bob. Pat when you hear the surname of a famous Pat. Kneel when you hear the surname of a famous Neil. Stew when you hear the surname of a famous Stu. Wane when you hear the surname of a famous Wayne.,Live,Kerry Godliman,3,0,0,0
7,8,5,Live: Bob when you hear the surname of a famous Bob. Pat when you hear the surname of a famous Pat. Kneel when you hear the surname of a famous Neil. Stew when you hear the surname of a famous Stu. Wane when you hear the surname of a famous Wayne.,Live,Phil Wang,2,0,0,0
7,8,5,Live: Bob when you hear the surname of a famous Bob. Pat when you hear the surname of a famous Pat. Kneel when you hear the surname of a famous Neil. Stew when you hear the surname of a famous Stu. Wane when you hear the surname of a famous Wayne.,Live,Rhod Gilbert,5,0,0,1
7,9,1,Prize: Most surprisingly beautiful thing.,Prize,James Acaster,3,0,0,0
7,9,1,Prize: Most surprisingly beautiful thing.,Prize,Jessica Knappett,4,0,0,0
7,9,1,Prize: Most surprisingly beautiful thing.,Prize,Kerry Godliman,2,0,0,1
7,9,1,Prize: Most surprisingly beautiful thing.,Prize,Phil Wang,5,0,0,0
7,9,1,Prize: Most surprisingly beautiful thing.,Prize,Rhod Gilbert,1,0,0,0
7,9,2,"Put the most money in the small bowl. You may not touch the small bowl. The small bowl must not sink. Also, you must say your own name at least once every 30 seconds.",Normal,James Acaster,0,1,0,0
7,9,2,"Put the most money in the small bowl. You may not touch the small bowl. The small bowl must not sink. Also, you must say your own name at least once every 30 seconds.",Normal,Jessica Knappett,0,1,0,0
7,9,2,"Put the most money in the small bowl. You may not touch the small bowl. The small bowl must not sink. Also, you must say your own name at least once every 30 seconds.",Normal,Kerry Godliman,5,0,0,1
7,9,2,"Put the most money in the small bowl. You may not touch the small bowl. The small bowl must not sink. Also, you must say your own name at least once every 30 seconds.",Normal,Phil Wang,0,1,0,0
7,9,2,"Put the most money in the small bowl. You may not touch the small bowl. The small bowl must not sink. Also, you must say your own name at least once every 30 seconds.",Normal,Rhod Gilbert,0,1,0,0
7,9,3,Be photographed in the most unusual situation wearing this fez.,Normal,James Acaster,0,0,0,0
7,9,3,Be photographed in the most unusual situation wearing this fez.,Normal,Jessica Knappett,3,0,0,0
7,9,3,Be photographed in the most unusual situation wearing this fez.,Normal,Kerry Godliman,2,0,0,1
7,9,3,Be photographed in the most unusual situation wearing this fez.,Normal,Phil Wang,0,0,0,0
7,9,3,Be photographed in the most unusual situation wearing this fez.,Normal,Rhod Gilbert,1,0,0,0
7,9,4,Hula. | Live: Improve your hulaing.,Normal,James Acaster,2,0,0,0
7,9,4,Hula. | Live: Improve your hulaing.,Normal,Jessica Knappett,0,0,0,0
7,9,4,Hula. | Live: Improve your hulaing.,Normal,Kerry Godliman,0,0,0,1
7,9,4,Hula. | Live: Improve your hulaing.,Normal,Phil Wang,1,0,0,0
7,9,4,Hula. | Live: Improve your hulaing.,Normal,Rhod Gilbert,0,0,0,0
7,9,5,"Find the sock with a satsuma inside. You may not look inside any of the socks. You may squeeze 5 socks, strike 10 socks and sniff 20 socks. You may put your hand inside 3 socks. You may put 11 socks on your feet.",Normal,James Acaster,3,0,0,0
7,9,5,"Find the sock with a satsuma inside. You may not look inside any of the socks. You may squeeze 5 socks, strike 10 socks and sniff 20 socks. You may put your hand inside 3 socks. You may put 11 socks on your feet.",Normal,Jessica Knappett,2,0,0,0
7,9,5,"Find the sock with a satsuma inside. You may not look inside any of the socks. You may squeeze 5 socks, strike 10 socks and sniff 20 socks. You may put your hand inside 3 socks. You may put 11 socks on your feet.",Normal,Kerry Godliman,4,0,0,1
7,9,5,"Find the sock with a satsuma inside. You may not look inside any of the socks. You may squeeze 5 socks, strike 10 socks and sniff 20 socks. You may put your hand inside 3 socks. You may put 11 socks on your feet.",Normal,Phil Wang,0,0,0,0
7,9,5,"Find the sock with a satsuma inside. You may not look inside any of the socks. You may squeeze 5 socks, strike 10 socks and sniff 20 socks. You may put your hand inside 3 socks. You may put 11 socks on your feet.",Normal,Rhod Gilbert,4,0,0,0
7,9,6,Team: Achieve a rally of exactly 24 shots. You must each take the same amount of shots. You must be stood at least 6 foot 8 inches apart from one another. The object struck may neither touch the ground nor be held at any point during the rally.,Team,James Acaster,0,0,0,0
7,9,6,Team: Achieve a rally of exactly 24 shots. You must each take the same amount of shots. You must be stood at least 6 foot 8 inches apart from one another. The object struck may neither touch the ground nor be held at any point during the rally.,Team,Jessica Knappett,5,0,0,0
7,9,6,Team: Achieve a rally of exactly 24 shots. You must each take the same amount of shots. You must be stood at least 6 foot 8 inches apart from one another. The object struck may neither touch the ground nor be held at any point during the rally.,Team,Kerry Godliman,5,0,0,1
7,9,6,Team: Achieve a rally of exactly 24 shots. You must each take the same amount of shots. You must be stood at least 6 foot 8 inches apart from one another. The object struck may neither touch the ground nor be held at any point during the rally.,Team,Phil Wang,0,0,0,0
7,9,6,Team: Achieve a rally of exactly 24 shots. You must each take the same amount of shots. You must be stood at least 6 foot 8 inches apart from one another. The object struck may neither touch the ground nor be held at any point during the rally.,Team,Rhod Gilbert,0,0,0,0
7,9,7,Bonus: Most ambitious equipment.,Normal,James Acaster,1,0,0,0
7,9,7,Bonus: Most ambitious equipment.,Normal,Jessica Knappett,0,0,0,0
7,9,7,Bonus: Most ambitious equipment.,Normal,Kerry Godliman,0,0,0,1
7,9,7,Bonus: Most ambitious equipment.,Normal,Phil Wang,1,0,0,0
7,9,7,Bonus: Most ambitious equipment.,Normal,Rhod Gilbert,1,0,0,0
7,9,8,Live: Write your name and draw a happy horse on your overhead projector acetate upside down. You must not rotate or manipulate acetate.,Live,James Acaster,5,0,0,0
7,9,8,Live: Write your name and draw a happy horse on your overhead projector acetate upside down. You must not rotate or manipulate acetate.,Live,Jessica Knappett,4,0,0,0
7,9,8,Live: Write your name and draw a happy horse on your overhead projector acetate upside down. You must not rotate or manipulate acetate.,Live,Kerry Godliman,3,0,0,1
7,9,8,Live: Write your name and draw a happy horse on your overhead projector acetate upside down. You must not rotate or manipulate acetate.,Live,Phil Wang,4,0,0,0
7,9,8,Live: Write your name and draw a happy horse on your overhead projector acetate upside down. You must not rotate or manipulate acetate.,Live,Rhod Gilbert,2,0,0,0
7,10,1,Prize: Most magnificent stationery.,Prize,James Acaster,3,0,0,1
7,10,1,Prize: Most magnificent stationery.,Prize,Jessica Knappett,2,0,0,0
7,10,1,Prize: Most magnificent stationery.,Prize,Kerry Godliman,5,0,0,0
7,10,1,Prize: Most magnificent stationery.,Prize,Phil Wang,4,0,0,0
7,10,1,Prize: Most magnificent stationery.,Prize,Rhod Gilbert,1,0,0,0
7,10,2,"When you hear this siren during a future task, put on a boiler suit and lie flat on the ground. You may not touch or move a boiler suit until the siren sounds.",Normal,James Acaster,2,0,0,1
7,10,2,"When you hear this siren during a future task, put on a boiler suit and lie flat on the ground. You may not touch or move a boiler suit until the siren sounds.",Normal,Jessica Knappett,3,0,0,0
7,10,2,"When you hear this siren during a future task, put on a boiler suit and lie flat on the ground. You may not touch or move a boiler suit until the siren sounds.",Normal,Kerry Godliman,1,0,0,0
7,10,2,"When you hear this siren during a future task, put on a boiler suit and lie flat on the ground. You may not touch or move a boiler suit until the siren sounds.",Normal,Phil Wang,5,0,0,0
7,10,2,"When you hear this siren during a future task, put on a boiler suit and lie flat on the ground. You may not touch or move a boiler suit until the siren sounds.",Normal,Rhod Gilbert,4,0,0,0
7,10,3,Find the boiled egg. You may touch two eggs. You may damage two eggs. You may not damage the boiled egg.,Normal,James Acaster,5,0,0,1
7,10,3,Find the boiled egg. You may touch two eggs. You may damage two eggs. You may not damage the boiled egg.,Normal,Jessica Knappett,0,1,0,0
7,10,3,Find the boiled egg. You may touch two eggs. You may damage two eggs. You may not damage the boiled egg.,Normal,Kerry Godliman,0,1,0,0
7,10,3,Find the boiled egg. You may touch two eggs. You may damage two eggs. You may not damage the boiled egg.,Normal,Phil Wang,0,1,0,0
7,10,3,Find the boiled egg. You may touch two eggs. You may damage two eggs. You may not damage the boiled egg.,Normal,Rhod Gilbert,0,1,0,0
7,10,4,Physically recreate a classic computer game.,Normal,James Acaster,5,0,0,1
7,10,4,Physically recreate a classic computer game.,Normal,Jessica Knappett,3,0,0,0
7,10,4,Physically recreate a classic computer game.,Normal,Kerry Godliman,2,0,0,0
7,10,4,Physically recreate a classic computer game.,Normal,Phil Wang,3,0,0,0
7,10,4,Physically recreate a classic computer game.,Normal,Rhod Gilbert,4,0,0,0
7,10,5,Tie yourself up as securely as possible. **Siren sounds**,Normal,James Acaster,4,0,0,1
7,10,5,Tie yourself up as securely as possible. **Siren sounds**,Normal,Jessica Knappett,3,0,0,0
7,10,5,Tie yourself up as securely as possible. **Siren sounds**,Normal,Kerry Godliman,2,0,0,0
7,10,5,Tie yourself up as securely as possible. **Siren sounds**,Normal,Phil Wang,1,0,0,0
7,10,5,Tie yourself up as securely as possible. **Siren sounds**,Normal,Rhod Gilbert,5,0,0,0
7,10,6,"Live: Prod the person in front of you with either a finger or a sausage. If the prodded person guesses incorrectly whether they were prodded by a finger or a sausage, they get eliminated.",Live,James Acaster,0,0,0,1
7,10,6,"Live: Prod the person in front of you with either a finger or a sausage. If the prodded person guesses incorrectly whether they were prodded by a finger or a sausage, they get eliminated.",Live,Jessica Knappett,0,0,0,0
7,10,6,"Live: Prod the person in front of you with either a finger or a sausage. If the prodded person guesses incorrectly whether they were prodded by a finger or a sausage, they get eliminated.",Live,Kerry Godliman,5,0,0,0
7,10,6,"Live: Prod the person in front of you with either a finger or a sausage. If the prodded person guesses incorrectly whether they were prodded by a finger or a sausage, they get eliminated.",Live,Phil Wang,0,0,0,0
7,10,6,"Live: Prod the person in front of you with either a finger or a sausage. If the prodded person guesses incorrectly whether they were prodded by a finger or a sausage, they get eliminated.",Live,Rhod Gilbert,0,0,0,0
8,1,1,Prize: Most powerful smell.,Prize,Iain Stirling,2,0,0,1
8,1,1,Prize: Most powerful smell.,Prize,Joe Thomas,1,0,0,0
8,1,1,Prize: Most powerful smell.,Prize,Lou Sanders,5,0,0,0
8,1,1,Prize: Most powerful smell.,Prize,Paul Sinha,3,0,0,0
8,1,1,Prize: Most powerful smell.,Prize,Sian Gibson,3,0,0,0
8,1,2,Find the receiver of this baby monitor. You must leave your hat on.,Normal,Iain Stirling,5,0,0,1
8,1,2,Find the receiver of this baby monitor. You must leave your hat on.,Normal,Joe Thomas,3,0,0,0
8,1,2,Find the receiver of this baby monitor. You must leave your hat on.,Normal,Lou Sanders,2,0,0,0
8,1,2,Find the receiver of this baby monitor. You must leave your hat on.,Normal,Paul Sinha,1,0,0,0
8,1,2,Find the receiver of this baby monitor. You must leave your hat on.,Normal,Sian Gibson,4,0,0,0
8,1,3,Make the best ventriloquist dummy and be chatted up by it.,Normal,Iain Stirling,5,0,0,1
8,1,3,Make the best ventriloquist dummy and be chatted up by it.,Normal,Joe Thomas,1,0,0,0
8,1,3,Make the best ventriloquist dummy and be chatted up by it.,Normal,Lou Sanders,4,0,0,0
8,1,3,Make the best ventriloquist dummy and be chatted up by it.,Normal,Paul Sinha,4,0,0,0
8,1,3,Make the best ventriloquist dummy and be chatted up by it.,Normal,Sian Gibson,4,0,0,0
8,1,4,"Alex is on that bridge in the distance with lights on his head. Get as close as you can to Alex without him noticing you. Alex will duck down behind the wall for 10 seconds, then pop up for 10 seconds, then back down for 10 seconds, and so on until he notice you.",Normal,Iain Stirling,4,0,0,1
8,1,4,"Alex is on that bridge in the distance with lights on his head. Get as close as you can to Alex without him noticing you. Alex will duck down behind the wall for 10 seconds, then pop up for 10 seconds, then back down for 10 seconds, and so on until he notice you.",Normal,Joe Thomas,5,0,0,0
8,1,4,"Alex is on that bridge in the distance with lights on his head. Get as close as you can to Alex without him noticing you. Alex will duck down behind the wall for 10 seconds, then pop up for 10 seconds, then back down for 10 seconds, and so on until he notice you.",Normal,Lou Sanders,4,0,0,0
8,1,4,"Alex is on that bridge in the distance with lights on his head. Get as close as you can to Alex without him noticing you. Alex will duck down behind the wall for 10 seconds, then pop up for 10 seconds, then back down for 10 seconds, and so on until he notice you.",Normal,Paul Sinha,1,0,0,0
8,1,4,"Alex is on that bridge in the distance with lights on his head. Get as close as you can to Alex without him noticing you. Alex will duck down behind the wall for 10 seconds, then pop up for 10 seconds, then back down for 10 seconds, and so on until he notice you.",Normal,Sian Gibson,2,0,0,0
8,1,5,Live: Get the greatest weight of doughnuts in your bucket. You must have your hands on your hips at all times. | Peel a banana using only your feet. You cannot touch the banana with your hands. The peeled banana cannot be damaged.,Live,Iain Stirling,4,0,0,1
8,1,5,Live: Get the greatest weight of doughnuts in your bucket. You must have your hands on your hips at all times. | Peel a banana using only your feet. You cannot touch the banana with your hands. The peeled banana cannot be damaged.,Live,Joe Thomas,2,0,0,0
8,1,5,Live: Get the greatest weight of doughnuts in your bucket. You must have your hands on your hips at all times. | Peel a banana using only your feet. You cannot touch the banana with your hands. The peeled banana cannot be damaged.,Live,Lou Sanders,5,0,0,0
8,1,5,Live: Get the greatest weight of doughnuts in your bucket. You must have your hands on your hips at all times. | Peel a banana using only your feet. You cannot touch the banana with your hands. The peeled banana cannot be damaged.,Live,Paul Sinha,1,0,0,0
8,1,5,Live: Get the greatest weight of doughnuts in your bucket. You must have your hands on your hips at all times. | Peel a banana using only your feet. You cannot touch the banana with your hands. The peeled banana cannot be damaged.,Live,Sian Gibson,3,0,0,0
8,2,1,Prize: Best pair of things.,Prize,Iain Stirling,4,0,0,0
8,2,1,Prize: Best pair of things.,Prize,Joe Thomas,1,0,0,0
8,2,1,Prize: Best pair of things.,Prize,Lou Sanders,3,0,0,1
8,2,1,Prize: Best pair of things.,Prize,Paul Sinha,4,0,0,0
8,2,1,Prize: Best pair of things.,Prize,Sian Gibson,5,0,0,0
8,2,2,"Put something on your face that looks like a moustache from a long distance away, but when you get up close, you realise it's something completely different to what you thought.",Normal,Iain Stirling,2,0,0,0
8,2,2,"Put something on your face that looks like a moustache from a long distance away, but when you get up close, you realise it's something completely different to what you thought.",Normal,Joe Thomas,3,0,0,0
8,2,2,"Put something on your face that looks like a moustache from a long distance away, but when you get up close, you realise it's something completely different to what you thought.",Normal,Lou Sanders,4,0,0,1
8,2,2,"Put something on your face that looks like a moustache from a long distance away, but when you get up close, you realise it's something completely different to what you thought.",Normal,Paul Sinha,5,0,0,0
8,2,2,"Put something on your face that looks like a moustache from a long distance away, but when you get up close, you realise it's something completely different to what you thought.",Normal,Sian Gibson,1,0,0,0
8,2,3,Get this rice into the bottle in the living room. You may only use the shopping basket and its contents to transport and deliver the rice. You may not touch the rice with anything other than the shopping basket and its contents. You may not take the bottle out of the living room.,Live,Iain Stirling,3,0,0,0
8,2,3,Get this rice into the bottle in the living room. You may only use the shopping basket and its contents to transport and deliver the rice. You may not touch the rice with anything other than the shopping basket and its contents. You may not take the bottle out of the living room.,Live,Joe Thomas,5,0,0,0
8,2,3,Get this rice into the bottle in the living room. You may only use the shopping basket and its contents to transport and deliver the rice. You may not touch the rice with anything other than the shopping basket and its contents. You may not take the bottle out of the living room.,Live,Lou Sanders,4,0,0,1
8,2,3,Get this rice into the bottle in the living room. You may only use the shopping basket and its contents to transport and deliver the rice. You may not touch the rice with anything other than the shopping basket and its contents. You may not take the bottle out of the living room.,Live,Paul Sinha,0,1,0,0
8,2,3,Get this rice into the bottle in the living room. You may only use the shopping basket and its contents to transport and deliver the rice. You may not touch the rice with anything other than the shopping basket and its contents. You may not take the bottle out of the living room.,Live,Sian Gibson,2,0,0,0
8,2,4,Bonus: For accepting disqualification with grace and being a reasonable man.,Normal,Iain Stirling,0,0,0,0
8,2,4,Bonus: For accepting disqualification with grace and being a reasonable man.,Normal,Joe Thomas,0,0,0,0
8,2,4,Bonus: For accepting disqualification with grace and being a reasonable man.,Normal,Lou Sanders,0,0,0,1
8,2,4,Bonus: For accepting disqualification with grace and being a reasonable man.,Normal,Paul Sinha,1,0,0,0
8,2,4,Bonus: For accepting disqualification with grace and being a reasonable man.,Normal,Sian Gibson,0,0,0,0
8,2,5,"Team: Tell your teammates what is in this chest. Your teammates must not see what is in the chest. After reading the task out, you may not speak until the task is over. In the first minute, you may only use facial expressions. In the second minute, you may only make noises. In the third minute, you may only shout adjectives. From then on, you may only whisper verbs.",Team,Iain Stirling,2,0,0,0
8,2,5,"Team: Tell your teammates what is in this chest. Your teammates must not see what is in the chest. After reading the task out, you may not speak until the task is over. In the first minute, you may only use facial expressions. In the second minute, you may only make noises. In the third minute, you may only shout adjectives. From then on, you may only whisper verbs.",Team,Joe Thomas,3,0,0,0
8,2,5,"Team: Tell your teammates what is in this chest. Your teammates must not see what is in the chest. After reading the task out, you may not speak until the task is over. In the first minute, you may only use facial expressions. In the second minute, you may only make noises. In the third minute, you may only shout adjectives. From then on, you may only whisper verbs.",Team,Lou Sanders,2,0,0,1
8,2,5,"Team: Tell your teammates what is in this chest. Your teammates must not see what is in the chest. After reading the task out, you may not speak until the task is over. In the first minute, you may only use facial expressions. In the second minute, you may only make noises. In the third minute, you may only shout adjectives. From then on, you may only whisper verbs.",Team,Paul Sinha,2,0,0,0
8,2,5,"Team: Tell your teammates what is in this chest. Your teammates must not see what is in the chest. After reading the task out, you may not speak until the task is over. In the first minute, you may only use facial expressions. In the second minute, you may only make noises. In the third minute, you may only shout adjectives. From then on, you may only whisper verbs.",Team,Sian Gibson,3,0,0,0
8,2,6,Travel the furthest distance while making a constant noise with your mouth.,Normal,Iain Stirling,1,0,0,0
8,2,6,Travel the furthest distance while making a constant noise with your mouth.,Normal,Joe Thomas,5,0,0,0
8,2,6,Travel the furthest distance while making a constant noise with your mouth.,Normal,Lou Sanders,4,0,0,1
8,2,6,Travel the furthest distance while making a constant noise with your mouth.,Normal,Paul Sinha,2,0,0,0
8,2,6,Travel the furthest distance while making a constant noise with your mouth.,Normal,Sian Gibson,3,0,0,0
8,2,7,"Live: Say a species of bird, eat a grape, then shout a competitor's name within five seconds of hearing your own name. If you fail to say a different species of bird, pop a grape in your mouth and shout a competitor's name within five seconds of hearing your own name, you will be eliminated. You must not say any bird that has previously been said during the task.",Live,Iain Stirling,1,0,0,0
8,2,7,"Live: Say a species of bird, eat a grape, then shout a competitor's name within five seconds of hearing your own name. If you fail to say a different species of bird, pop a grape in your mouth and shout a competitor's name within five seconds of hearing your own name, you will be eliminated. You must not say any bird that has previously been said during the task.",Live,Joe Thomas,3,0,0,0
8,2,7,"Live: Say a species of bird, eat a grape, then shout a competitor's name within five seconds of hearing your own name. If you fail to say a different species of bird, pop a grape in your mouth and shout a competitor's name within five seconds of hearing your own name, you will be eliminated. You must not say any bird that has previously been said during the task.",Live,Lou Sanders,4,0,0,1
8,2,7,"Live: Say a species of bird, eat a grape, then shout a competitor's name within five seconds of hearing your own name. If you fail to say a different species of bird, pop a grape in your mouth and shout a competitor's name within five seconds of hearing your own name, you will be eliminated. You must not say any bird that has previously been said during the task.",Live,Paul Sinha,5,0,0,0
8,2,7,"Live: Say a species of bird, eat a grape, then shout a competitor's name within five seconds of hearing your own name. If you fail to say a different species of bird, pop a grape in your mouth and shout a competitor's name within five seconds of hearing your own name, you will be eliminated. You must not say any bird that has previously been said during the task.",Live,Sian Gibson,2,0,0,0
8,3,1,Prize: Best burstable item.,Prize,Iain Stirling,3,0,0,0
8,3,1,Prize: Best burstable item.,Prize,Joe Thomas,2,0,0,0
8,3,1,Prize: Best burstable item.,Prize,Lou Sanders,1,0,0,1
8,3,1,Prize: Best burstable item.,Prize,Paul Sinha,4,0,0,0
8,3,1,Prize: Best burstable item.,Prize,Sian Gibson,5,0,0,0
8,3,2,Build the best volcano.,Normal,Iain Stirling,2,0,0,0
8,3,2,Build the best volcano.,Normal,Joe Thomas,5,0,0,0
8,3,2,Build the best volcano.,Normal,Lou Sanders,5,0,0,1
8,3,2,Build the best volcano.,Normal,Paul Sinha,3,0,0,0
8,3,2,Build the best volcano.,Normal,Sian Gibson,2,0,0,0
8,3,3,Work out what Alex Horne is wearing next door. Both you and Alex must stay in your seats at all times. Alex Horne may only communicate with Alex Horne's horn.,Normal,Iain Stirling,3,0,0,0
8,3,3,Work out what Alex Horne is wearing next door. Both you and Alex must stay in your seats at all times. Alex Horne may only communicate with Alex Horne's horn.,Normal,Joe Thomas,0,0,0,0
8,3,3,Work out what Alex Horne is wearing next door. Both you and Alex must stay in your seats at all times. Alex Horne may only communicate with Alex Horne's horn.,Normal,Lou Sanders,4,0,0,1
8,3,3,Work out what Alex Horne is wearing next door. Both you and Alex must stay in your seats at all times. Alex Horne may only communicate with Alex Horne's horn.,Normal,Paul Sinha,2,0,0,0
8,3,3,Work out what Alex Horne is wearing next door. Both you and Alex must stay in your seats at all times. Alex Horne may only communicate with Alex Horne's horn.,Normal,Sian Gibson,5,0,0,0
8,3,4,"Alex is in the living room. In 20 minutes from now, you must apologise to Alex for something you've done in that time.",Normal,Iain Stirling,4,0,0,0
8,3,4,"Alex is in the living room. In 20 minutes from now, you must apologise to Alex for something you've done in that time.",Normal,Joe Thomas,2,0,0,0
8,3,4,"Alex is in the living room. In 20 minutes from now, you must apologise to Alex for something you've done in that time.",Normal,Lou Sanders,5,0,0,1
8,3,4,"Alex is in the living room. In 20 minutes from now, you must apologise to Alex for something you've done in that time.",Normal,Paul Sinha,1,0,0,0
8,3,4,"Alex is in the living room. In 20 minutes from now, you must apologise to Alex for something you've done in that time.",Normal,Sian Gibson,3,0,0,0
8,3,5,"Live: Get into one sleeping bag with your arms through the arm-holes, the zip zipped up and the hood on your head. Then stand to attention and salute the Taskmaster for a five full seconds. Then get into the other sleeping bag with your arms in the arm-holes, the zip zipped up and the hood on your head whilst still in your first sleeping bag. Then skip once.",Live,Iain Stirling,5,0,0,0
8,3,5,"Live: Get into one sleeping bag with your arms through the arm-holes, the zip zipped up and the hood on your head. Then stand to attention and salute the Taskmaster for a five full seconds. Then get into the other sleeping bag with your arms in the arm-holes, the zip zipped up and the hood on your head whilst still in your first sleeping bag. Then skip once.",Live,Joe Thomas,1,0,0,0
8,3,5,"Live: Get into one sleeping bag with your arms through the arm-holes, the zip zipped up and the hood on your head. Then stand to attention and salute the Taskmaster for a five full seconds. Then get into the other sleeping bag with your arms in the arm-holes, the zip zipped up and the hood on your head whilst still in your first sleeping bag. Then skip once.",Live,Lou Sanders,4,0,0,1
8,3,5,"Live: Get into one sleeping bag with your arms through the arm-holes, the zip zipped up and the hood on your head. Then stand to attention and salute the Taskmaster for a five full seconds. Then get into the other sleeping bag with your arms in the arm-holes, the zip zipped up and the hood on your head whilst still in your first sleeping bag. Then skip once.",Live,Paul Sinha,1,0,0,0
8,3,5,"Live: Get into one sleeping bag with your arms through the arm-holes, the zip zipped up and the hood on your head. Then stand to attention and salute the Taskmaster for a five full seconds. Then get into the other sleeping bag with your arms in the arm-holes, the zip zipped up and the hood on your head whilst still in your first sleeping bag. Then skip once.",Live,Sian Gibson,1,0,0,0
8,4,1,Prize: Best present for a doctor.,Prize,Iain Stirling,1,0,0,0
8,4,1,Prize: Best present for a doctor.,Prize,Joe Thomas,4,0,0,1
8,4,1,Prize: Best present for a doctor.,Prize,Lou Sanders,3,0,0,0
8,4,1,Prize: Best present for a doctor.,Prize,Paul Sinha,1,0,0,0
8,4,1,Prize: Best present for a doctor.,Prize,Sian Gibson,5,0,0,0
8,4,2,Get this loo roll through the toilet seat. You must not lower the toilet seat.,Normal,Iain Stirling,5,0,0,0
8,4,2,Get this loo roll through the toilet seat. You must not lower the toilet seat.,Normal,Joe Thomas,3,0,0,1
8,4,2,Get this loo roll through the toilet seat. You must not lower the toilet seat.,Normal,Lou Sanders,4,0,0,0
8,4,2,Get this loo roll through the toilet seat. You must not lower the toilet seat.,Normal,Paul Sinha,1,0,0,0
8,4,2,Get this loo roll through the toilet seat. You must not lower the toilet seat.,Normal,Sian Gibson,2,0,0,0
8,4,3,Bonus: For getting the full loo roll through the toilet seat,Normal,Iain Stirling,0,0,0,0
8,4,3,Bonus: For getting the full loo roll through the toilet seat,Normal,Joe Thomas,1,0,0,1
8,4,3,Bonus: For getting the full loo roll through the toilet seat,Normal,Lou Sanders,0,0,0,0
8,4,3,Bonus: For getting the full loo roll through the toilet seat,Normal,Paul Sinha,0,0,0,0
8,4,3,Bonus: For getting the full loo roll through the toilet seat,Normal,Sian Gibson,0,0,0,0
8,4,4,Make the best thing to engage a toddler.,Normal,Iain Stirling,4,0,0,0
8,4,4,Make the best thing to engage a toddler.,Normal,Joe Thomas,4,0,0,1
8,4,4,Make the best thing to engage a toddler.,Normal,Lou Sanders,3,0,0,0
8,4,4,Make the best thing to engage a toddler.,Normal,Paul Sinha,5,0,0,0
8,4,4,Make the best thing to engage a toddler.,Normal,Sian Gibson,5,0,0,0
8,4,5,"Team: Put the most weight in the hammock without anything falling out of the hammock. If anything falls out of the hammock, you are disqualified.",Team,Iain Stirling,0,1,0,0
8,4,5,"Team: Put the most weight in the hammock without anything falling out of the hammock. If anything falls out of the hammock, you are disqualified.",Team,Joe Thomas,3,0,0,1
8,4,5,"Team: Put the most weight in the hammock without anything falling out of the hammock. If anything falls out of the hammock, you are disqualified.",Team,Lou Sanders,0,1,0,0
8,4,5,"Team: Put the most weight in the hammock without anything falling out of the hammock. If anything falls out of the hammock, you are disqualified.",Team,Paul Sinha,0,1,0,0
8,4,5,"Team: Put the most weight in the hammock without anything falling out of the hammock. If anything falls out of the hammock, you are disqualified.",Team,Sian Gibson,3,0,0,0
8,4,6,"Live: Choose a hoop that you think you can throw a frying pan into. Choose a distance from which you can throw a frying pan into that hoop. If you choose the big hoop, you have one attempt. If you choose the medium hoop, you have two attempts. If you choose the small hoop, you have three attempts. | Standing behind this rope, whip the bottle off the barrel.",Live,Iain Stirling,0,0,0,0
8,4,6,"Live: Choose a hoop that you think you can throw a frying pan into. Choose a distance from which you can throw a frying pan into that hoop. If you choose the big hoop, you have one attempt. If you choose the medium hoop, you have two attempts. If you choose the small hoop, you have three attempts. | Standing behind this rope, whip the bottle off the barrel.",Live,Joe Thomas,0,0,0,1
8,4,6,"Live: Choose a hoop that you think you can throw a frying pan into. Choose a distance from which you can throw a frying pan into that hoop. If you choose the big hoop, you have one attempt. If you choose the medium hoop, you have two attempts. If you choose the small hoop, you have three attempts. | Standing behind this rope, whip the bottle off the barrel.",Live,Lou Sanders,5,0,0,0
8,4,6,"Live: Choose a hoop that you think you can throw a frying pan into. Choose a distance from which you can throw a frying pan into that hoop. If you choose the big hoop, you have one attempt. If you choose the medium hoop, you have two attempts. If you choose the small hoop, you have three attempts. | Standing behind this rope, whip the bottle off the barrel.",Live,Paul Sinha,4,0,0,0
8,4,6,"Live: Choose a hoop that you think you can throw a frying pan into. Choose a distance from which you can throw a frying pan into that hoop. If you choose the big hoop, you have one attempt. If you choose the medium hoop, you have two attempts. If you choose the small hoop, you have three attempts. | Standing behind this rope, whip the bottle off the barrel.",Live,Sian Gibson,0,0,0,0
8,5,1,Prize: Best face.,Prize,Iain Stirling,5,0,0,1
8,5,1,Prize: Best face.,Prize,Joe Thomas,1,0,0,0
8,5,1,Prize: Best face.,Prize,Lou Sanders,2,0,0,0
8,5,1,Prize: Best face.,Prize,Paul Sinha,4,0,0,0
8,5,1,Prize: Best face.,Prize,Sian Gibson,3,0,0,0
8,5,2,Divert the sand from bucket A into bucket B. You may not touch the sand. You may not move the buckets. You may not leave the room.,Normal,Iain Stirling,0,1,0,1
8,5,2,Divert the sand from bucket A into bucket B. You may not touch the sand. You may not move the buckets. You may not leave the room.,Normal,Joe Thomas,4,0,0,0
8,5,2,Divert the sand from bucket A into bucket B. You may not touch the sand. You may not move the buckets. You may not leave the room.,Normal,Lou Sanders,5,0,0,0
8,5,2,Divert the sand from bucket A into bucket B. You may not touch the sand. You may not move the buckets. You may not leave the room.,Normal,Paul Sinha,2,0,0,0
8,5,2,Divert the sand from bucket A into bucket B. You may not touch the sand. You may not move the buckets. You may not leave the room.,Normal,Sian Gibson,3,0,0,0
8,5,3,"Make the most realistic injury using food. If two or more people use tomato ketchup, they are disqualified.",Normal,Iain Stirling,4,0,0,1
8,5,3,"Make the most realistic injury using food. If two or more people use tomato ketchup, they are disqualified.",Normal,Joe Thomas,4,0,0,0
8,5,3,"Make the most realistic injury using food. If two or more people use tomato ketchup, they are disqualified.",Normal,Lou Sanders,4,0,0,0
8,5,3,"Make the most realistic injury using food. If two or more people use tomato ketchup, they are disqualified.",Normal,Paul Sinha,1,0,0,0
8,5,3,"Make the most realistic injury using food. If two or more people use tomato ketchup, they are disqualified.",Normal,Sian Gibson,5,0,0,0
8,5,4,"Team: Have a long-distance game of catch with this beach ball. One team member must be filmed in one location throwing the ball out of shot. Another team member must then be filmed in another location, catching the ball correctly and throwing the ball out of shot and so on.",Team,Iain Stirling,3,0,0,1
8,5,4,"Team: Have a long-distance game of catch with this beach ball. One team member must be filmed in one location throwing the ball out of shot. Another team member must then be filmed in another location, catching the ball correctly and throwing the ball out of shot and so on.",Team,Joe Thomas,2,0,0,0
8,5,4,"Team: Have a long-distance game of catch with this beach ball. One team member must be filmed in one location throwing the ball out of shot. Another team member must then be filmed in another location, catching the ball correctly and throwing the ball out of shot and so on.",Team,Lou Sanders,3,0,0,0
8,5,4,"Team: Have a long-distance game of catch with this beach ball. One team member must be filmed in one location throwing the ball out of shot. Another team member must then be filmed in another location, catching the ball correctly and throwing the ball out of shot and so on.",Team,Paul Sinha,3,0,0,0
8,5,4,"Team: Have a long-distance game of catch with this beach ball. One team member must be filmed in one location throwing the ball out of shot. Another team member must then be filmed in another location, catching the ball correctly and throwing the ball out of shot and so on.",Team,Sian Gibson,2,0,0,0
8,5,5,Bonus: Most distance covered on their own.,Normal,Iain Stirling,0,0,0,1
8,5,5,Bonus: Most distance covered on their own.,Normal,Joe Thomas,0,0,0,0
8,5,5,Bonus: Most distance covered on their own.,Normal,Lou Sanders,0,0,0,0
8,5,5,Bonus: Most distance covered on their own.,Normal,Paul Sinha,1,0,0,0
8,5,5,Bonus: Most distance covered on their own.,Normal,Sian Gibson,0,0,0,0
8,5,6,"Herd the most ping-pong balls into the ping-pong pen. You may only touch the ping-pong balls with the basketball, the string or one little finger. You may not move the ping-pong pens.. Secret Instruction : Herd this ball and you halve your total.",Normal,Iain Stirling,5,0,0,1
8,5,6,"Herd the most ping-pong balls into the ping-pong pen. You may only touch the ping-pong balls with the basketball, the string or one little finger. You may not move the ping-pong pens.. Secret Instruction : Herd this ball and you halve your total.",Normal,Joe Thomas,4,0,0,0
8,5,6,"Herd the most ping-pong balls into the ping-pong pen. You may only touch the ping-pong balls with the basketball, the string or one little finger. You may not move the ping-pong pens.. Secret Instruction : Herd this ball and you halve your total.",Normal,Lou Sanders,4,0,0,0
8,5,6,"Herd the most ping-pong balls into the ping-pong pen. You may only touch the ping-pong balls with the basketball, the string or one little finger. You may not move the ping-pong pens.. Secret Instruction : Herd this ball and you halve your total.",Normal,Paul Sinha,1,0,0,0
8,5,6,"Herd the most ping-pong balls into the ping-pong pen. You may only touch the ping-pong balls with the basketball, the string or one little finger. You may not move the ping-pong pens.. Secret Instruction : Herd this ball and you halve your total.",Normal,Sian Gibson,2,0,0,0
8,5,7,"Live: Recreate the scene in the box. You will parade past it once, and must be touching the person in front of you throughout the parade.",Live,Iain Stirling,4,0,0,1
8,5,7,"Live: Recreate the scene in the box. You will parade past it once, and must be touching the person in front of you throughout the parade.",Live,Joe Thomas,5,0,0,0
8,5,7,"Live: Recreate the scene in the box. You will parade past it once, and must be touching the person in front of you throughout the parade.",Live,Lou Sanders,2,0,0,0
8,5,7,"Live: Recreate the scene in the box. You will parade past it once, and must be touching the person in front of you throughout the parade.",Live,Paul Sinha,2,0,0,0
8,5,7,"Live: Recreate the scene in the box. You will parade past it once, and must be touching the person in front of you throughout the parade.",Live,Sian Gibson,2,0,0,0
8,6,1,Prize: Best see-through item.,Prize,Iain Stirling,1,0,0,0
8,6,1,Prize: Best see-through item.,Prize,Joe Thomas,4,0,0,0
8,6,1,Prize: Best see-through item.,Prize,Lou Sanders,1,0,0,0
8,6,1,Prize: Best see-through item.,Prize,Paul Sinha,1,0,0,0
8,6,1,Prize: Best see-through item.,Prize,Sian Gibson,1,0,0,1
8,6,2,Completely conceal yourself in this phone box. No part of you or your clothing may be visible from outside the phone box.,Normal,Iain Stirling,5,0,0,0
8,6,2,Completely conceal yourself in this phone box. No part of you or your clothing may be visible from outside the phone box.,Normal,Joe Thomas,2,0,0,0
8,6,2,Completely conceal yourself in this phone box. No part of you or your clothing may be visible from outside the phone box.,Normal,Lou Sanders,4,0,0,0
8,6,2,Completely conceal yourself in this phone box. No part of you or your clothing may be visible from outside the phone box.,Normal,Paul Sinha,1,0,0,0
8,6,2,Completely conceal yourself in this phone box. No part of you or your clothing may be visible from outside the phone box.,Normal,Sian Gibson,2,0,0,1
8,6,3,Team: Design the most iconic album cover.,Team,Iain Stirling,2,0,0,0
8,6,3,Team: Design the most iconic album cover.,Team,Joe Thomas,4,0,0,0
8,6,3,Team: Design the most iconic album cover.,Team,Lou Sanders,2,0,0,0
8,6,3,Team: Design the most iconic album cover.,Team,Paul Sinha,2,0,0,0
8,6,3,Team: Design the most iconic album cover.,Team,Sian Gibson,4,0,0,1
8,6,4,"In five minutes, you must return this pack of cards to Alex in the lab and tell Alex the order that the cards are currently in. You may not leave this room during the five minutes.",Normal,Iain Stirling,2,0,0,0
8,6,4,"In five minutes, you must return this pack of cards to Alex in the lab and tell Alex the order that the cards are currently in. You may not leave this room during the five minutes.",Normal,Joe Thomas,4,0,0,0
8,6,4,"In five minutes, you must return this pack of cards to Alex in the lab and tell Alex the order that the cards are currently in. You may not leave this room during the five minutes.",Normal,Lou Sanders,0,1,0,0
8,6,4,"In five minutes, you must return this pack of cards to Alex in the lab and tell Alex the order that the cards are currently in. You may not leave this room during the five minutes.",Normal,Paul Sinha,5,0,0,0
8,6,4,"In five minutes, you must return this pack of cards to Alex in the lab and tell Alex the order that the cards are currently in. You may not leave this room during the five minutes.",Normal,Sian Gibson,3,0,0,1
8,6,5,"Score a goal from the furthest distance. You may take only one shot. If you don't score a goal, you're disqualified. You must perform a terrific goal celebration whether or not you score a goal.",Normal,Iain Stirling,0,1,0,0
8,6,5,"Score a goal from the furthest distance. You may take only one shot. If you don't score a goal, you're disqualified. You must perform a terrific goal celebration whether or not you score a goal.",Normal,Joe Thomas,0,1,0,0
8,6,5,"Score a goal from the furthest distance. You may take only one shot. If you don't score a goal, you're disqualified. You must perform a terrific goal celebration whether or not you score a goal.",Normal,Lou Sanders,0,1,0,0
8,6,5,"Score a goal from the furthest distance. You may take only one shot. If you don't score a goal, you're disqualified. You must perform a terrific goal celebration whether or not you score a goal.",Normal,Paul Sinha,0,1,0,0
8,6,5,"Score a goal from the furthest distance. You may take only one shot. If you don't score a goal, you're disqualified. You must perform a terrific goal celebration whether or not you score a goal.",Normal,Sian Gibson,5,0,0,1
8,6,6,Bonus: Best goal celebration.,Normal,Iain Stirling,0,0,0,0
8,6,6,Bonus: Best goal celebration.,Normal,Joe Thomas,0,0,0,0
8,6,6,Bonus: Best goal celebration.,Normal,Lou Sanders,0,0,0,0
8,6,6,Bonus: Best goal celebration.,Normal,Paul Sinha,0,0,0,0
8,6,6,Bonus: Best goal celebration.,Normal,Sian Gibson,0,0,0,1
8,6,7,"Live: Standing behind the first line, roll your loo roll beyond the second line. If your loo roll fails to cross the second line or falls from the runway, you are eliminated from the task. | Live: Retrieve your shoe. You may not cross the line in front of you. If your shoe falls off your loo roll, or your loo roll breaks, you are eliminated from the task.",Live,Iain Stirling,0,0,0,0
8,6,7,"Live: Standing behind the first line, roll your loo roll beyond the second line. If your loo roll fails to cross the second line or falls from the runway, you are eliminated from the task. | Live: Retrieve your shoe. You may not cross the line in front of you. If your shoe falls off your loo roll, or your loo roll breaks, you are eliminated from the task.",Live,Joe Thomas,0,1,0,0
8,6,7,"Live: Standing behind the first line, roll your loo roll beyond the second line. If your loo roll fails to cross the second line or falls from the runway, you are eliminated from the task. | Live: Retrieve your shoe. You may not cross the line in front of you. If your shoe falls off your loo roll, or your loo roll breaks, you are eliminated from the task.",Live,Lou Sanders,5,0,0,0
8,6,7,"Live: Standing behind the first line, roll your loo roll beyond the second line. If your loo roll fails to cross the second line or falls from the runway, you are eliminated from the task. | Live: Retrieve your shoe. You may not cross the line in front of you. If your shoe falls off your loo roll, or your loo roll breaks, you are eliminated from the task.",Live,Paul Sinha,0,1,0,0
8,6,7,"Live: Standing behind the first line, roll your loo roll beyond the second line. If your loo roll fails to cross the second line or falls from the runway, you are eliminated from the task. | Live: Retrieve your shoe. You may not cross the line in front of you. If your shoe falls off your loo roll, or your loo roll breaks, you are eliminated from the task.",Live,Sian Gibson,0,0,0,1
8,7,1,Prize: Best slippery thing.,Prize,Iain Stirling,3,0,0,0
8,7,1,Prize: Best slippery thing.,Prize,Joe Thomas,4,0,0,1
8,7,1,Prize: Best slippery thing.,Prize,Lou Sanders,5,0,0,0
8,7,1,Prize: Best slippery thing.,Prize,Paul Sinha,4,0,0,0
8,7,1,Prize: Best slippery thing.,Prize,Sian Gibson,2,0,0,0
8,7,2,"Find the pink ladies. If you touch or move a bowl, you must turn it over. If you find the green egg, you are disqualified.",Normal,Iain Stirling,0,1,0,0
8,7,2,"Find the pink ladies. If you touch or move a bowl, you must turn it over. If you find the green egg, you are disqualified.",Normal,Joe Thomas,5,0,0,1
8,7,2,"Find the pink ladies. If you touch or move a bowl, you must turn it over. If you find the green egg, you are disqualified.",Normal,Lou Sanders,4,0,0,0
8,7,2,"Find the pink ladies. If you touch or move a bowl, you must turn it over. If you find the green egg, you are disqualified.",Normal,Paul Sinha,3,0,0,0
8,7,2,"Find the pink ladies. If you touch or move a bowl, you must turn it over. If you find the green egg, you are disqualified.",Normal,Sian Gibson,0,1,0,0
8,7,3,"Choose an outfit that the contestant whose first name comes after yours alphabetically must wear throughout a future task. | Correctly, whilst wearing your complete outfit, identify the flavours of these crisps.",Normal,Iain Stirling,4,0,0,0
8,7,3,"Choose an outfit that the contestant whose first name comes after yours alphabetically must wear throughout a future task. | Correctly, whilst wearing your complete outfit, identify the flavours of these crisps.",Normal,Joe Thomas,5,0,0,1
8,7,3,"Choose an outfit that the contestant whose first name comes after yours alphabetically must wear throughout a future task. | Correctly, whilst wearing your complete outfit, identify the flavours of these crisps.",Normal,Lou Sanders,2,0,0,0
8,7,3,"Choose an outfit that the contestant whose first name comes after yours alphabetically must wear throughout a future task. | Correctly, whilst wearing your complete outfit, identify the flavours of these crisps.",Normal,Paul Sinha,3,0,0,0
8,7,3,"Choose an outfit that the contestant whose first name comes after yours alphabetically must wear throughout a future task. | Correctly, whilst wearing your complete outfit, identify the flavours of these crisps.",Normal,Sian Gibson,2,0,0,0
8,7,4,Do the most powerful thing with your little finger.,Normal,Iain Stirling,3,0,0,0
8,7,4,Do the most powerful thing with your little finger.,Normal,Joe Thomas,5,0,0,1
8,7,4,Do the most powerful thing with your little finger.,Normal,Lou Sanders,2,0,0,0
8,7,4,Do the most powerful thing with your little finger.,Normal,Paul Sinha,3,0,0,0
8,7,4,Do the most powerful thing with your little finger.,Normal,Sian Gibson,2,0,0,0
8,7,5,Team Live: Do not release the green egg. Each team will be asked a question in turn. If you pull the string with the correct answer you will not release the green egg. A different member of your team must answer each time.,Live,Iain Stirling,0,0,0,0
8,7,5,Team Live: Do not release the green egg. Each team will be asked a question in turn. If you pull the string with the correct answer you will not release the green egg. A different member of your team must answer each time.,Live,Joe Thomas,5,0,0,1
8,7,5,Team Live: Do not release the green egg. Each team will be asked a question in turn. If you pull the string with the correct answer you will not release the green egg. A different member of your team must answer each time.,Live,Lou Sanders,0,0,0,0
8,7,5,Team Live: Do not release the green egg. Each team will be asked a question in turn. If you pull the string with the correct answer you will not release the green egg. A different member of your team must answer each time.,Live,Paul Sinha,0,0,0,0
8,7,5,Team Live: Do not release the green egg. Each team will be asked a question in turn. If you pull the string with the correct answer you will not release the green egg. A different member of your team must answer each time.,Live,Sian Gibson,5,0,0,0
8,8,1,Prize: Nicest thing to hold.,Prize,Iain Stirling,3,0,0,0
8,8,1,Prize: Nicest thing to hold.,Prize,Joe Thomas,4,0,0,0
8,8,1,Prize: Nicest thing to hold.,Prize,Lou Sanders,2,0,0,0
8,8,1,Prize: Nicest thing to hold.,Prize,Paul Sinha,5,0,0,1
8,8,1,Prize: Nicest thing to hold.,Prize,Sian Gibson,3,0,0,0
8,8,2,Make the best picture in the sand of a former Taskmaster contestant using one of these implements. You must roll the dice to choose your implement. Nothing but air may touch the sand at any point.,Normal,Iain Stirling,5,0,0,0
8,8,2,Make the best picture in the sand of a former Taskmaster contestant using one of these implements. You must roll the dice to choose your implement. Nothing but air may touch the sand at any point.,Normal,Joe Thomas,2,0,0,0
8,8,2,Make the best picture in the sand of a former Taskmaster contestant using one of these implements. You must roll the dice to choose your implement. Nothing but air may touch the sand at any point.,Normal,Lou Sanders,2,0,0,0
8,8,2,Make the best picture in the sand of a former Taskmaster contestant using one of these implements. You must roll the dice to choose your implement. Nothing but air may touch the sand at any point.,Normal,Paul Sinha,4,0,0,1
8,8,2,Make the best picture in the sand of a former Taskmaster contestant using one of these implements. You must roll the dice to choose your implement. Nothing but air may touch the sand at any point.,Normal,Sian Gibson,1,0,0,0
8,8,3,Team: Catch all the red balls in things from the shed. Catch all the yellow balls in clothing. Don't let the green balls touch anything other than the grass. Catch the blue ball in something from the kitchen. You may not touch the ball machines. Any non-green ball that touches the ground at any point will not count.,Team,Iain Stirling,5,0,0,0
8,8,3,Team: Catch all the red balls in things from the shed. Catch all the yellow balls in clothing. Don't let the green balls touch anything other than the grass. Catch the blue ball in something from the kitchen. You may not touch the ball machines. Any non-green ball that touches the ground at any point will not count.,Team,Joe Thomas,0,1,0,0
8,8,3,Team: Catch all the red balls in things from the shed. Catch all the yellow balls in clothing. Don't let the green balls touch anything other than the grass. Catch the blue ball in something from the kitchen. You may not touch the ball machines. Any non-green ball that touches the ground at any point will not count.,Team,Lou Sanders,5,0,0,0
8,8,3,Team: Catch all the red balls in things from the shed. Catch all the yellow balls in clothing. Don't let the green balls touch anything other than the grass. Catch the blue ball in something from the kitchen. You may not touch the ball machines. Any non-green ball that touches the ground at any point will not count.,Team,Paul Sinha,5,0,0,1
8,8,3,Team: Catch all the red balls in things from the shed. Catch all the yellow balls in clothing. Don't let the green balls touch anything other than the grass. Catch the blue ball in something from the kitchen. You may not touch the ball machines. Any non-green ball that touches the ground at any point will not count.,Team,Sian Gibson,0,1,0,0
8,8,4,Make this beach ball cross the finishing line. Only water can touch the beach ball.,Normal,Iain Stirling,5,0,0,0
8,8,4,Make this beach ball cross the finishing line. Only water can touch the beach ball.,Normal,Joe Thomas,1,0,0,0
8,8,4,Make this beach ball cross the finishing line. Only water can touch the beach ball.,Normal,Lou Sanders,3,0,0,0
8,8,4,Make this beach ball cross the finishing line. Only water can touch the beach ball.,Normal,Paul Sinha,2,0,0,1
8,8,4,Make this beach ball cross the finishing line. Only water can touch the beach ball.,Normal,Sian Gibson,4,0,0,0
8,8,5,"Live: Complete the five-syllable word started by the Taskmaster. Honk your horn if you think you know what word the Taskmaster is going to say. If you guess it correctly after one syllable, you get five points. If you guess it after two syllables - four points etc. Guess it incorrectly, you lose all your points. You may only guess once per word.",Live,Iain Stirling,0,0,0,0
8,8,5,"Live: Complete the five-syllable word started by the Taskmaster. Honk your horn if you think you know what word the Taskmaster is going to say. If you guess it correctly after one syllable, you get five points. If you guess it after two syllables - four points etc. Guess it incorrectly, you lose all your points. You may only guess once per word.",Live,Joe Thomas,0,0,0,0
8,8,5,"Live: Complete the five-syllable word started by the Taskmaster. Honk your horn if you think you know what word the Taskmaster is going to say. If you guess it correctly after one syllable, you get five points. If you guess it after two syllables - four points etc. Guess it incorrectly, you lose all your points. You may only guess once per word.",Live,Lou Sanders,0,0,0,0
8,8,5,"Live: Complete the five-syllable word started by the Taskmaster. Honk your horn if you think you know what word the Taskmaster is going to say. If you guess it correctly after one syllable, you get five points. If you guess it after two syllables - four points etc. Guess it incorrectly, you lose all your points. You may only guess once per word.",Live,Paul Sinha,5,0,0,1
8,8,5,"Live: Complete the five-syllable word started by the Taskmaster. Honk your horn if you think you know what word the Taskmaster is going to say. If you guess it correctly after one syllable, you get five points. If you guess it after two syllables - four points etc. Guess it incorrectly, you lose all your points. You may only guess once per word.",Live,Sian Gibson,0,0,0,0
8,9,1,Prize: Best form of protection.,Prize,Iain Stirling,4,0,0,0
8,9,1,Prize: Best form of protection.,Prize,Joe Thomas,3,0,0,0
8,9,1,Prize: Best form of protection.,Prize,Lou Sanders,5,0,0,1
8,9,1,Prize: Best form of protection.,Prize,Paul Sinha,4,0,0,0
8,9,1,Prize: Best form of protection.,Prize,Sian Gibson,3,0,0,0
8,9,2,"Bounce one of these balls so that it lands in that bin. After propelling the ball, you may not touch or strike it on its way to that bin. You must use the ball you touch first.",Normal,Iain Stirling,3,0,0,0
8,9,2,"Bounce one of these balls so that it lands in that bin. After propelling the ball, you may not touch or strike it on its way to that bin. You must use the ball you touch first.",Normal,Joe Thomas,1,0,0,0
8,9,2,"Bounce one of these balls so that it lands in that bin. After propelling the ball, you may not touch or strike it on its way to that bin. You must use the ball you touch first.",Normal,Lou Sanders,5,0,0,1
8,9,2,"Bounce one of these balls so that it lands in that bin. After propelling the ball, you may not touch or strike it on its way to that bin. You must use the ball you touch first.",Normal,Paul Sinha,2,0,0,0
8,9,2,"Bounce one of these balls so that it lands in that bin. After propelling the ball, you may not touch or strike it on its way to that bin. You must use the ball you touch first.",Normal,Sian Gibson,4,0,0,0
8,9,3,Devise the most delicious dust.,Normal,Iain Stirling,5,0,0,0
8,9,3,Devise the most delicious dust.,Normal,Joe Thomas,4,0,0,0
8,9,3,Devise the most delicious dust.,Normal,Lou Sanders,1,0,0,1
8,9,3,Devise the most delicious dust.,Normal,Paul Sinha,3,0,0,0
8,9,3,Devise the most delicious dust.,Normal,Sian Gibson,2,0,0,0
8,9,4,Team: Make yourselves look like one person.,Team,Iain Stirling,3,0,0,0
8,9,4,Team: Make yourselves look like one person.,Team,Joe Thomas,2,0,0,0
8,9,4,Team: Make yourselves look like one person.,Team,Lou Sanders,3,0,0,1
8,9,4,Team: Make yourselves look like one person.,Team,Paul Sinha,3,0,0,0
8,9,4,Team: Make yourselves look like one person.,Team,Sian Gibson,2,0,0,0
8,9,5,"Team: Remaining as one person throughout, put on these yellow wellington boots, eat this banana, and put the banana skin in the yellow bin over there.",Team,Iain Stirling,1,0,0,0
8,9,5,"Team: Remaining as one person throughout, put on these yellow wellington boots, eat this banana, and put the banana skin in the yellow bin over there.",Team,Joe Thomas,4,0,0,0
8,9,5,"Team: Remaining as one person throughout, put on these yellow wellington boots, eat this banana, and put the banana skin in the yellow bin over there.",Team,Lou Sanders,1,0,0,1
8,9,5,"Team: Remaining as one person throughout, put on these yellow wellington boots, eat this banana, and put the banana skin in the yellow bin over there.",Team,Paul Sinha,1,0,0,0
8,9,5,"Team: Remaining as one person throughout, put on these yellow wellington boots, eat this banana, and put the banana skin in the yellow bin over there.",Team,Sian Gibson,4,0,0,0
8,9,6,"Live: Stack the most bowls and plates on your head. You must stack them one at a time. Also, you must stand upright when you stack. Also, you may not touch a bowl or plate that is already stacked. Also, you must stack the bowls and plated alternately. Also, you must stay standing on your spot throughout the task.",Live,Iain Stirling,3,0,0,0
8,9,6,"Live: Stack the most bowls and plates on your head. You must stack them one at a time. Also, you must stand upright when you stack. Also, you may not touch a bowl or plate that is already stacked. Also, you must stack the bowls and plated alternately. Also, you must stay standing on your spot throughout the task.",Live,Joe Thomas,2,0,0,0
8,9,6,"Live: Stack the most bowls and plates on your head. You must stack them one at a time. Also, you must stand upright when you stack. Also, you may not touch a bowl or plate that is already stacked. Also, you must stack the bowls and plated alternately. Also, you must stay standing on your spot throughout the task.",Live,Lou Sanders,5,0,0,1
8,9,6,"Live: Stack the most bowls and plates on your head. You must stack them one at a time. Also, you must stand upright when you stack. Also, you may not touch a bowl or plate that is already stacked. Also, you must stack the bowls and plated alternately. Also, you must stay standing on your spot throughout the task.",Live,Paul Sinha,4,0,0,0
8,9,6,"Live: Stack the most bowls and plates on your head. You must stack them one at a time. Also, you must stand upright when you stack. Also, you may not touch a bowl or plate that is already stacked. Also, you must stack the bowls and plated alternately. Also, you must stay standing on your spot throughout the task.",Live,Sian Gibson,1,0,0,0
8,10,1,Prize: Best thing that will actually change your life for the better the most.,Prize,Iain Stirling,5,0,0,1
8,10,1,Prize: Best thing that will actually change your life for the better the most.,Prize,Joe Thomas,4,0,0,0
8,10,1,Prize: Best thing that will actually change your life for the better the most.,Prize,Lou Sanders,3,0,0,0
8,10,1,Prize: Best thing that will actually change your life for the better the most.,Prize,Paul Sinha,3,0,0,0
8,10,1,Prize: Best thing that will actually change your life for the better the most.,Prize,Sian Gibson,2,0,0,0
8,10,2,Completely erase this eraser.,Normal,Iain Stirling,5,0,0,1
8,10,2,Completely erase this eraser.,Normal,Joe Thomas,1,0,0,0
8,10,2,Completely erase this eraser.,Normal,Lou Sanders,3,0,0,0
8,10,2,Completely erase this eraser.,Normal,Paul Sinha,4,0,0,0
8,10,2,Completely erase this eraser.,Normal,Sian Gibson,2,0,0,0
8,10,3,Bonus for fully erasing the eraser,Normal,Iain Stirling,0,0,0,1
8,10,3,Bonus for fully erasing the eraser,Normal,Joe Thomas,3,0,0,0
8,10,3,Bonus for fully erasing the eraser,Normal,Lou Sanders,0,0,0,0
8,10,3,Bonus for fully erasing the eraser,Normal,Paul Sinha,0,0,0,0
8,10,3,Bonus for fully erasing the eraser,Normal,Sian Gibson,0,0,0,0
8,10,4,Bonus for attempting to eat the eraser,Normal,Iain Stirling,0,0,0,1
8,10,4,Bonus for attempting to eat the eraser,Normal,Joe Thomas,0,0,0,0
8,10,4,Bonus for attempting to eat the eraser,Normal,Lou Sanders,1,0,0,0
8,10,4,Bonus for attempting to eat the eraser,Normal,Paul Sinha,0,0,0,0
8,10,4,Bonus for attempting to eat the eraser,Normal,Sian Gibson,0,0,0,0
8,10,5,Make yourself some tremendous pretend legs.,Normal,Iain Stirling,3,0,0,1
8,10,5,Make yourself some tremendous pretend legs.,Normal,Joe Thomas,1,0,0,0
8,10,5,Make yourself some tremendous pretend legs.,Normal,Lou Sanders,4,0,0,0
8,10,5,Make yourself some tremendous pretend legs.,Normal,Paul Sinha,2,0,0,0
8,10,5,Make yourself some tremendous pretend legs.,Normal,Sian Gibson,5,0,0,0
8,10,6,"Follow the instructions on the signs and park this buggy in the parking bay. You have a maximum of 10 minutes to prepare your journey, during which you may not move any of the items on the course. Your journey must start from where the buggy is now. Also, you must be wearing this blindfold correctly at all times during your journey.",Normal,Iain Stirling,5,0,0,1
8,10,6,"Follow the instructions on the signs and park this buggy in the parking bay. You have a maximum of 10 minutes to prepare your journey, during which you may not move any of the items on the course. Your journey must start from where the buggy is now. Also, you must be wearing this blindfold correctly at all times during your journey.",Normal,Joe Thomas,3,0,0,0
8,10,6,"Follow the instructions on the signs and park this buggy in the parking bay. You have a maximum of 10 minutes to prepare your journey, during which you may not move any of the items on the course. Your journey must start from where the buggy is now. Also, you must be wearing this blindfold correctly at all times during your journey.",Normal,Lou Sanders,1,0,0,0
8,10,6,"Follow the instructions on the signs and park this buggy in the parking bay. You have a maximum of 10 minutes to prepare your journey, during which you may not move any of the items on the course. Your journey must start from where the buggy is now. Also, you must be wearing this blindfold correctly at all times during your journey.",Normal,Paul Sinha,2,0,0,0
8,10,6,"Follow the instructions on the signs and park this buggy in the parking bay. You have a maximum of 10 minutes to prepare your journey, during which you may not move any of the items on the course. Your journey must start from where the buggy is now. Also, you must be wearing this blindfold correctly at all times during your journey.",Normal,Sian Gibson,4,0,0,0
8,10,7,"Live: Correctly wearing these goggles, and with your eyes open at all times, retrieve your duck. You must stand on your spot and hold your stick by the handle. You must stay standing on your spot throughout the task.",Live,Iain Stirling,0,0,0,1
8,10,7,"Live: Correctly wearing these goggles, and with your eyes open at all times, retrieve your duck. You must stand on your spot and hold your stick by the handle. You must stay standing on your spot throughout the task.",Live,Joe Thomas,0,0,0,0
8,10,7,"Live: Correctly wearing these goggles, and with your eyes open at all times, retrieve your duck. You must stand on your spot and hold your stick by the handle. You must stay standing on your spot throughout the task.",Live,Lou Sanders,0,0,0,0
8,10,7,"Live: Correctly wearing these goggles, and with your eyes open at all times, retrieve your duck. You must stand on your spot and hold your stick by the handle. You must stay standing on your spot throughout the task.",Live,Paul Sinha,0,0,0,0
8,10,7,"Live: Correctly wearing these goggles, and with your eyes open at all times, retrieve your duck. You must stand on your spot and hold your stick by the handle. You must stay standing on your spot throughout the task.",Live,Sian Gibson,0,0,0,0
9,1,1,Prize: Most stressful thing.,Prize,David Baddiel,4,0,0,0
9,1,1,Prize: Most stressful thing.,Prize,Ed Gamble,2,0,0,0
9,1,1,Prize: Most stressful thing.,Prize,Jo Brand,3,0,0,0
9,1,1,Prize: Most stressful thing.,Prize,Katy Wix,5,0,0,0
9,1,1,Prize: Most stressful thing.,Prize,Rose Matafeo,2,0,0,1
9,1,2,Hide three aubergines in this room.,Normal,David Baddiel,1,0,0,0
9,1,2,Hide three aubergines in this room.,Normal,Ed Gamble,5,0,0,0
9,1,2,Hide three aubergines in this room.,Normal,Jo Brand,2,0,0,0
9,1,2,Hide three aubergines in this room.,Normal,Katy Wix,3,0,0,0
9,1,2,Hide three aubergines in this room.,Normal,Rose Matafeo,4,0,0,1
9,1,3,Arrange the lollies in rainbow order on the board in front of you. You may only take off your goggles if you find the dodo. You may only accuse one thing of being a dodo.,Normal,David Baddiel,3,0,0,0
9,1,3,Arrange the lollies in rainbow order on the board in front of you. You may only take off your goggles if you find the dodo. You may only accuse one thing of being a dodo.,Normal,Ed Gamble,5,0,0,0
9,1,3,Arrange the lollies in rainbow order on the board in front of you. You may only take off your goggles if you find the dodo. You may only accuse one thing of being a dodo.,Normal,Jo Brand,3,0,0,0
9,1,3,Arrange the lollies in rainbow order on the board in front of you. You may only take off your goggles if you find the dodo. You may only accuse one thing of being a dodo.,Normal,Katy Wix,1,0,0,0
9,1,3,Arrange the lollies in rainbow order on the board in front of you. You may only take off your goggles if you find the dodo. You may only accuse one thing of being a dodo.,Normal,Rose Matafeo,5,0,0,1
9,1,4,Make the most dramatic entrance.,Normal,David Baddiel,1,0,0,0
9,1,4,Make the most dramatic entrance.,Normal,Ed Gamble,4,0,0,0
9,1,4,Make the most dramatic entrance.,Normal,Jo Brand,4,0,0,0
9,1,4,Make the most dramatic entrance.,Normal,Katy Wix,3,0,0,0
9,1,4,Make the most dramatic entrance.,Normal,Rose Matafeo,5,0,0,1
9,1,5,Live: Draw the second longest snake. Your snake must be at least half an inch wide at all points. Your snake must be neatly curled up again after 3 minutes.,Live,David Baddiel,5,0,0,0
9,1,5,Live: Draw the second longest snake. Your snake must be at least half an inch wide at all points. Your snake must be neatly curled up again after 3 minutes.,Live,Ed Gamble,0,0,0,0
9,1,5,Live: Draw the second longest snake. Your snake must be at least half an inch wide at all points. Your snake must be neatly curled up again after 3 minutes.,Live,Jo Brand,0,0,0,0
9,1,5,Live: Draw the second longest snake. Your snake must be at least half an inch wide at all points. Your snake must be neatly curled up again after 3 minutes.,Live,Katy Wix,0,0,0,0
9,1,5,Live: Draw the second longest snake. Your snake must be at least half an inch wide at all points. Your snake must be neatly curled up again after 3 minutes.,Live,Rose Matafeo,0,0,0,1
9,1,6,Bonus: Best snake.,Normal,David Baddiel,0,0,0,0
9,1,6,Bonus: Best snake.,Normal,Ed Gamble,0,0,0,0
9,1,6,Bonus: Best snake.,Normal,Jo Brand,0,0,0,0
9,1,6,Bonus: Best snake.,Normal,Katy Wix,0,0,0,0
9,1,6,Bonus: Best snake.,Normal,Rose Matafeo,1,0,0,1
9,2,1,Prize: Best bag.,Prize,David Baddiel,1,0,0,0
9,2,1,Prize: Best bag.,Prize,Ed Gamble,2,0,0,1
9,2,1,Prize: Best bag.,Prize,Jo Brand,3,0,0,0
9,2,1,Prize: Best bag.,Prize,Katy Wix,4,0,0,0
9,2,1,Prize: Best bag.,Prize,Rose Matafeo,5,0,0,0
9,2,2,Correctly identify which bin Alex is in. You must adhere to the commandments behind the curtain. You may only have one guess. No bins are to be opened at any point during the task unless authorised.,Normal,David Baddiel,4,0,0,0
9,2,2,Correctly identify which bin Alex is in. You must adhere to the commandments behind the curtain. You may only have one guess. No bins are to be opened at any point during the task unless authorised.,Normal,Ed Gamble,5,0,0,1
9,2,2,Correctly identify which bin Alex is in. You must adhere to the commandments behind the curtain. You may only have one guess. No bins are to be opened at any point during the task unless authorised.,Normal,Jo Brand,0,0,0,0
9,2,2,Correctly identify which bin Alex is in. You must adhere to the commandments behind the curtain. You may only have one guess. No bins are to be opened at any point during the task unless authorised.,Normal,Katy Wix,0,0,0,0
9,2,2,Correctly identify which bin Alex is in. You must adhere to the commandments behind the curtain. You may only have one guess. No bins are to be opened at any point during the task unless authorised.,Normal,Rose Matafeo,0,0,0,0
9,2,3,"Draw a portrait of the Taskmaster using 16 A1 pages. You may not remove the A1 pages from the flipchart during your drawing. After the task, the A1 pages will be laid out in the pattern shown on the front page. You may only draw on the flipchart paper.",Normal,David Baddiel,1,0,0,0
9,2,3,"Draw a portrait of the Taskmaster using 16 A1 pages. You may not remove the A1 pages from the flipchart during your drawing. After the task, the A1 pages will be laid out in the pattern shown on the front page. You may only draw on the flipchart paper.",Normal,Ed Gamble,3,0,0,1
9,2,3,"Draw a portrait of the Taskmaster using 16 A1 pages. You may not remove the A1 pages from the flipchart during your drawing. After the task, the A1 pages will be laid out in the pattern shown on the front page. You may only draw on the flipchart paper.",Normal,Jo Brand,4,0,0,0
9,2,3,"Draw a portrait of the Taskmaster using 16 A1 pages. You may not remove the A1 pages from the flipchart during your drawing. After the task, the A1 pages will be laid out in the pattern shown on the front page. You may only draw on the flipchart paper.",Normal,Katy Wix,5,0,0,0
9,2,3,"Draw a portrait of the Taskmaster using 16 A1 pages. You may not remove the A1 pages from the flipchart during your drawing. After the task, the A1 pages will be laid out in the pattern shown on the front page. You may only draw on the flipchart paper.",Normal,Rose Matafeo,3,0,0,0
9,2,4,"Team: Complete this adventure (by saying the word demeaning). Unless otherwise stated, you must stick together and only open one task when you've completed the previous one.",Team,David Baddiel,3,0,0,0
9,2,4,"Team: Complete this adventure (by saying the word demeaning). Unless otherwise stated, you must stick together and only open one task when you've completed the previous one.",Team,Ed Gamble,5,0,0,1
9,2,4,"Team: Complete this adventure (by saying the word demeaning). Unless otherwise stated, you must stick together and only open one task when you've completed the previous one.",Team,Jo Brand,3,0,0,0
9,2,4,"Team: Complete this adventure (by saying the word demeaning). Unless otherwise stated, you must stick together and only open one task when you've completed the previous one.",Team,Katy Wix,5,0,0,0
9,2,4,"Team: Complete this adventure (by saying the word demeaning). Unless otherwise stated, you must stick together and only open one task when you've completed the previous one.",Team,Rose Matafeo,5,0,0,0
9,2,5,"Live: Make a lovely little ball arrangement. | Live: Flatten all of the yellow balls, throw all the red balls into the bucket, and turn all the blue balls into one big blue ball.",Live,David Baddiel,1,0,0,0
9,2,5,"Live: Make a lovely little ball arrangement. | Live: Flatten all of the yellow balls, throw all the red balls into the bucket, and turn all the blue balls into one big blue ball.",Live,Ed Gamble,4,0,0,1
9,2,5,"Live: Make a lovely little ball arrangement. | Live: Flatten all of the yellow balls, throw all the red balls into the bucket, and turn all the blue balls into one big blue ball.",Live,Jo Brand,5,0,0,0
9,2,5,"Live: Make a lovely little ball arrangement. | Live: Flatten all of the yellow balls, throw all the red balls into the bucket, and turn all the blue balls into one big blue ball.",Live,Katy Wix,4,0,0,0
9,2,5,"Live: Make a lovely little ball arrangement. | Live: Flatten all of the yellow balls, throw all the red balls into the bucket, and turn all the blue balls into one big blue ball.",Live,Rose Matafeo,2,0,0,0
9,3,1,Prize: Weirdest wooden thing.,Prize,David Baddiel,5,0,0,0
9,3,1,Prize: Weirdest wooden thing.,Prize,Ed Gamble,3,0,0,0
9,3,1,Prize: Weirdest wooden thing.,Prize,Jo Brand,1,0,0,0
9,3,1,Prize: Weirdest wooden thing.,Prize,Katy Wix,4,0,0,1
9,3,1,Prize: Weirdest wooden thing.,Prize,Rose Matafeo,2,0,0,0
9,3,2,Go to the caravan. You must enter the caravan within 2 minutes of Alex entering the caravan. | List all the things that were hanging from the wooden board in the lab. Also say the colour of the wooden board in the lab. Also say what Alex said to you in the lab.,Normal,David Baddiel,4,0,0,0
9,3,2,Go to the caravan. You must enter the caravan within 2 minutes of Alex entering the caravan. | List all the things that were hanging from the wooden board in the lab. Also say the colour of the wooden board in the lab. Also say what Alex said to you in the lab.,Normal,Ed Gamble,3,0,0,0
9,3,2,Go to the caravan. You must enter the caravan within 2 minutes of Alex entering the caravan. | List all the things that were hanging from the wooden board in the lab. Also say the colour of the wooden board in the lab. Also say what Alex said to you in the lab.,Normal,Jo Brand,1,0,0,0
9,3,2,Go to the caravan. You must enter the caravan within 2 minutes of Alex entering the caravan. | List all the things that were hanging from the wooden board in the lab. Also say the colour of the wooden board in the lab. Also say what Alex said to you in the lab.,Normal,Katy Wix,5,0,0,1
9,3,2,Go to the caravan. You must enter the caravan within 2 minutes of Alex entering the caravan. | List all the things that were hanging from the wooden board in the lab. Also say the colour of the wooden board in the lab. Also say what Alex said to you in the lab.,Normal,Rose Matafeo,2,0,0,0
9,3,3,Build the most robust statue of the most delicate thing using the materials provided and place it on the red cross. Your delicate thing must be recognisable on the red cross an hour after you finish and should leave you feeling enormously proud of your creation.,Normal,David Baddiel,2,0,0,0
9,3,3,Build the most robust statue of the most delicate thing using the materials provided and place it on the red cross. Your delicate thing must be recognisable on the red cross an hour after you finish and should leave you feeling enormously proud of your creation.,Normal,Ed Gamble,2,0,0,0
9,3,3,Build the most robust statue of the most delicate thing using the materials provided and place it on the red cross. Your delicate thing must be recognisable on the red cross an hour after you finish and should leave you feeling enormously proud of your creation.,Normal,Jo Brand,3,0,0,0
9,3,3,Build the most robust statue of the most delicate thing using the materials provided and place it on the red cross. Your delicate thing must be recognisable on the red cross an hour after you finish and should leave you feeling enormously proud of your creation.,Normal,Katy Wix,5,0,0,1
9,3,3,Build the most robust statue of the most delicate thing using the materials provided and place it on the red cross. Your delicate thing must be recognisable on the red cross an hour after you finish and should leave you feeling enormously proud of your creation.,Normal,Rose Matafeo,4,0,0,0
9,3,4,Score a goal with this football.,Normal,David Baddiel,1,0,0,0
9,3,4,Score a goal with this football.,Normal,Ed Gamble,3,0,0,0
9,3,4,Score a goal with this football.,Normal,Jo Brand,4,0,0,0
9,3,4,Score a goal with this football.,Normal,Katy Wix,2,0,0,1
9,3,4,Score a goal with this football.,Normal,Rose Matafeo,5,0,0,0
9,3,5,Break something into the most pieces and completely fix it.,Normal,David Baddiel,2,0,0,0
9,3,5,Break something into the most pieces and completely fix it.,Normal,Ed Gamble,1,0,0,0
9,3,5,Break something into the most pieces and completely fix it.,Normal,Jo Brand,5,0,0,0
9,3,5,Break something into the most pieces and completely fix it.,Normal,Katy Wix,3,0,0,1
9,3,5,Break something into the most pieces and completely fix it.,Normal,Rose Matafeo,4,0,0,0
9,3,6,"Live: Wearing your blindfold correctly at all times, fill a pint glass with water. If you make a big mess, you are disqualified.",Live,David Baddiel,3,0,0,0
9,3,6,"Live: Wearing your blindfold correctly at all times, fill a pint glass with water. If you make a big mess, you are disqualified.",Live,Ed Gamble,5,0,0,0
9,3,6,"Live: Wearing your blindfold correctly at all times, fill a pint glass with water. If you make a big mess, you are disqualified.",Live,Jo Brand,1,0,0,0
9,3,6,"Live: Wearing your blindfold correctly at all times, fill a pint glass with water. If you make a big mess, you are disqualified.",Live,Katy Wix,4,0,0,1
9,3,6,"Live: Wearing your blindfold correctly at all times, fill a pint glass with water. If you make a big mess, you are disqualified.",Live,Rose Matafeo,3,0,0,0
9,4,1,Prize: Best thing to celebrate with on a stage.,Prize,David Baddiel,3,0,0,0
9,4,1,Prize: Best thing to celebrate with on a stage.,Prize,Ed Gamble,5,0,0,0
9,4,1,Prize: Best thing to celebrate with on a stage.,Prize,Jo Brand,4,0,0,0
9,4,1,Prize: Best thing to celebrate with on a stage.,Prize,Katy Wix,2,0,0,0
9,4,1,Prize: Best thing to celebrate with on a stage.,Prize,Rose Matafeo,2,0,0,1
9,4,2,Make the most striking water feature.,Normal,David Baddiel,4,0,0,0
9,4,2,Make the most striking water feature.,Normal,Ed Gamble,5,0,0,0
9,4,2,Make the most striking water feature.,Normal,Jo Brand,2,0,0,0
9,4,2,Make the most striking water feature.,Normal,Katy Wix,1,0,0,0
9,4,2,Make the most striking water feature.,Normal,Rose Matafeo,3,0,0,1
9,4,3,Team: Bring a classic board game to life.,Team,David Baddiel,3,0,0,0
9,4,3,Team: Bring a classic board game to life.,Team,Ed Gamble,3,0,0,0
9,4,3,Team: Bring a classic board game to life.,Team,Jo Brand,3,0,0,0
9,4,3,Team: Bring a classic board game to life.,Team,Katy Wix,3,0,0,0
9,4,3,Team: Bring a classic board game to life.,Team,Rose Matafeo,3,0,0,1
9,4,4,Say a letter of the alphabet. | Extra: You must now pick a letter of the alphabet and say that letter out loud.,Normal,David Baddiel,0,0,0,0
9,4,4,Say a letter of the alphabet. | Extra: You must now pick a letter of the alphabet and say that letter out loud.,Normal,Ed Gamble,2,0,0,0
9,4,4,Say a letter of the alphabet. | Extra: You must now pick a letter of the alphabet and say that letter out loud.,Normal,Jo Brand,0,0,0,0
9,4,4,Say a letter of the alphabet. | Extra: You must now pick a letter of the alphabet and say that letter out loud.,Normal,Katy Wix,0,0,0,0
9,4,4,Say a letter of the alphabet. | Extra: You must now pick a letter of the alphabet and say that letter out loud.,Normal,Rose Matafeo,0,0,0,1
9,4,5,Put the most things beginning with the letter you just said on this tray. The tray may not leave Alex and Alex may not leave the lab.,Normal,David Baddiel,1,0,0,0
9,4,5,Put the most things beginning with the letter you just said on this tray. The tray may not leave Alex and Alex may not leave the lab.,Normal,Ed Gamble,0,0,0,0
9,4,5,Put the most things beginning with the letter you just said on this tray. The tray may not leave Alex and Alex may not leave the lab.,Normal,Jo Brand,3,0,0,0
9,4,5,Put the most things beginning with the letter you just said on this tray. The tray may not leave Alex and Alex may not leave the lab.,Normal,Katy Wix,4,0,0,0
9,4,5,Put the most things beginning with the letter you just said on this tray. The tray may not leave Alex and Alex may not leave the lab.,Normal,Rose Matafeo,5,0,0,1
9,4,6,"Live: Throw your things far but not too far. Taking it in turns, you must select a thing and throw it beyond the line but not off the runway. If your thing does not end up in the safe zone, you are disqualified. If all the objects end up in the safe zone, the person who has thrown their thing the shortest distance is disqualified. You may not manipulate your things in any way before throwing them.",Live,David Baddiel,1,0,0,0
9,4,6,"Live: Throw your things far but not too far. Taking it in turns, you must select a thing and throw it beyond the line but not off the runway. If your thing does not end up in the safe zone, you are disqualified. If all the objects end up in the safe zone, the person who has thrown their thing the shortest distance is disqualified. You may not manipulate your things in any way before throwing them.",Live,Ed Gamble,1,0,0,0
9,4,6,"Live: Throw your things far but not too far. Taking it in turns, you must select a thing and throw it beyond the line but not off the runway. If your thing does not end up in the safe zone, you are disqualified. If all the objects end up in the safe zone, the person who has thrown their thing the shortest distance is disqualified. You may not manipulate your things in any way before throwing them.",Live,Jo Brand,4,0,0,0
9,4,6,"Live: Throw your things far but not too far. Taking it in turns, you must select a thing and throw it beyond the line but not off the runway. If your thing does not end up in the safe zone, you are disqualified. If all the objects end up in the safe zone, the person who has thrown their thing the shortest distance is disqualified. You may not manipulate your things in any way before throwing them.",Live,Katy Wix,1,0,0,0
9,4,6,"Live: Throw your things far but not too far. Taking it in turns, you must select a thing and throw it beyond the line but not off the runway. If your thing does not end up in the safe zone, you are disqualified. If all the objects end up in the safe zone, the person who has thrown their thing the shortest distance is disqualified. You may not manipulate your things in any way before throwing them.",Live,Rose Matafeo,5,0,0,1
9,5,1,Prize: Best defunct thing.,Prize,David Baddiel,5,0,0,0
9,5,1,Prize: Best defunct thing.,Prize,Ed Gamble,2,0,0,0
9,5,1,Prize: Best defunct thing.,Prize,Jo Brand,3,0,0,1
9,5,1,Prize: Best defunct thing.,Prize,Katy Wix,4,0,0,0
9,5,1,Prize: Best defunct thing.,Prize,Rose Matafeo,1,0,0,0
9,5,2,Lasso Alex. You must stand behind this line at all times.,Normal,David Baddiel,1,0,0,0
9,5,2,Lasso Alex. You must stand behind this line at all times.,Normal,Ed Gamble,2,0,0,0
9,5,2,Lasso Alex. You must stand behind this line at all times.,Normal,Jo Brand,5,0,0,1
9,5,2,Lasso Alex. You must stand behind this line at all times.,Normal,Katy Wix,3,0,0,0
9,5,2,Lasso Alex. You must stand behind this line at all times.,Normal,Rose Matafeo,4,0,0,0
9,5,3,"Make the most accurate and inventive egg timer. After which, Alex will boil an egg for as long as your egg timer lasts. The Taskmaster likes his eggs runny, but not too runny. You may not use any pre-existing timing devices.",Normal,David Baddiel,2,0,0,0
9,5,3,"Make the most accurate and inventive egg timer. After which, Alex will boil an egg for as long as your egg timer lasts. The Taskmaster likes his eggs runny, but not too runny. You may not use any pre-existing timing devices.",Normal,Ed Gamble,1,0,0,0
9,5,3,"Make the most accurate and inventive egg timer. After which, Alex will boil an egg for as long as your egg timer lasts. The Taskmaster likes his eggs runny, but not too runny. You may not use any pre-existing timing devices.",Normal,Jo Brand,5,0,0,1
9,5,3,"Make the most accurate and inventive egg timer. After which, Alex will boil an egg for as long as your egg timer lasts. The Taskmaster likes his eggs runny, but not too runny. You may not use any pre-existing timing devices.",Normal,Katy Wix,3,0,0,0
9,5,3,"Make the most accurate and inventive egg timer. After which, Alex will boil an egg for as long as your egg timer lasts. The Taskmaster likes his eggs runny, but not too runny. You may not use any pre-existing timing devices.",Normal,Rose Matafeo,4,0,0,0
9,5,4,"Team: Get to know this person. You will be tested on your knowledge of this person in ten minute's time. You may not write anything down or leave the lab. You must take it in turns to ask completely different questions. The person will tell the truth, lie, then brag, in that order, but not necessarily starting with the truth.",Team,David Baddiel,2,0,0,0
9,5,4,"Team: Get to know this person. You will be tested on your knowledge of this person in ten minute's time. You may not write anything down or leave the lab. You must take it in turns to ask completely different questions. The person will tell the truth, lie, then brag, in that order, but not necessarily starting with the truth.",Team,Ed Gamble,4,0,0,0
9,5,4,"Team: Get to know this person. You will be tested on your knowledge of this person in ten minute's time. You may not write anything down or leave the lab. You must take it in turns to ask completely different questions. The person will tell the truth, lie, then brag, in that order, but not necessarily starting with the truth.",Team,Jo Brand,2,0,0,1
9,5,4,"Team: Get to know this person. You will be tested on your knowledge of this person in ten minute's time. You may not write anything down or leave the lab. You must take it in turns to ask completely different questions. The person will tell the truth, lie, then brag, in that order, but not necessarily starting with the truth.",Team,Katy Wix,4,0,0,0
9,5,4,"Team: Get to know this person. You will be tested on your knowledge of this person in ten minute's time. You may not write anything down or leave the lab. You must take it in turns to ask completely different questions. The person will tell the truth, lie, then brag, in that order, but not necessarily starting with the truth.",Team,Rose Matafeo,4,0,0,0
9,5,5,Bonus: Recreate the person's 'big tongue' party trick.,Normal,David Baddiel,0,0,0,0
9,5,5,Bonus: Recreate the person's 'big tongue' party trick.,Normal,Ed Gamble,0,0,0,0
9,5,5,Bonus: Recreate the person's 'big tongue' party trick.,Normal,Jo Brand,1,0,0,1
9,5,5,Bonus: Recreate the person's 'big tongue' party trick.,Normal,Katy Wix,0,0,0,0
9,5,5,Bonus: Recreate the person's 'big tongue' party trick.,Normal,Rose Matafeo,0,0,0,0
9,5,6,"Live: Looking at your mirrors and facing forward at all times, build the highest tower of bricks on the table behind you. You must stay on your spot and use your litter pickers at all times.",Live,David Baddiel,2,0,0,0
9,5,6,"Live: Looking at your mirrors and facing forward at all times, build the highest tower of bricks on the table behind you. You must stay on your spot and use your litter pickers at all times.",Live,Ed Gamble,5,0,0,0
9,5,6,"Live: Looking at your mirrors and facing forward at all times, build the highest tower of bricks on the table behind you. You must stay on your spot and use your litter pickers at all times.",Live,Jo Brand,3,0,0,1
9,5,6,"Live: Looking at your mirrors and facing forward at all times, build the highest tower of bricks on the table behind you. You must stay on your spot and use your litter pickers at all times.",Live,Katy Wix,2,0,0,0
9,5,6,"Live: Looking at your mirrors and facing forward at all times, build the highest tower of bricks on the table behind you. You must stay on your spot and use your litter pickers at all times.",Live,Rose Matafeo,5,0,0,0
9,6,1,"Prize: The thing that, if you found it in a field, you'd be most pleased about.",Prize,David Baddiel,3,0,0,0
9,6,1,"Prize: The thing that, if you found it in a field, you'd be most pleased about.",Prize,Ed Gamble,5,0,0,1
9,6,1,"Prize: The thing that, if you found it in a field, you'd be most pleased about.",Prize,Jo Brand,4,0,0,0
9,6,1,"Prize: The thing that, if you found it in a field, you'd be most pleased about.",Prize,Katy Wix,1,0,0,0
9,6,1,"Prize: The thing that, if you found it in a field, you'd be most pleased about.",Prize,Rose Matafeo,2,0,0,0
9,6,2,Make a part of your body look abnormally long.,Normal,David Baddiel,1,0,0,0
9,6,2,Make a part of your body look abnormally long.,Normal,Ed Gamble,3,0,0,1
9,6,2,Make a part of your body look abnormally long.,Normal,Jo Brand,5,0,0,0
9,6,2,Make a part of your body look abnormally long.,Normal,Katy Wix,3,0,0,0
9,6,2,Make a part of your body look abnormally long.,Normal,Rose Matafeo,4,0,0,0
9,6,3,Push a melon up the slide and into the caravan with these breadsticks. Only breadsticks may touch the melon at any point. You may not adjust the slide.,Normal,David Baddiel,0,0,0,0
9,6,3,Push a melon up the slide and into the caravan with these breadsticks. Only breadsticks may touch the melon at any point. You may not adjust the slide.,Normal,Ed Gamble,5,0,0,1
9,6,3,Push a melon up the slide and into the caravan with these breadsticks. Only breadsticks may touch the melon at any point. You may not adjust the slide.,Normal,Jo Brand,0,1,0,0
9,6,3,Push a melon up the slide and into the caravan with these breadsticks. Only breadsticks may touch the melon at any point. You may not adjust the slide.,Normal,Katy Wix,0,1,0,0
9,6,3,Push a melon up the slide and into the caravan with these breadsticks. Only breadsticks may touch the melon at any point. You may not adjust the slide.,Normal,Rose Matafeo,0,1,0,0
9,6,4,Bonus: Fewest breadsticks used.,Normal,David Baddiel,0,0,0,0
9,6,4,Bonus: Fewest breadsticks used.,Normal,Ed Gamble,0,0,0,1
9,6,4,Bonus: Fewest breadsticks used.,Normal,Jo Brand,0,0,0,0
9,6,4,Bonus: Fewest breadsticks used.,Normal,Katy Wix,1,0,0,0
9,6,4,Bonus: Fewest breadsticks used.,Normal,Rose Matafeo,0,0,0,0
9,6,5,Serenade yourself.,Normal,David Baddiel,2,0,0,0
9,6,5,Serenade yourself.,Normal,Ed Gamble,5,0,0,1
9,6,5,Serenade yourself.,Normal,Jo Brand,5,0,0,0
9,6,5,Serenade yourself.,Normal,Katy Wix,3,0,0,0
9,6,5,Serenade yourself.,Normal,Rose Matafeo,5,0,0,0
9,6,6,Live: Slide a drink to the Taskmaster. The worst slider each round must leave the bar.,Live,David Baddiel,4,0,0,0
9,6,6,Live: Slide a drink to the Taskmaster. The worst slider each round must leave the bar.,Live,Ed Gamble,1,0,0,1
9,6,6,Live: Slide a drink to the Taskmaster. The worst slider each round must leave the bar.,Live,Jo Brand,2,0,0,0
9,6,6,Live: Slide a drink to the Taskmaster. The worst slider each round must leave the bar.,Live,Katy Wix,5,0,0,0
9,6,6,Live: Slide a drink to the Taskmaster. The worst slider each round must leave the bar.,Live,Rose Matafeo,3,0,0,0
9,7,1,Prize: Best thing they've taken from someone else's house.,Prize,David Baddiel,5,0,0,0
9,7,1,Prize: Best thing they've taken from someone else's house.,Prize,Ed Gamble,3,0,0,0
9,7,1,Prize: Best thing they've taken from someone else's house.,Prize,Jo Brand,1,0,0,0
9,7,1,Prize: Best thing they've taken from someone else's house.,Prize,Katy Wix,4,0,0,1
9,7,1,Prize: Best thing they've taken from someone else's house.,Prize,Rose Matafeo,2,0,0,0
9,7,2,"Get an entire egg into one of those metal things. The highest single score wins. If you get an entire egg into one of these metal things without the egg breaking, the score is doubled. You may not move the chair or the metal things and you must release your egg while on the chair.",Normal,David Baddiel,3,0,0,0
9,7,2,"Get an entire egg into one of those metal things. The highest single score wins. If you get an entire egg into one of these metal things without the egg breaking, the score is doubled. You may not move the chair or the metal things and you must release your egg while on the chair.",Normal,Ed Gamble,4,0,0,0
9,7,2,"Get an entire egg into one of those metal things. The highest single score wins. If you get an entire egg into one of these metal things without the egg breaking, the score is doubled. You may not move the chair or the metal things and you must release your egg while on the chair.",Normal,Jo Brand,2,0,0,0
9,7,2,"Get an entire egg into one of those metal things. The highest single score wins. If you get an entire egg into one of these metal things without the egg breaking, the score is doubled. You may not move the chair or the metal things and you must release your egg while on the chair.",Normal,Katy Wix,5,0,0,1
9,7,2,"Get an entire egg into one of those metal things. The highest single score wins. If you get an entire egg into one of these metal things without the egg breaking, the score is doubled. You may not move the chair or the metal things and you must release your egg while on the chair.",Normal,Rose Matafeo,1,0,0,0
9,7,3,Forge the best Mount Rushmore.,Normal,David Baddiel,5,0,0,0
9,7,3,Forge the best Mount Rushmore.,Normal,Ed Gamble,4,0,0,0
9,7,3,Forge the best Mount Rushmore.,Normal,Jo Brand,3,0,0,0
9,7,3,Forge the best Mount Rushmore.,Normal,Katy Wix,5,0,0,1
9,7,3,Forge the best Mount Rushmore.,Normal,Rose Matafeo,4,0,0,0
9,7,4,Join your hands together so your palms are touching and each finger of one hand is touching the equivalent finger on the other hand. Your hands must stay in this position for the entirety of the task. Put the most gold rings on this drumstick.,Normal,David Baddiel,1,0,0,0
9,7,4,Join your hands together so your palms are touching and each finger of one hand is touching the equivalent finger on the other hand. Your hands must stay in this position for the entirety of the task. Put the most gold rings on this drumstick.,Normal,Ed Gamble,5,0,0,0
9,7,4,Join your hands together so your palms are touching and each finger of one hand is touching the equivalent finger on the other hand. Your hands must stay in this position for the entirety of the task. Put the most gold rings on this drumstick.,Normal,Jo Brand,3,0,0,0
9,7,4,Join your hands together so your palms are touching and each finger of one hand is touching the equivalent finger on the other hand. Your hands must stay in this position for the entirety of the task. Put the most gold rings on this drumstick.,Normal,Katy Wix,5,0,0,1
9,7,4,Join your hands together so your palms are touching and each finger of one hand is touching the equivalent finger on the other hand. Your hands must stay in this position for the entirety of the task. Put the most gold rings on this drumstick.,Normal,Rose Matafeo,3,0,0,0
9,7,5,Live: Read the Taskmaster's mind. The Taskmaster will choose a card. You must state if that card features a horse or a laminator. You will receive 1 point for every correct answer in a row.,Live,David Baddiel,0,0,0,0
9,7,5,Live: Read the Taskmaster's mind. The Taskmaster will choose a card. You must state if that card features a horse or a laminator. You will receive 1 point for every correct answer in a row.,Live,Ed Gamble,1,0,0,0
9,7,5,Live: Read the Taskmaster's mind. The Taskmaster will choose a card. You must state if that card features a horse or a laminator. You will receive 1 point for every correct answer in a row.,Live,Jo Brand,13,0,0,0
9,7,5,Live: Read the Taskmaster's mind. The Taskmaster will choose a card. You must state if that card features a horse or a laminator. You will receive 1 point for every correct answer in a row.,Live,Katy Wix,5,0,0,1
9,7,5,Live: Read the Taskmaster's mind. The Taskmaster will choose a card. You must state if that card features a horse or a laminator. You will receive 1 point for every correct answer in a row.,Live,Rose Matafeo,1,0,0,0
9,8,1,Prize: Best thing from a shed.,Prize,David Baddiel,2,0,0,0
9,8,1,Prize: Best thing from a shed.,Prize,Ed Gamble,4,0,0,1
9,8,1,Prize: Best thing from a shed.,Prize,Jo Brand,5,0,0,0
9,8,1,Prize: Best thing from a shed.,Prize,Katy Wix,1,0,0,0
9,8,1,Prize: Best thing from a shed.,Prize,Rose Matafeo,3,0,0,0
9,8,2,Throw something into this pedal bin from the furthest distance. The pedal bin must be shut when you throw your thing.,Normal,David Baddiel,1,0,0,0
9,8,2,Throw something into this pedal bin from the furthest distance. The pedal bin must be shut when you throw your thing.,Normal,Ed Gamble,5,0,0,1
9,8,2,Throw something into this pedal bin from the furthest distance. The pedal bin must be shut when you throw your thing.,Normal,Jo Brand,4,0,0,0
9,8,2,Throw something into this pedal bin from the furthest distance. The pedal bin must be shut when you throw your thing.,Normal,Katy Wix,2,0,0,0
9,8,2,Throw something into this pedal bin from the furthest distance. The pedal bin must be shut when you throw your thing.,Normal,Rose Matafeo,3,0,0,0
9,8,3,Write the best lyrics to the Taskmaster theme tune and perform them in the most memorable way.,Normal,David Baddiel,2,0,0,0
9,8,3,Write the best lyrics to the Taskmaster theme tune and perform them in the most memorable way.,Normal,Ed Gamble,4,0,0,1
9,8,3,Write the best lyrics to the Taskmaster theme tune and perform them in the most memorable way.,Normal,Jo Brand,1,0,0,0
9,8,3,Write the best lyrics to the Taskmaster theme tune and perform them in the most memorable way.,Normal,Katy Wix,3,0,0,0
9,8,3,Write the best lyrics to the Taskmaster theme tune and perform them in the most memorable way.,Normal,Rose Matafeo,5,0,0,0
9,8,4,Team: Supply the sound for this film. You will have one chance to perform all the sounds in time with the film.,Team,David Baddiel,2,0,0,0
9,8,4,Team: Supply the sound for this film. You will have one chance to perform all the sounds in time with the film.,Team,Ed Gamble,3,0,0,1
9,8,4,Team: Supply the sound for this film. You will have one chance to perform all the sounds in time with the film.,Team,Jo Brand,2,0,0,0
9,8,4,Team: Supply the sound for this film. You will have one chance to perform all the sounds in time with the film.,Team,Katy Wix,3,0,0,0
9,8,4,Team: Supply the sound for this film. You will have one chance to perform all the sounds in time with the film.,Team,Rose Matafeo,3,0,0,0
9,8,5,"Live: Without adjusting your welder's mask at any point, draw your own face on the front of your welder's mask. Your face should be the same size of your face and either very angry or very happy.",Live,David Baddiel,3,0,0,0
9,8,5,"Live: Without adjusting your welder's mask at any point, draw your own face on the front of your welder's mask. Your face should be the same size of your face and either very angry or very happy.",Live,Ed Gamble,4,0,0,1
9,8,5,"Live: Without adjusting your welder's mask at any point, draw your own face on the front of your welder's mask. Your face should be the same size of your face and either very angry or very happy.",Live,Jo Brand,3,0,0,0
9,8,5,"Live: Without adjusting your welder's mask at any point, draw your own face on the front of your welder's mask. Your face should be the same size of your face and either very angry or very happy.",Live,Katy Wix,5,0,0,0
9,8,5,"Live: Without adjusting your welder's mask at any point, draw your own face on the front of your welder's mask. Your face should be the same size of your face and either very angry or very happy.",Live,Rose Matafeo,4,0,0,0
9,9,1,Prize: Most desirable smooth thing.,Prize,David Baddiel,5,0,0,1
9,9,1,Prize: Most desirable smooth thing.,Prize,Ed Gamble,4,0,0,0
9,9,1,Prize: Most desirable smooth thing.,Prize,Jo Brand,4,0,0,0
9,9,1,Prize: Most desirable smooth thing.,Prize,Katy Wix,4,0,0,0
9,9,1,Prize: Most desirable smooth thing.,Prize,Rose Matafeo,4,0,0,0
9,9,2,Give Alex a five-word instruction in the most spy-like way. You must not be seen or heard communicating with Alex in any way.,Normal,David Baddiel,5,0,0,1
9,9,2,Give Alex a five-word instruction in the most spy-like way. You must not be seen or heard communicating with Alex in any way.,Normal,Ed Gamble,2,0,0,0
9,9,2,Give Alex a five-word instruction in the most spy-like way. You must not be seen or heard communicating with Alex in any way.,Normal,Jo Brand,4,0,0,0
9,9,2,Give Alex a five-word instruction in the most spy-like way. You must not be seen or heard communicating with Alex in any way.,Normal,Katy Wix,3,0,0,0
9,9,2,Give Alex a five-word instruction in the most spy-like way. You must not be seen or heard communicating with Alex in any way.,Normal,Rose Matafeo,2,0,0,0
9,9,3,"Inflate, tie and pop as many balloons as possible in ten minutes. Once you pop your first balloon, you may not inflate any more balloons. If any balloons are still inflated after ten minutes, you are disqualified. Most popped balloons wins. Also, you may not look at a clock or any sort of timing device at any point.",Normal,David Baddiel,3,0,0,1
9,9,3,"Inflate, tie and pop as many balloons as possible in ten minutes. Once you pop your first balloon, you may not inflate any more balloons. If any balloons are still inflated after ten minutes, you are disqualified. Most popped balloons wins. Also, you may not look at a clock or any sort of timing device at any point.",Normal,Ed Gamble,5,0,0,0
9,9,3,"Inflate, tie and pop as many balloons as possible in ten minutes. Once you pop your first balloon, you may not inflate any more balloons. If any balloons are still inflated after ten minutes, you are disqualified. Most popped balloons wins. Also, you may not look at a clock or any sort of timing device at any point.",Normal,Jo Brand,0,1,0,0
9,9,3,"Inflate, tie and pop as many balloons as possible in ten minutes. Once you pop your first balloon, you may not inflate any more balloons. If any balloons are still inflated after ten minutes, you are disqualified. Most popped balloons wins. Also, you may not look at a clock or any sort of timing device at any point.",Normal,Katy Wix,0,1,0,0
9,9,3,"Inflate, tie and pop as many balloons as possible in ten minutes. Once you pop your first balloon, you may not inflate any more balloons. If any balloons are still inflated after ten minutes, you are disqualified. Most popped balloons wins. Also, you may not look at a clock or any sort of timing device at any point.",Normal,Rose Matafeo,4,0,0,0
9,9,4,"Make either a knee and an elbow, a knee and a knee or an elbow or an elbow look like a famous couple. You must only use your knees and elbows.",Normal,David Baddiel,3,0,0,1
9,9,4,"Make either a knee and an elbow, a knee and a knee or an elbow or an elbow look like a famous couple. You must only use your knees and elbows.",Normal,Ed Gamble,3,0,0,0
9,9,4,"Make either a knee and an elbow, a knee and a knee or an elbow or an elbow look like a famous couple. You must only use your knees and elbows.",Normal,Jo Brand,1,0,0,0
9,9,4,"Make either a knee and an elbow, a knee and a knee or an elbow or an elbow look like a famous couple. You must only use your knees and elbows.",Normal,Katy Wix,5,0,0,0
9,9,4,"Make either a knee and an elbow, a knee and a knee or an elbow or an elbow look like a famous couple. You must only use your knees and elbows.",Normal,Rose Matafeo,2,0,0,0
9,9,5,"Team Live: Standing in a queue, draw the most accurate pictures. Alex will show the person at the back of the queue a picture. The person at the back of the queue must draw this picture on the back of the person in front of them. The person at the front of the queue must draw the picture they think has been drawn on the back of their pad. No-one may communicate with anyone else.",Live,David Baddiel,3,0,0,1
9,9,5,"Team Live: Standing in a queue, draw the most accurate pictures. Alex will show the person at the back of the queue a picture. The person at the back of the queue must draw this picture on the back of the person in front of them. The person at the front of the queue must draw the picture they think has been drawn on the back of their pad. No-one may communicate with anyone else.",Live,Ed Gamble,3,0,0,0
9,9,5,"Team Live: Standing in a queue, draw the most accurate pictures. Alex will show the person at the back of the queue a picture. The person at the back of the queue must draw this picture on the back of the person in front of them. The person at the front of the queue must draw the picture they think has been drawn on the back of their pad. No-one may communicate with anyone else.",Live,Jo Brand,5,0,0,0
9,9,5,"Team Live: Standing in a queue, draw the most accurate pictures. Alex will show the person at the back of the queue a picture. The person at the back of the queue must draw this picture on the back of the person in front of them. The person at the front of the queue must draw the picture they think has been drawn on the back of their pad. No-one may communicate with anyone else.",Live,Katy Wix,5,0,0,0
9,9,5,"Team Live: Standing in a queue, draw the most accurate pictures. Alex will show the person at the back of the queue a picture. The person at the back of the queue must draw this picture on the back of the person in front of them. The person at the front of the queue must draw the picture they think has been drawn on the back of their pad. No-one may communicate with anyone else.",Live,Rose Matafeo,5,0,0,0
9,10,1,Prize: Best thing that is very long and thin.,Prize,David Baddiel,3,0,0,0
9,10,1,Prize: Best thing that is very long and thin.,Prize,Ed Gamble,2,0,0,1
9,10,1,Prize: Best thing that is very long and thin.,Prize,Jo Brand,4,0,0,0
9,10,1,Prize: Best thing that is very long and thin.,Prize,Katy Wix,5,0,0,0
9,10,1,Prize: Best thing that is very long and thin.,Prize,Rose Matafeo,1,0,0,0
9,10,2,Do the most preposterous thing with this chickpea.,Normal,David Baddiel,2,0,0,0
9,10,2,Do the most preposterous thing with this chickpea.,Normal,Ed Gamble,4,0,0,1
9,10,2,Do the most preposterous thing with this chickpea.,Normal,Jo Brand,1,0,0,0
9,10,2,Do the most preposterous thing with this chickpea.,Normal,Katy Wix,3,0,0,0
9,10,2,Do the most preposterous thing with this chickpea.,Normal,Rose Matafeo,5,0,0,0
9,10,3,Team: Make the best cup of tea in this tea cup. You must use all the equipment on the table. You must not use anything from the kitchen. You must wear the washing-up gloves throughout the task.,Team,David Baddiel,5,0,0,0
9,10,3,Team: Make the best cup of tea in this tea cup. You must use all the equipment on the table. You must not use anything from the kitchen. You must wear the washing-up gloves throughout the task.,Team,Ed Gamble,1,0,0,1
9,10,3,Team: Make the best cup of tea in this tea cup. You must use all the equipment on the table. You must not use anything from the kitchen. You must wear the washing-up gloves throughout the task.,Team,Jo Brand,5,0,0,0
9,10,3,Team: Make the best cup of tea in this tea cup. You must use all the equipment on the table. You must not use anything from the kitchen. You must wear the washing-up gloves throughout the task.,Team,Katy Wix,1,0,0,0
9,10,3,Team: Make the best cup of tea in this tea cup. You must use all the equipment on the table. You must not use anything from the kitchen. You must wear the washing-up gloves throughout the task.,Team,Rose Matafeo,1,0,0,0
9,10,4,"Complete the seven tasks. When you touch a task in any way, you must complete it before looking inside another task.",Normal,David Baddiel,0,1,0,0
9,10,4,"Complete the seven tasks. When you touch a task in any way, you must complete it before looking inside another task.",Normal,Ed Gamble,5,0,0,1
9,10,4,"Complete the seven tasks. When you touch a task in any way, you must complete it before looking inside another task.",Normal,Jo Brand,0,1,0,0
9,10,4,"Complete the seven tasks. When you touch a task in any way, you must complete it before looking inside another task.",Normal,Katy Wix,0,1,0,0
9,10,4,"Complete the seven tasks. When you touch a task in any way, you must complete it before looking inside another task.",Normal,Rose Matafeo,0,1,0,0
9,10,5,"Live: Pull the short breadstick. Taking it in turns, you must pull a breadstick out of the apron of the person next to you. Before each pull, the breadstick's bearer must point to one of the breadsticks, wink, and say ""This is the short breadstick"". If you pull the short breadstick, the breadstick bearer is disqualified. | Make a pop-up toy pause for the longest before popping up. You may use on spread to make your toy pause longer.",Live,David Baddiel,0,0,0,0
9,10,5,"Live: Pull the short breadstick. Taking it in turns, you must pull a breadstick out of the apron of the person next to you. Before each pull, the breadstick's bearer must point to one of the breadsticks, wink, and say ""This is the short breadstick"". If you pull the short breadstick, the breadstick bearer is disqualified. | Make a pop-up toy pause for the longest before popping up. You may use on spread to make your toy pause longer.",Live,Ed Gamble,0,0,0,1
9,10,5,"Live: Pull the short breadstick. Taking it in turns, you must pull a breadstick out of the apron of the person next to you. Before each pull, the breadstick's bearer must point to one of the breadsticks, wink, and say ""This is the short breadstick"". If you pull the short breadstick, the breadstick bearer is disqualified. | Make a pop-up toy pause for the longest before popping up. You may use on spread to make your toy pause longer.",Live,Jo Brand,0,0,0,0
9,10,5,"Live: Pull the short breadstick. Taking it in turns, you must pull a breadstick out of the apron of the person next to you. Before each pull, the breadstick's bearer must point to one of the breadsticks, wink, and say ""This is the short breadstick"". If you pull the short breadstick, the breadstick bearer is disqualified. | Make a pop-up toy pause for the longest before popping up. You may use on spread to make your toy pause longer.",Live,Katy Wix,0,0,0,0
9,10,5,"Live: Pull the short breadstick. Taking it in turns, you must pull a breadstick out of the apron of the person next to you. Before each pull, the breadstick's bearer must point to one of the breadsticks, wink, and say ""This is the short breadstick"". If you pull the short breadstick, the breadstick bearer is disqualified. | Make a pop-up toy pause for the longest before popping up. You may use on spread to make your toy pause longer.",Live,Rose Matafeo,5,0,0,0
10,1,1,"Prize: Nicest thing to put in your mouth. | Knock the coconut off its perch. | Put all these drinks on the table in the caravan without spilling a drop. Also, you must be clutching this teddy at all times. Also, you must not walk on the grass while holding drinks.",Prize,Daisy May Cooper,5,0,0,0
10,1,1,"Prize: Nicest thing to put in your mouth. | Knock the coconut off its perch. | Put all these drinks on the table in the caravan without spilling a drop. Also, you must be clutching this teddy at all times. Also, you must not walk on the grass while holding drinks.",Prize,Johnny Vegas,3,0,0,0
10,1,1,"Prize: Nicest thing to put in your mouth. | Knock the coconut off its perch. | Put all these drinks on the table in the caravan without spilling a drop. Also, you must be clutching this teddy at all times. Also, you must not walk on the grass while holding drinks.",Prize,Katherine Parkinson,2,0,0,0
10,1,1,"Prize: Nicest thing to put in your mouth. | Knock the coconut off its perch. | Put all these drinks on the table in the caravan without spilling a drop. Also, you must be clutching this teddy at all times. Also, you must not walk on the grass while holding drinks.",Prize,Mawaan Rizwan,1,0,0,0
10,1,1,"Prize: Nicest thing to put in your mouth. | Knock the coconut off its perch. | Put all these drinks on the table in the caravan without spilling a drop. Also, you must be clutching this teddy at all times. Also, you must not walk on the grass while holding drinks.",Prize,Richard Herring,4,0,0,1
10,1,2,Make the largest object properly vanish. You may not use any editing trickery.,Normal,Daisy May Cooper,1,0,0,0
10,1,2,Make the largest object properly vanish. You may not use any editing trickery.,Normal,Johnny Vegas,4,0,0,0
10,1,2,Make the largest object properly vanish. You may not use any editing trickery.,Normal,Katherine Parkinson,3,0,0,0
10,1,2,Make the largest object properly vanish. You may not use any editing trickery.,Normal,Mawaan Rizwan,5,0,0,0
10,1,2,Make the largest object properly vanish. You may not use any editing trickery.,Normal,Richard Herring,3,0,0,1
10,1,3,"Land the most egg in the frying pan. You may not throw any egg, you must stay on this balcony and you may only use the contents of one of these boxes.",Normal,Daisy May Cooper,0,0,0,0
10,1,3,"Land the most egg in the frying pan. You may not throw any egg, you must stay on this balcony and you may only use the contents of one of these boxes.",Normal,Johnny Vegas,0,0,0,0
10,1,3,"Land the most egg in the frying pan. You may not throw any egg, you must stay on this balcony and you may only use the contents of one of these boxes.",Normal,Katherine Parkinson,0,0,0,0
10,1,3,"Land the most egg in the frying pan. You may not throw any egg, you must stay on this balcony and you may only use the contents of one of these boxes.",Normal,Mawaan Rizwan,0,0,0,0
10,1,3,"Land the most egg in the frying pan. You may not throw any egg, you must stay on this balcony and you may only use the contents of one of these boxes.",Normal,Richard Herring,0,0,0,1
10,1,4,Bonus: For an incredible effort.,Normal,Daisy May Cooper,1,0,0,0
10,1,4,Bonus: For an incredible effort.,Normal,Johnny Vegas,0,0,0,0
10,1,4,Bonus: For an incredible effort.,Normal,Katherine Parkinson,0,0,0,0
10,1,4,Bonus: For an incredible effort.,Normal,Mawaan Rizwan,0,0,0,0
10,1,4,Bonus: For an incredible effort.,Normal,Richard Herring,0,0,0,1
10,1,5,"Live: Get the most balls in your bucket. At the end of the task, all the balls in your bucket must be the same colour as each other. You will lose 5 points for every different coloured ball in your bucket. You may only touch your litter pickers and you must stay on your spot at all times.",Live,Daisy May Cooper,4,0,0,0
10,1,5,"Live: Get the most balls in your bucket. At the end of the task, all the balls in your bucket must be the same colour as each other. You will lose 5 points for every different coloured ball in your bucket. You may only touch your litter pickers and you must stay on your spot at all times.",Live,Johnny Vegas,3,0,0,0
10,1,5,"Live: Get the most balls in your bucket. At the end of the task, all the balls in your bucket must be the same colour as each other. You will lose 5 points for every different coloured ball in your bucket. You may only touch your litter pickers and you must stay on your spot at all times.",Live,Katherine Parkinson,1,0,0,0
10,1,5,"Live: Get the most balls in your bucket. At the end of the task, all the balls in your bucket must be the same colour as each other. You will lose 5 points for every different coloured ball in your bucket. You may only touch your litter pickers and you must stay on your spot at all times.",Live,Mawaan Rizwan,2,0,0,0
10,1,5,"Live: Get the most balls in your bucket. At the end of the task, all the balls in your bucket must be the same colour as each other. You will lose 5 points for every different coloured ball in your bucket. You may only touch your litter pickers and you must stay on your spot at all times.",Live,Richard Herring,5,0,0,1
10,2,1,Prize: Best thing with loads of holes in it.,Prize,Daisy May Cooper,2,0,0,0
10,2,1,Prize: Best thing with loads of holes in it.,Prize,Johnny Vegas,1,0,0,0
10,2,1,Prize: Best thing with loads of holes in it.,Prize,Katherine Parkinson,4,0,0,1
10,2,1,Prize: Best thing with loads of holes in it.,Prize,Mawaan Rizwan,5,0,0,0
10,2,1,Prize: Best thing with loads of holes in it.,Prize,Richard Herring,3,0,0,0
10,2,2,Team: Find the treasure. Do not break the box.,Team,Daisy May Cooper,4,0,0,0
10,2,2,Team: Find the treasure. Do not break the box.,Team,Johnny Vegas,0,0,0,0
10,2,2,Team: Find the treasure. Do not break the box.,Team,Katherine Parkinson,5,0,0,1
10,2,2,Team: Find the treasure. Do not break the box.,Team,Mawaan Rizwan,5,0,0,0
10,2,2,Team: Find the treasure. Do not break the box.,Team,Richard Herring,4,0,0,0
10,2,3,Special: Make one different noise for ten seconds every minute for 20 minutes. Each noise must be slightly louder than the last and you must make no other noise during the 20 minutes. You must stay on this chair throughout the 20 minutes.,Normal,Daisy May Cooper,0,0,0,0
10,2,3,Special: Make one different noise for ten seconds every minute for 20 minutes. Each noise must be slightly louder than the last and you must make no other noise during the 20 minutes. You must stay on this chair throughout the 20 minutes.,Normal,Johnny Vegas,4,0,0,0
10,2,3,Special: Make one different noise for ten seconds every minute for 20 minutes. Each noise must be slightly louder than the last and you must make no other noise during the 20 minutes. You must stay on this chair throughout the 20 minutes.,Normal,Katherine Parkinson,0,0,0,1
10,2,3,Special: Make one different noise for ten seconds every minute for 20 minutes. Each noise must be slightly louder than the last and you must make no other noise during the 20 minutes. You must stay on this chair throughout the 20 minutes.,Normal,Mawaan Rizwan,0,0,0,0
10,2,3,Special: Make one different noise for ten seconds every minute for 20 minutes. Each noise must be slightly louder than the last and you must make no other noise during the 20 minutes. You must stay on this chair throughout the 20 minutes.,Normal,Richard Herring,0,0,0,0
10,2,4,"Make the best portrait of the Taskmaster and his favourite toy using only balloons, pegs, and your own clothes. Your portrait must fill this frame.",Normal,Daisy May Cooper,1,0,0,0
10,2,4,"Make the best portrait of the Taskmaster and his favourite toy using only balloons, pegs, and your own clothes. Your portrait must fill this frame.",Normal,Johnny Vegas,5,0,0,0
10,2,4,"Make the best portrait of the Taskmaster and his favourite toy using only balloons, pegs, and your own clothes. Your portrait must fill this frame.",Normal,Katherine Parkinson,4,0,0,1
10,2,4,"Make the best portrait of the Taskmaster and his favourite toy using only balloons, pegs, and your own clothes. Your portrait must fill this frame.",Normal,Mawaan Rizwan,2,0,0,0
10,2,4,"Make the best portrait of the Taskmaster and his favourite toy using only balloons, pegs, and your own clothes. Your portrait must fill this frame.",Normal,Richard Herring,2,0,0,0
10,2,5,Get all the exercise balls in the hoops. You may not move the hoops or get out of the boat.,Normal,Daisy May Cooper,5,0,0,0
10,2,5,Get all the exercise balls in the hoops. You may not move the hoops or get out of the boat.,Normal,Johnny Vegas,2,0,0,0
10,2,5,Get all the exercise balls in the hoops. You may not move the hoops or get out of the boat.,Normal,Katherine Parkinson,3,0,0,1
10,2,5,Get all the exercise balls in the hoops. You may not move the hoops or get out of the boat.,Normal,Mawaan Rizwan,0,1,0,0
10,2,5,Get all the exercise balls in the hoops. You may not move the hoops or get out of the boat.,Normal,Richard Herring,4,0,0,0
10,2,6,"Live: Guess the things that are making the noise. | Select a wind-up toy dinosaur and release it from the starter mark. If it falls off the table, you are disqualified.",Live,Daisy May Cooper,6,0,0,0
10,2,6,"Live: Guess the things that are making the noise. | Select a wind-up toy dinosaur and release it from the starter mark. If it falls off the table, you are disqualified.",Live,Johnny Vegas,3,0,0,0
10,2,6,"Live: Guess the things that are making the noise. | Select a wind-up toy dinosaur and release it from the starter mark. If it falls off the table, you are disqualified.",Live,Katherine Parkinson,3,0,0,1
10,2,6,"Live: Guess the things that are making the noise. | Select a wind-up toy dinosaur and release it from the starter mark. If it falls off the table, you are disqualified.",Live,Mawaan Rizwan,4,0,0,0
10,2,6,"Live: Guess the things that are making the noise. | Select a wind-up toy dinosaur and release it from the starter mark. If it falls off the table, you are disqualified.",Live,Richard Herring,6,0,0,0
10,3,1,Prize: Best thing that probably has a spring in its mechanism.,Prize,Daisy May Cooper,1,0,0,1
10,3,1,Prize: Best thing that probably has a spring in its mechanism.,Prize,Johnny Vegas,5,0,0,0
10,3,1,Prize: Best thing that probably has a spring in its mechanism.,Prize,Katherine Parkinson,2,0,0,0
10,3,1,Prize: Best thing that probably has a spring in its mechanism.,Prize,Mawaan Rizwan,4,0,0,0
10,3,1,Prize: Best thing that probably has a spring in its mechanism.,Prize,Richard Herring,3,0,0,0
10,3,2,Make the best upside down film.,Normal,Daisy May Cooper,2,0,0,1
10,3,2,Make the best upside down film.,Normal,Johnny Vegas,5,0,0,0
10,3,2,Make the best upside down film.,Normal,Katherine Parkinson,3,0,0,0
10,3,2,Make the best upside down film.,Normal,Mawaan Rizwan,4,0,0,0
10,3,2,Make the best upside down film.,Normal,Richard Herring,1,0,0,0
10,3,3,"Put all the spaghetti into the grapefruit. The grapefruit may not leave this room. For the last eight minutes, you must stand with both feet on the spot on the floor.",Normal,Daisy May Cooper,5,0,0,1
10,3,3,"Put all the spaghetti into the grapefruit. The grapefruit may not leave this room. For the last eight minutes, you must stand with both feet on the spot on the floor.",Normal,Johnny Vegas,3,0,0,0
10,3,3,"Put all the spaghetti into the grapefruit. The grapefruit may not leave this room. For the last eight minutes, you must stand with both feet on the spot on the floor.",Normal,Katherine Parkinson,1,0,0,0
10,3,3,"Put all the spaghetti into the grapefruit. The grapefruit may not leave this room. For the last eight minutes, you must stand with both feet on the spot on the floor.",Normal,Mawaan Rizwan,4,0,0,0
10,3,3,"Put all the spaghetti into the grapefruit. The grapefruit may not leave this room. For the last eight minutes, you must stand with both feet on the spot on the floor.",Normal,Richard Herring,2,0,0,0
10,3,4,"Catapult this shoe into the bath using a home-made catapult contraption. Only your feet may operate your catapult contraption. You may not move the bath or this red green, and you must build your catapult contraption on this red green.",Normal,Daisy May Cooper,5,0,0,1
10,3,4,"Catapult this shoe into the bath using a home-made catapult contraption. Only your feet may operate your catapult contraption. You may not move the bath or this red green, and you must build your catapult contraption on this red green.",Normal,Johnny Vegas,4,0,0,0
10,3,4,"Catapult this shoe into the bath using a home-made catapult contraption. Only your feet may operate your catapult contraption. You may not move the bath or this red green, and you must build your catapult contraption on this red green.",Normal,Katherine Parkinson,1,0,0,0
10,3,4,"Catapult this shoe into the bath using a home-made catapult contraption. Only your feet may operate your catapult contraption. You may not move the bath or this red green, and you must build your catapult contraption on this red green.",Normal,Mawaan Rizwan,2,0,0,0
10,3,4,"Catapult this shoe into the bath using a home-made catapult contraption. Only your feet may operate your catapult contraption. You may not move the bath or this red green, and you must build your catapult contraption on this red green.",Normal,Richard Herring,3,0,0,0
10,3,5,Team Live: Draw a picture of the object on your card. You may not speak or communicate with with your team mates in any way. You must stay on your spots and not move the canvas or turntable.,Live,Daisy May Cooper,6,0,0,1
10,3,5,Team Live: Draw a picture of the object on your card. You may not speak or communicate with with your team mates in any way. You must stay on your spots and not move the canvas or turntable.,Live,Johnny Vegas,0,0,0,0
10,3,5,Team Live: Draw a picture of the object on your card. You may not speak or communicate with with your team mates in any way. You must stay on your spots and not move the canvas or turntable.,Live,Katherine Parkinson,0,0,0,0
10,3,5,Team Live: Draw a picture of the object on your card. You may not speak or communicate with with your team mates in any way. You must stay on your spots and not move the canvas or turntable.,Live,Mawaan Rizwan,0,0,0,0
10,3,5,Team Live: Draw a picture of the object on your card. You may not speak or communicate with with your team mates in any way. You must stay on your spots and not move the canvas or turntable.,Live,Richard Herring,6,0,0,0
10,4,1,Prize: Cheekiest food.,Prize,Daisy May Cooper,2,0,0,1
10,4,1,Prize: Cheekiest food.,Prize,Johnny Vegas,1,0,0,0
10,4,1,Prize: Cheekiest food.,Prize,Katherine Parkinson,4,0,0,0
10,4,1,Prize: Cheekiest food.,Prize,Mawaan Rizwan,5,0,0,0
10,4,1,Prize: Cheekiest food.,Prize,Richard Herring,3,0,0,0
10,4,2,Make this phone ring.,Normal,Daisy May Cooper,4,0,0,1
10,4,2,Make this phone ring.,Normal,Johnny Vegas,1,0,0,0
10,4,2,Make this phone ring.,Normal,Katherine Parkinson,2,0,0,0
10,4,2,Make this phone ring.,Normal,Mawaan Rizwan,3,0,0,0
10,4,2,Make this phone ring.,Normal,Richard Herring,5,0,0,0
10,4,3,"Secretly put something that looks amazing in your bag. | Persuade the security guard to look in your bag. You may describe what is in your bag, but you must not say what is in your bag.",Normal,Daisy May Cooper,5,0,0,1
10,4,3,"Secretly put something that looks amazing in your bag. | Persuade the security guard to look in your bag. You may describe what is in your bag, but you must not say what is in your bag.",Normal,Johnny Vegas,5,0,0,0
10,4,3,"Secretly put something that looks amazing in your bag. | Persuade the security guard to look in your bag. You may describe what is in your bag, but you must not say what is in your bag.",Normal,Katherine Parkinson,0,0,0,0
10,4,3,"Secretly put something that looks amazing in your bag. | Persuade the security guard to look in your bag. You may describe what is in your bag, but you must not say what is in your bag.",Normal,Mawaan Rizwan,0,0,0,0
10,4,3,"Secretly put something that looks amazing in your bag. | Persuade the security guard to look in your bag. You may describe what is in your bag, but you must not say what is in your bag.",Normal,Richard Herring,0,0,0,0
10,4,4,Drop this water balloon from the greatest height without it bursting. You may not damage the water balloon or remove any water from it.,Normal,Daisy May Cooper,5,0,0,1
10,4,4,Drop this water balloon from the greatest height without it bursting. You may not damage the water balloon or remove any water from it.,Normal,Johnny Vegas,5,0,0,0
10,4,4,Drop this water balloon from the greatest height without it bursting. You may not damage the water balloon or remove any water from it.,Normal,Katherine Parkinson,5,0,0,0
10,4,4,Drop this water balloon from the greatest height without it bursting. You may not damage the water balloon or remove any water from it.,Normal,Mawaan Rizwan,3,0,0,0
10,4,4,Drop this water balloon from the greatest height without it bursting. You may not damage the water balloon or remove any water from it.,Normal,Richard Herring,4,0,0,0
10,4,5,"Live: Roll an edible sphere across the finish line. The person whose edible sphere crosses the finish line first, each round, is eliminated. If your edible sphere stops moving before the finishing line, you are eliminated.",Live,Daisy May Cooper,3,0,0,1
10,4,5,"Live: Roll an edible sphere across the finish line. The person whose edible sphere crosses the finish line first, each round, is eliminated. If your edible sphere stops moving before the finishing line, you are eliminated.",Live,Johnny Vegas,5,0,0,0
10,4,5,"Live: Roll an edible sphere across the finish line. The person whose edible sphere crosses the finish line first, each round, is eliminated. If your edible sphere stops moving before the finishing line, you are eliminated.",Live,Katherine Parkinson,4,0,0,0
10,4,5,"Live: Roll an edible sphere across the finish line. The person whose edible sphere crosses the finish line first, each round, is eliminated. If your edible sphere stops moving before the finishing line, you are eliminated.",Live,Mawaan Rizwan,2,0,0,0
10,4,5,"Live: Roll an edible sphere across the finish line. The person whose edible sphere crosses the finish line first, each round, is eliminated. If your edible sphere stops moving before the finishing line, you are eliminated.",Live,Richard Herring,1,0,0,0
10,5,1,Prize: Best pointy thing.,Prize,Daisy May Cooper,2,0,0,0
10,5,1,Prize: Best pointy thing.,Prize,Johnny Vegas,3,0,0,0
10,5,1,Prize: Best pointy thing.,Prize,Katherine Parkinson,4,0,0,0
10,5,1,Prize: Best pointy thing.,Prize,Mawaan Rizwan,1,0,0,0
10,5,1,Prize: Best pointy thing.,Prize,Richard Herring,5,0,0,1
10,5,2,Bag the heaviest thing from the furthest distance. Your attempt ends when you have bagged an item. Your score is the weight of the bagged object in grams multiplied by the distance from the bagging machine in centimetres.,Normal,Daisy May Cooper,2,0,0,0
10,5,2,Bag the heaviest thing from the furthest distance. Your attempt ends when you have bagged an item. Your score is the weight of the bagged object in grams multiplied by the distance from the bagging machine in centimetres.,Normal,Johnny Vegas,1,0,0,0
10,5,2,Bag the heaviest thing from the furthest distance. Your attempt ends when you have bagged an item. Your score is the weight of the bagged object in grams multiplied by the distance from the bagging machine in centimetres.,Normal,Katherine Parkinson,5,0,0,0
10,5,2,Bag the heaviest thing from the furthest distance. Your attempt ends when you have bagged an item. Your score is the weight of the bagged object in grams multiplied by the distance from the bagging machine in centimetres.,Normal,Mawaan Rizwan,3,0,0,0
10,5,2,Bag the heaviest thing from the furthest distance. Your attempt ends when you have bagged an item. Your score is the weight of the bagged object in grams multiplied by the distance from the bagging machine in centimetres.,Normal,Richard Herring,4,0,0,1
10,5,3,"Paint a picture of a howling wolf on this teapot. You may not touch the teapot or remove it from the turntable and you may not tamper with the turntable or its power. The turntable will keep speeding up until you have named 20 American states. If you do name 20 American states, the turntable will slow down.",Normal,Daisy May Cooper,5,0,0,0
10,5,3,"Paint a picture of a howling wolf on this teapot. You may not touch the teapot or remove it from the turntable and you may not tamper with the turntable or its power. The turntable will keep speeding up until you have named 20 American states. If you do name 20 American states, the turntable will slow down.",Normal,Johnny Vegas,3,0,0,0
10,5,3,"Paint a picture of a howling wolf on this teapot. You may not touch the teapot or remove it from the turntable and you may not tamper with the turntable or its power. The turntable will keep speeding up until you have named 20 American states. If you do name 20 American states, the turntable will slow down.",Normal,Katherine Parkinson,1,0,0,0
10,5,3,"Paint a picture of a howling wolf on this teapot. You may not touch the teapot or remove it from the turntable and you may not tamper with the turntable or its power. The turntable will keep speeding up until you have named 20 American states. If you do name 20 American states, the turntable will slow down.",Normal,Mawaan Rizwan,2,0,0,0
10,5,3,"Paint a picture of a howling wolf on this teapot. You may not touch the teapot or remove it from the turntable and you may not tamper with the turntable or its power. The turntable will keep speeding up until you have named 20 American states. If you do name 20 American states, the turntable will slow down.",Normal,Richard Herring,5,0,0,1
10,5,4,Do something out of character with this £20.,Normal,Daisy May Cooper,5,0,0,0
10,5,4,Do something out of character with this £20.,Normal,Johnny Vegas,4,0,0,0
10,5,4,Do something out of character with this £20.,Normal,Katherine Parkinson,3,0,0,0
10,5,4,Do something out of character with this £20.,Normal,Mawaan Rizwan,5,0,0,0
10,5,4,Do something out of character with this £20.,Normal,Richard Herring,4,0,0,1
10,5,5,Team: Eat the most watermelon. You must be wearing a boiler suit and goggles while you're eating the watermelon. You must not feed yourself.,Team,Daisy May Cooper,5,0,0,0
10,5,5,Team: Eat the most watermelon. You must be wearing a boiler suit and goggles while you're eating the watermelon. You must not feed yourself.,Team,Johnny Vegas,3,0,0,0
10,5,5,Team: Eat the most watermelon. You must be wearing a boiler suit and goggles while you're eating the watermelon. You must not feed yourself.,Team,Katherine Parkinson,3,0,0,0
10,5,5,Team: Eat the most watermelon. You must be wearing a boiler suit and goggles while you're eating the watermelon. You must not feed yourself.,Team,Mawaan Rizwan,3,0,0,0
10,5,5,Team: Eat the most watermelon. You must be wearing a boiler suit and goggles while you're eating the watermelon. You must not feed yourself.,Team,Richard Herring,5,0,0,1
10,5,6,Live: Say the most different words without hesitating for more than two seconds. The person who says the fewest words each round is eliminated.,Live,Daisy May Cooper,5,0,0,0
10,5,6,Live: Say the most different words without hesitating for more than two seconds. The person who says the fewest words each round is eliminated.,Live,Johnny Vegas,1,0,0,0
10,5,6,Live: Say the most different words without hesitating for more than two seconds. The person who says the fewest words each round is eliminated.,Live,Katherine Parkinson,4,0,0,0
10,5,6,Live: Say the most different words without hesitating for more than two seconds. The person who says the fewest words each round is eliminated.,Live,Mawaan Rizwan,3,0,0,0
10,5,6,Live: Say the most different words without hesitating for more than two seconds. The person who says the fewest words each round is eliminated.,Live,Richard Herring,3,0,0,1
10,6,1,Prize: Most narcissistic thing.,Prize,Daisy May Cooper,2,0,0,0
10,6,1,Prize: Most narcissistic thing.,Prize,Johnny Vegas,4,0,0,0
10,6,1,Prize: Most narcissistic thing.,Prize,Katherine Parkinson,3,0,0,0
10,6,1,Prize: Most narcissistic thing.,Prize,Mawaan Rizwan,5,0,0,1
10,6,1,Prize: Most narcissistic thing.,Prize,Richard Herring,2,0,0,0
10,6,2,"Silently, make the tastiest and prettiest cocktail with the coolest name. If you make any noise over 60 dB, you must pour anything you've prepared into the bucket, shout your given phrase at a volume of over 100 dB and start again.",Normal,Daisy May Cooper,2,0,0,0
10,6,2,"Silently, make the tastiest and prettiest cocktail with the coolest name. If you make any noise over 60 dB, you must pour anything you've prepared into the bucket, shout your given phrase at a volume of over 100 dB and start again.",Normal,Johnny Vegas,4,0,0,0
10,6,2,"Silently, make the tastiest and prettiest cocktail with the coolest name. If you make any noise over 60 dB, you must pour anything you've prepared into the bucket, shout your given phrase at a volume of over 100 dB and start again.",Normal,Katherine Parkinson,1,0,0,0
10,6,2,"Silently, make the tastiest and prettiest cocktail with the coolest name. If you make any noise over 60 dB, you must pour anything you've prepared into the bucket, shout your given phrase at a volume of over 100 dB and start again.",Normal,Mawaan Rizwan,5,0,0,1
10,6,2,"Silently, make the tastiest and prettiest cocktail with the coolest name. If you make any noise over 60 dB, you must pour anything you've prepared into the bucket, shout your given phrase at a volume of over 100 dB and start again.",Normal,Richard Herring,3,0,0,0
10,6,3,Draw the animal that is watching you. The animal is wearing a hat. You may not leave this room and you must look in the mirror at all times.,Normal,Daisy May Cooper,4,0,0,0
10,6,3,Draw the animal that is watching you. The animal is wearing a hat. You may not leave this room and you must look in the mirror at all times.,Normal,Johnny Vegas,5,0,0,0
10,6,3,Draw the animal that is watching you. The animal is wearing a hat. You may not leave this room and you must look in the mirror at all times.,Normal,Katherine Parkinson,1,0,0,0
10,6,3,Draw the animal that is watching you. The animal is wearing a hat. You may not leave this room and you must look in the mirror at all times.,Normal,Mawaan Rizwan,3,0,0,1
10,6,3,Draw the animal that is watching you. The animal is wearing a hat. You may not leave this room and you must look in the mirror at all times.,Normal,Richard Herring,2,0,0,0
10,6,4,Get the most water from butt A into butt B. You may not move a butt in the first five minutes.,Normal,Daisy May Cooper,4,0,0,0
10,6,4,Get the most water from butt A into butt B. You may not move a butt in the first five minutes.,Normal,Johnny Vegas,2,0,0,0
10,6,4,Get the most water from butt A into butt B. You may not move a butt in the first five minutes.,Normal,Katherine Parkinson,1,0,0,0
10,6,4,Get the most water from butt A into butt B. You may not move a butt in the first five minutes.,Normal,Mawaan Rizwan,5,0,0,1
10,6,4,Get the most water from butt A into butt B. You may not move a butt in the first five minutes.,Normal,Richard Herring,3,0,0,0
10,6,5,"Team Live: Draw the animal named on your card. Each artist may draw three straight lines in their turn. The artist's teammates may have one guess after these three lines. If the guess is incorrect, the other team's artist can draw their straight lines. You may not speak or communicate with your teammates in any way.",Live,Daisy May Cooper,2,0,0,0
10,6,5,"Team Live: Draw the animal named on your card. Each artist may draw three straight lines in their turn. The artist's teammates may have one guess after these three lines. If the guess is incorrect, the other team's artist can draw their straight lines. You may not speak or communicate with your teammates in any way.",Live,Johnny Vegas,4,0,0,0
10,6,5,"Team Live: Draw the animal named on your card. Each artist may draw three straight lines in their turn. The artist's teammates may have one guess after these three lines. If the guess is incorrect, the other team's artist can draw their straight lines. You may not speak or communicate with your teammates in any way.",Live,Katherine Parkinson,4,0,0,0
10,6,5,"Team Live: Draw the animal named on your card. Each artist may draw three straight lines in their turn. The artist's teammates may have one guess after these three lines. If the guess is incorrect, the other team's artist can draw their straight lines. You may not speak or communicate with your teammates in any way.",Live,Mawaan Rizwan,4,0,0,1
10,6,5,"Team Live: Draw the animal named on your card. Each artist may draw three straight lines in their turn. The artist's teammates may have one guess after these three lines. If the guess is incorrect, the other team's artist can draw their straight lines. You may not speak or communicate with your teammates in any way.",Live,Richard Herring,2,0,0,0
10,7,1,Prize: Best thing that is bigger at the top than the bottom.,Prize,Daisy May Cooper,2,0,0,0
10,7,1,Prize: Best thing that is bigger at the top than the bottom.,Prize,Johnny Vegas,3,0,0,1
10,7,1,Prize: Best thing that is bigger at the top than the bottom.,Prize,Katherine Parkinson,4,0,0,0
10,7,1,Prize: Best thing that is bigger at the top than the bottom.,Prize,Mawaan Rizwan,5,0,0,0
10,7,1,Prize: Best thing that is bigger at the top than the bottom.,Prize,Richard Herring,1,0,0,0
10,7,2,"Get to that finish line clutching chicken number 2. Get chicken number 1 across the start line aboard radio-controlled [contestant's name]. You must sit on the office chair at all times. If anything touches the little robots, your attempt is over.",Normal,Daisy May Cooper,0,1,0,0
10,7,2,"Get to that finish line clutching chicken number 2. Get chicken number 1 across the start line aboard radio-controlled [contestant's name]. You must sit on the office chair at all times. If anything touches the little robots, your attempt is over.",Normal,Johnny Vegas,4,0,0,1
10,7,2,"Get to that finish line clutching chicken number 2. Get chicken number 1 across the start line aboard radio-controlled [contestant's name]. You must sit on the office chair at all times. If anything touches the little robots, your attempt is over.",Normal,Katherine Parkinson,0,1,0,0
10,7,2,"Get to that finish line clutching chicken number 2. Get chicken number 1 across the start line aboard radio-controlled [contestant's name]. You must sit on the office chair at all times. If anything touches the little robots, your attempt is over.",Normal,Mawaan Rizwan,5,0,0,0
10,7,2,"Get to that finish line clutching chicken number 2. Get chicken number 1 across the start line aboard radio-controlled [contestant's name]. You must sit on the office chair at all times. If anything touches the little robots, your attempt is over.",Normal,Richard Herring,3,0,0,0
10,7,3,Team: Tell your team mate what is in this safe. You may speak into this microphone and they will hear your message played backwards.,Team,Daisy May Cooper,0,0,0,0
10,7,3,Team: Tell your team mate what is in this safe. You may speak into this microphone and they will hear your message played backwards.,Team,Johnny Vegas,0,0,0,1
10,7,3,Team: Tell your team mate what is in this safe. You may speak into this microphone and they will hear your message played backwards.,Team,Katherine Parkinson,0,0,0,0
10,7,3,Team: Tell your team mate what is in this safe. You may speak into this microphone and they will hear your message played backwards.,Team,Mawaan Rizwan,3,0,0,0
10,7,3,Team: Tell your team mate what is in this safe. You may speak into this microphone and they will hear your message played backwards.,Team,Richard Herring,0,0,0,0
10,7,4,Team: Decipher the message to work out what is in this safe.,Team,Daisy May Cooper,0,0,0,0
10,7,4,Team: Decipher the message to work out what is in this safe.,Team,Johnny Vegas,3,0,0,1
10,7,4,Team: Decipher the message to work out what is in this safe.,Team,Katherine Parkinson,3,0,0,0
10,7,4,Team: Decipher the message to work out what is in this safe.,Team,Mawaan Rizwan,0,0,0,0
10,7,4,Team: Decipher the message to work out what is in this safe.,Team,Richard Herring,0,0,0,0
10,7,5,"Make the best marble run. After releasing your marble, you may not touch your marble, nor do anything to affect its movement.",Normal,Daisy May Cooper,4,0,0,0
10,7,5,"Make the best marble run. After releasing your marble, you may not touch your marble, nor do anything to affect its movement.",Normal,Johnny Vegas,2,0,0,1
10,7,5,"Make the best marble run. After releasing your marble, you may not touch your marble, nor do anything to affect its movement.",Normal,Katherine Parkinson,5,0,0,0
10,7,5,"Make the best marble run. After releasing your marble, you may not touch your marble, nor do anything to affect its movement.",Normal,Mawaan Rizwan,0,1,0,0
10,7,5,"Make the best marble run. After releasing your marble, you may not touch your marble, nor do anything to affect its movement.",Normal,Richard Herring,3,0,0,0
10,7,6,Live: Communicate to the Taskmaster the item on your card. You may only make noises. You may not use any actions or anything that sounds like a word. | Work out how many sheets there are on a loo roll.,Live,Daisy May Cooper,5,0,0,0
10,7,6,Live: Communicate to the Taskmaster the item on your card. You may only make noises. You may not use any actions or anything that sounds like a word. | Work out how many sheets there are on a loo roll.,Live,Johnny Vegas,4,0,0,1
10,7,6,Live: Communicate to the Taskmaster the item on your card. You may only make noises. You may not use any actions or anything that sounds like a word. | Work out how many sheets there are on a loo roll.,Live,Katherine Parkinson,1,0,0,0
10,7,6,Live: Communicate to the Taskmaster the item on your card. You may only make noises. You may not use any actions or anything that sounds like a word. | Work out how many sheets there are on a loo roll.,Live,Mawaan Rizwan,3,0,0,0
10,7,6,Live: Communicate to the Taskmaster the item on your card. You may only make noises. You may not use any actions or anything that sounds like a word. | Work out how many sheets there are on a loo roll.,Live,Richard Herring,2,0,0,0
10,8,1,Prize: Best thing with wings. | Fill this cup so that it overfloweth. The cup must remain atop the cup pole at all times. Only liquids may touch the red green.,Prize,Daisy May Cooper,2,0,0,0
10,8,1,Prize: Best thing with wings. | Fill this cup so that it overfloweth. The cup must remain atop the cup pole at all times. Only liquids may touch the red green.,Prize,Johnny Vegas,1,0,0,0
10,8,1,Prize: Best thing with wings. | Fill this cup so that it overfloweth. The cup must remain atop the cup pole at all times. Only liquids may touch the red green.,Prize,Katherine Parkinson,3,0,0,0
10,8,1,Prize: Best thing with wings. | Fill this cup so that it overfloweth. The cup must remain atop the cup pole at all times. Only liquids may touch the red green.,Prize,Mawaan Rizwan,4,0,0,0
10,8,1,Prize: Best thing with wings. | Fill this cup so that it overfloweth. The cup must remain atop the cup pole at all times. Only liquids may touch the red green.,Prize,Richard Herring,5,0,0,1
10,8,2,Learn your lines.,Normal,Daisy May Cooper,3,0,0,0
10,8,2,Learn your lines.,Normal,Johnny Vegas,4,0,0,0
10,8,2,Learn your lines.,Normal,Katherine Parkinson,2,0,0,0
10,8,2,Learn your lines.,Normal,Mawaan Rizwan,2,0,0,0
10,8,2,Learn your lines.,Normal,Richard Herring,5,0,0,1
10,8,3,"Drink one full tablespoon of coconut water. If you use the same coconut water extraction method as another contestant, you will be disqualified.",Normal,Daisy May Cooper,0,1,0,0
10,8,3,"Drink one full tablespoon of coconut water. If you use the same coconut water extraction method as another contestant, you will be disqualified.",Normal,Johnny Vegas,3,0,0,0
10,8,3,"Drink one full tablespoon of coconut water. If you use the same coconut water extraction method as another contestant, you will be disqualified.",Normal,Katherine Parkinson,5,0,0,0
10,8,3,"Drink one full tablespoon of coconut water. If you use the same coconut water extraction method as another contestant, you will be disqualified.",Normal,Mawaan Rizwan,0,1,0,0
10,8,3,"Drink one full tablespoon of coconut water. If you use the same coconut water extraction method as another contestant, you will be disqualified.",Normal,Richard Herring,4,0,0,1
10,8,4,Team Live: Stare at your opponent without blinking. You must both be pulling the face that the Taskmaster chooses.,Live,Daisy May Cooper,2,0,0,0
10,8,4,Team Live: Stare at your opponent without blinking. You must both be pulling the face that the Taskmaster chooses.,Live,Johnny Vegas,4,0,0,0
10,8,4,Team Live: Stare at your opponent without blinking. You must both be pulling the face that the Taskmaster chooses.,Live,Katherine Parkinson,2,0,0,0
10,8,4,Team Live: Stare at your opponent without blinking. You must both be pulling the face that the Taskmaster chooses.,Live,Mawaan Rizwan,4,0,0,0
10,8,4,Team Live: Stare at your opponent without blinking. You must both be pulling the face that the Taskmaster chooses.,Live,Richard Herring,4,0,0,1
10,9,1,Prize: Best bedding.,Prize,Daisy May Cooper,3,0,0,0
10,9,1,Prize: Best bedding.,Prize,Johnny Vegas,2,0,0,0
10,9,1,Prize: Best bedding.,Prize,Katherine Parkinson,2,0,0,0
10,9,1,Prize: Best bedding.,Prize,Mawaan Rizwan,4,0,0,0
10,9,1,Prize: Best bedding.,Prize,Richard Herring,5,0,0,1
10,9,2,"Make the biggest beer mat house on this table. While making your biggest beer mat house, you must ring the doorbell after exactly one minute, then after 58 more seconds, then 56 seconds and so on until 0 seconds. If you make more than two mistakes with the doorbell timing, you will be disqualified.",Normal,Daisy May Cooper,4,0,0,0
10,9,2,"Make the biggest beer mat house on this table. While making your biggest beer mat house, you must ring the doorbell after exactly one minute, then after 58 more seconds, then 56 seconds and so on until 0 seconds. If you make more than two mistakes with the doorbell timing, you will be disqualified.",Normal,Johnny Vegas,0,1,0,0
10,9,2,"Make the biggest beer mat house on this table. While making your biggest beer mat house, you must ring the doorbell after exactly one minute, then after 58 more seconds, then 56 seconds and so on until 0 seconds. If you make more than two mistakes with the doorbell timing, you will be disqualified.",Normal,Katherine Parkinson,0,1,0,0
10,9,2,"Make the biggest beer mat house on this table. While making your biggest beer mat house, you must ring the doorbell after exactly one minute, then after 58 more seconds, then 56 seconds and so on until 0 seconds. If you make more than two mistakes with the doorbell timing, you will be disqualified.",Normal,Mawaan Rizwan,5,0,0,0
10,9,2,"Make the biggest beer mat house on this table. While making your biggest beer mat house, you must ring the doorbell after exactly one minute, then after 58 more seconds, then 56 seconds and so on until 0 seconds. If you make more than two mistakes with the doorbell timing, you will be disqualified.",Normal,Richard Herring,3,0,0,1
10,9,3,"Complete the most tasks. There is one task behind each door. You may choose the order to open the doors. You may only move when the doors are moving and you must stay on this side of the white line. During the task, you must tell Alex which door to open within one minute of the previous door closing.",Normal,Daisy May Cooper,5,0,0,0
10,9,3,"Complete the most tasks. There is one task behind each door. You may choose the order to open the doors. You may only move when the doors are moving and you must stay on this side of the white line. During the task, you must tell Alex which door to open within one minute of the previous door closing.",Normal,Johnny Vegas,3,0,0,0
10,9,3,"Complete the most tasks. There is one task behind each door. You may choose the order to open the doors. You may only move when the doors are moving and you must stay on this side of the white line. During the task, you must tell Alex which door to open within one minute of the previous door closing.",Normal,Katherine Parkinson,1,0,0,0
10,9,3,"Complete the most tasks. There is one task behind each door. You may choose the order to open the doors. You may only move when the doors are moving and you must stay on this side of the white line. During the task, you must tell Alex which door to open within one minute of the previous door closing.",Normal,Mawaan Rizwan,2,0,0,0
10,9,3,"Complete the most tasks. There is one task behind each door. You may choose the order to open the doors. You may only move when the doors are moving and you must stay on this side of the white line. During the task, you must tell Alex which door to open within one minute of the previous door closing.",Normal,Richard Herring,4,0,0,1
10,9,4,Work out how many balls are in the basket. Every ball must be in the basket when you make your guess.,Normal,Daisy May Cooper,5,0,0,0
10,9,4,Work out how many balls are in the basket. Every ball must be in the basket when you make your guess.,Normal,Johnny Vegas,0,1,0,0
10,9,4,Work out how many balls are in the basket. Every ball must be in the basket when you make your guess.,Normal,Katherine Parkinson,0,1,0,0
10,9,4,Work out how many balls are in the basket. Every ball must be in the basket when you make your guess.,Normal,Mawaan Rizwan,3,0,0,0
10,9,4,Work out how many balls are in the basket. Every ball must be in the basket when you make your guess.,Normal,Richard Herring,4,0,0,1
10,9,5,Live: Draw this monster the Taskmaster is going to describe.,Live,Daisy May Cooper,3,0,0,0
10,9,5,Live: Draw this monster the Taskmaster is going to describe.,Live,Johnny Vegas,4,0,0,0
10,9,5,Live: Draw this monster the Taskmaster is going to describe.,Live,Katherine Parkinson,3,0,0,0
10,9,5,Live: Draw this monster the Taskmaster is going to describe.,Live,Mawaan Rizwan,4,0,0,0
10,9,5,Live: Draw this monster the Taskmaster is going to describe.,Live,Richard Herring,5,0,0,1
10,10,1,Prize: Greatest collection.,Prize,Daisy May Cooper,4,0,0,0
10,10,1,Prize: Greatest collection.,Prize,Johnny Vegas,3,0,0,0
10,10,1,Prize: Greatest collection.,Prize,Katherine Parkinson,2,0,0,0
10,10,1,Prize: Greatest collection.,Prize,Mawaan Rizwan,5,0,0,1
10,10,1,Prize: Greatest collection.,Prize,Richard Herring,1,0,0,0
10,10,2,"Put these wellies on the spider's feet. You must carry a welly at all times, but you must never carry more than three wellies. You must not cut, untie or snap the twine.",Normal,Daisy May Cooper,5,0,0,0
10,10,2,"Put these wellies on the spider's feet. You must carry a welly at all times, but you must never carry more than three wellies. You must not cut, untie or snap the twine.",Normal,Johnny Vegas,0,1,0,0
10,10,2,"Put these wellies on the spider's feet. You must carry a welly at all times, but you must never carry more than three wellies. You must not cut, untie or snap the twine.",Normal,Katherine Parkinson,0,0,0,0
10,10,2,"Put these wellies on the spider's feet. You must carry a welly at all times, but you must never carry more than three wellies. You must not cut, untie or snap the twine.",Normal,Mawaan Rizwan,4,0,0,1
10,10,2,"Put these wellies on the spider's feet. You must carry a welly at all times, but you must never carry more than three wellies. You must not cut, untie or snap the twine.",Normal,Richard Herring,3,0,0,0
10,10,3,Bonus: For using lateral thinking.,Normal,Daisy May Cooper,0,0,0,0
10,10,3,Bonus: For using lateral thinking.,Normal,Johnny Vegas,0,0,0,0
10,10,3,Bonus: For using lateral thinking.,Normal,Katherine Parkinson,1,0,0,0
10,10,3,Bonus: For using lateral thinking.,Normal,Mawaan Rizwan,0,0,0,1
10,10,3,Bonus: For using lateral thinking.,Normal,Richard Herring,0,0,0,0
10,10,4,Team: Perform this song.,Team,Daisy May Cooper,5,0,0,0
10,10,4,Team: Perform this song.,Team,Johnny Vegas,2,0,0,0
10,10,4,Team: Perform this song.,Team,Katherine Parkinson,2,0,0,0
10,10,4,Team: Perform this song.,Team,Mawaan Rizwan,2,0,0,1
10,10,4,Team: Perform this song.,Team,Richard Herring,5,0,0,0
10,10,5,Neatly hang all of Bernard's clothes on that coat rail. You must stay behind the line at all times.,Normal,Daisy May Cooper,1,0,0,0
10,10,5,Neatly hang all of Bernard's clothes on that coat rail. You must stay behind the line at all times.,Normal,Johnny Vegas,4,0,0,0
10,10,5,Neatly hang all of Bernard's clothes on that coat rail. You must stay behind the line at all times.,Normal,Katherine Parkinson,5,0,0,0
10,10,5,Neatly hang all of Bernard's clothes on that coat rail. You must stay behind the line at all times.,Normal,Mawaan Rizwan,2,0,0,1
10,10,5,Neatly hang all of Bernard's clothes on that coat rail. You must stay behind the line at all times.,Normal,Richard Herring,3,0,0,0
10,10,6,"Live: Wearing mittens at all times, balance either all the mints or all the biscuits on a spaghetti bridge. The mints or biscuits must only touch spaghetti. The spaghetti must be balanced on the coconuts. The coconuts must remain on their stands. | How many green eggs are under the Taskmaster's chair?",Live,Daisy May Cooper,0,0,0,0
10,10,6,"Live: Wearing mittens at all times, balance either all the mints or all the biscuits on a spaghetti bridge. The mints or biscuits must only touch spaghetti. The spaghetti must be balanced on the coconuts. The coconuts must remain on their stands. | How many green eggs are under the Taskmaster's chair?",Live,Johnny Vegas,0,0,0,0
10,10,6,"Live: Wearing mittens at all times, balance either all the mints or all the biscuits on a spaghetti bridge. The mints or biscuits must only touch spaghetti. The spaghetti must be balanced on the coconuts. The coconuts must remain on their stands. | How many green eggs are under the Taskmaster's chair?",Live,Katherine Parkinson,0,0,0,0
10,10,6,"Live: Wearing mittens at all times, balance either all the mints or all the biscuits on a spaghetti bridge. The mints or biscuits must only touch spaghetti. The spaghetti must be balanced on the coconuts. The coconuts must remain on their stands. | How many green eggs are under the Taskmaster's chair?",Live,Mawaan Rizwan,4,0,0,1
10,10,6,"Live: Wearing mittens at all times, balance either all the mints or all the biscuits on a spaghetti bridge. The mints or biscuits must only touch spaghetti. The spaghetti must be balanced on the coconuts. The coconuts must remain on their stands. | How many green eggs are under the Taskmaster's chair?",Live,Richard Herring,5,0,0,0
11,1,1,"Prize: Best thing you can carry, but only just.",Prize,Charlotte Ritchie,1,0,0,0
11,1,1,"Prize: Best thing you can carry, but only just.",Prize,Jamali Maddix,2,0,0,0
11,1,1,"Prize: Best thing you can carry, but only just.",Prize,Lee Mack,4,0,0,0
11,1,1,"Prize: Best thing you can carry, but only just.",Prize,Mike Wozniak,5,0,0,0
11,1,1,"Prize: Best thing you can carry, but only just.",Prize,Sarah Kendall,3,0,0,1
11,1,2,Do the most impressive thing under the table with one hand. You must be looking at the camera and waving with your other hand throughout your impressive thing.,Normal,Charlotte Ritchie,2,0,0,0
11,1,2,Do the most impressive thing under the table with one hand. You must be looking at the camera and waving with your other hand throughout your impressive thing.,Normal,Jamali Maddix,3,0,0,0
11,1,2,Do the most impressive thing under the table with one hand. You must be looking at the camera and waving with your other hand throughout your impressive thing.,Normal,Lee Mack,3,0,0,0
11,1,2,Do the most impressive thing under the table with one hand. You must be looking at the camera and waving with your other hand throughout your impressive thing.,Normal,Mike Wozniak,5,0,0,0
11,1,2,Do the most impressive thing under the table with one hand. You must be looking at the camera and waving with your other hand throughout your impressive thing.,Normal,Sarah Kendall,4,0,0,1
11,1,3,Catch the rat. You must be at least three metres from the rat when you catch it. The rat will run across the red green in 30 minutes.,Normal,Charlotte Ritchie,0,1,0,0
11,1,3,Catch the rat. You must be at least three metres from the rat when you catch it. The rat will run across the red green in 30 minutes.,Normal,Jamali Maddix,1,0,0,0
11,1,3,Catch the rat. You must be at least three metres from the rat when you catch it. The rat will run across the red green in 30 minutes.,Normal,Lee Mack,5,0,0,0
11,1,3,Catch the rat. You must be at least three metres from the rat when you catch it. The rat will run across the red green in 30 minutes.,Normal,Mike Wozniak,3,0,0,0
11,1,3,Catch the rat. You must be at least three metres from the rat when you catch it. The rat will run across the red green in 30 minutes.,Normal,Sarah Kendall,3,0,0,1
11,1,4,"Deliver all the plates to Alex. When carrying the plates you must be traveling by scooter, or bicycle or hoverboard. For every plate fallen or broken you have 20 minutes added to your time.",Live,Charlotte Ritchie,2,0,0,0
11,1,4,"Deliver all the plates to Alex. When carrying the plates you must be traveling by scooter, or bicycle or hoverboard. For every plate fallen or broken you have 20 minutes added to your time.",Live,Jamali Maddix,1,0,0,0
11,1,4,"Deliver all the plates to Alex. When carrying the plates you must be traveling by scooter, or bicycle or hoverboard. For every plate fallen or broken you have 20 minutes added to your time.",Live,Lee Mack,5,0,0,0
11,1,4,"Deliver all the plates to Alex. When carrying the plates you must be traveling by scooter, or bicycle or hoverboard. For every plate fallen or broken you have 20 minutes added to your time.",Live,Mike Wozniak,3,0,0,0
11,1,4,"Deliver all the plates to Alex. When carrying the plates you must be traveling by scooter, or bicycle or hoverboard. For every plate fallen or broken you have 20 minutes added to your time.",Live,Sarah Kendall,4,0,0,1
11,1,5,"Live: Stack your buckets so that they are taller than you, then put one beanbag on top of the buckets. You may not leave your spot at any point.",Live,Charlotte Ritchie,0,0,0,0
11,1,5,"Live: Stack your buckets so that they are taller than you, then put one beanbag on top of the buckets. You may not leave your spot at any point.",Live,Jamali Maddix,0,0,0,0
11,1,5,"Live: Stack your buckets so that they are taller than you, then put one beanbag on top of the buckets. You may not leave your spot at any point.",Live,Lee Mack,0,0,0,0
11,1,5,"Live: Stack your buckets so that they are taller than you, then put one beanbag on top of the buckets. You may not leave your spot at any point.",Live,Mike Wozniak,0,0,0,0
11,1,5,"Live: Stack your buckets so that they are taller than you, then put one beanbag on top of the buckets. You may not leave your spot at any point.",Live,Sarah Kendall,5,0,0,1
11,2,1,Prize: Best drinking vessel.,Prize,Charlotte Ritchie,5,0,0,0
11,2,1,Prize: Best drinking vessel.,Prize,Jamali Maddix,1,0,0,0
11,2,1,Prize: Best drinking vessel.,Prize,Lee Mack,2,0,0,0
11,2,1,Prize: Best drinking vessel.,Prize,Mike Wozniak,4,0,0,1
11,2,1,Prize: Best drinking vessel.,Prize,Sarah Kendall,3,0,0,0
11,2,2,Make the balloon hover untethered for 20 seconds. During the hovering the top of the balloon must not be higher than your chin and the bottom of the balloon must not be lower than your waist. Also you must sneer throughout the 20 seconds.,Normal,Charlotte Ritchie,0,0,0,0
11,2,2,Make the balloon hover untethered for 20 seconds. During the hovering the top of the balloon must not be higher than your chin and the bottom of the balloon must not be lower than your waist. Also you must sneer throughout the 20 seconds.,Normal,Jamali Maddix,5,0,0,0
11,2,2,Make the balloon hover untethered for 20 seconds. During the hovering the top of the balloon must not be higher than your chin and the bottom of the balloon must not be lower than your waist. Also you must sneer throughout the 20 seconds.,Normal,Lee Mack,0,0,0,0
11,2,2,Make the balloon hover untethered for 20 seconds. During the hovering the top of the balloon must not be higher than your chin and the bottom of the balloon must not be lower than your waist. Also you must sneer throughout the 20 seconds.,Normal,Mike Wozniak,4,0,0,1
11,2,2,Make the balloon hover untethered for 20 seconds. During the hovering the top of the balloon must not be higher than your chin and the bottom of the balloon must not be lower than your waist. Also you must sneer throughout the 20 seconds.,Normal,Sarah Kendall,3,0,0,0
11,2,3,"Team: Have an argument. You must take it in turns to angrily make a point using nor more than 10 words, and you must always end your point with a different four-letter word. You must look at each other throughout the argument and the person speaking must angrily wag their finger during their speech. The argument is over when there is ten seconds of silence, or when one of you looks away.",Team,Charlotte Ritchie,2,0,0,0
11,2,3,"Team: Have an argument. You must take it in turns to angrily make a point using nor more than 10 words, and you must always end your point with a different four-letter word. You must look at each other throughout the argument and the person speaking must angrily wag their finger during their speech. The argument is over when there is ten seconds of silence, or when one of you looks away.",Team,Jamali Maddix,2,0,0,0
11,2,3,"Team: Have an argument. You must take it in turns to angrily make a point using nor more than 10 words, and you must always end your point with a different four-letter word. You must look at each other throughout the argument and the person speaking must angrily wag their finger during their speech. The argument is over when there is ten seconds of silence, or when one of you looks away.",Team,Lee Mack,5,0,0,0
11,2,3,"Team: Have an argument. You must take it in turns to angrily make a point using nor more than 10 words, and you must always end your point with a different four-letter word. You must look at each other throughout the argument and the person speaking must angrily wag their finger during their speech. The argument is over when there is ten seconds of silence, or when one of you looks away.",Team,Mike Wozniak,5,0,0,1
11,2,3,"Team: Have an argument. You must take it in turns to angrily make a point using nor more than 10 words, and you must always end your point with a different four-letter word. You must look at each other throughout the argument and the person speaking must angrily wag their finger during their speech. The argument is over when there is ten seconds of silence, or when one of you looks away.",Team,Sarah Kendall,2,0,0,0
11,2,4,Make the house haunted.,Normal,Charlotte Ritchie,3,0,0,0
11,2,4,Make the house haunted.,Normal,Jamali Maddix,3,0,0,0
11,2,4,Make the house haunted.,Normal,Lee Mack,4,0,0,0
11,2,4,Make the house haunted.,Normal,Mike Wozniak,4,0,0,1
11,2,4,Make the house haunted.,Normal,Sarah Kendall,5,0,0,0
11,2,5,Live: Correctly guess your standing in the group. The Taskmaster will read out a category. Then you must hold the number that reflects your standing in the group.,Live,Charlotte Ritchie,2,0,0,0
11,2,5,Live: Correctly guess your standing in the group. The Taskmaster will read out a category. Then you must hold the number that reflects your standing in the group.,Live,Jamali Maddix,2,0,0,0
11,2,5,Live: Correctly guess your standing in the group. The Taskmaster will read out a category. Then you must hold the number that reflects your standing in the group.,Live,Lee Mack,5,0,0,0
11,2,5,Live: Correctly guess your standing in the group. The Taskmaster will read out a category. Then you must hold the number that reflects your standing in the group.,Live,Mike Wozniak,4,0,0,1
11,2,5,Live: Correctly guess your standing in the group. The Taskmaster will read out a category. Then you must hold the number that reflects your standing in the group.,Live,Sarah Kendall,4,0,0,0
11,3,1,Prize: Most shocking thing bigger than a cat but smaller than a pig.,Prize,Charlotte Ritchie,1,0,0,0
11,3,1,Prize: Most shocking thing bigger than a cat but smaller than a pig.,Prize,Jamali Maddix,3,0,0,0
11,3,1,Prize: Most shocking thing bigger than a cat but smaller than a pig.,Prize,Lee Mack,5,0,0,0
11,3,1,Prize: Most shocking thing bigger than a cat but smaller than a pig.,Prize,Mike Wozniak,3,0,0,0
11,3,1,Prize: Most shocking thing bigger than a cat but smaller than a pig.,Prize,Sarah Kendall,3,0,0,1
11,3,2,Make the sauna stones hiss. You must be standing behind the rope when the sauna stones hiss. You may not move the sauna stones or this rope. You may not use a hose.,Normal,Charlotte Ritchie,4,0,0,0
11,3,2,Make the sauna stones hiss. You must be standing behind the rope when the sauna stones hiss. You may not move the sauna stones or this rope. You may not use a hose.,Normal,Jamali Maddix,1,0,0,0
11,3,2,Make the sauna stones hiss. You must be standing behind the rope when the sauna stones hiss. You may not move the sauna stones or this rope. You may not use a hose.,Normal,Lee Mack,2,0,0,0
11,3,2,Make the sauna stones hiss. You must be standing behind the rope when the sauna stones hiss. You may not move the sauna stones or this rope. You may not use a hose.,Normal,Mike Wozniak,3,0,0,0
11,3,2,Make the sauna stones hiss. You must be standing behind the rope when the sauna stones hiss. You may not move the sauna stones or this rope. You may not use a hose.,Normal,Sarah Kendall,5,0,0,1
11,3,3,Create the best new way to remember how many days each of the months has.,Normal,Charlotte Ritchie,3,0,0,0
11,3,3,Create the best new way to remember how many days each of the months has.,Normal,Jamali Maddix,4,0,0,0
11,3,3,Create the best new way to remember how many days each of the months has.,Normal,Lee Mack,1,0,0,0
11,3,3,Create the best new way to remember how many days each of the months has.,Normal,Mike Wozniak,2,0,0,0
11,3,3,Create the best new way to remember how many days each of the months has.,Normal,Sarah Kendall,5,0,0,1
11,3,4,"Get all of your luggage through security. You must stay inside the maze until your luggage has been through the x-ray machine. You may go under one rope, and release one rope. You may also disconnect one pole completely, but you must then pick up that pole and carry it for the rest of the task. If any of your luggage touches any of the barriers, the maze will restart and you must start again.",Normal,Charlotte Ritchie,0,1,0,0
11,3,4,"Get all of your luggage through security. You must stay inside the maze until your luggage has been through the x-ray machine. You may go under one rope, and release one rope. You may also disconnect one pole completely, but you must then pick up that pole and carry it for the rest of the task. If any of your luggage touches any of the barriers, the maze will restart and you must start again.",Normal,Jamali Maddix,0,1,0,0
11,3,4,"Get all of your luggage through security. You must stay inside the maze until your luggage has been through the x-ray machine. You may go under one rope, and release one rope. You may also disconnect one pole completely, but you must then pick up that pole and carry it for the rest of the task. If any of your luggage touches any of the barriers, the maze will restart and you must start again.",Normal,Lee Mack,5,0,0,0
11,3,4,"Get all of your luggage through security. You must stay inside the maze until your luggage has been through the x-ray machine. You may go under one rope, and release one rope. You may also disconnect one pole completely, but you must then pick up that pole and carry it for the rest of the task. If any of your luggage touches any of the barriers, the maze will restart and you must start again.",Normal,Mike Wozniak,0,1,0,0
11,3,4,"Get all of your luggage through security. You must stay inside the maze until your luggage has been through the x-ray machine. You may go under one rope, and release one rope. You may also disconnect one pole completely, but you must then pick up that pole and carry it for the rest of the task. If any of your luggage touches any of the barriers, the maze will restart and you must start again.",Normal,Sarah Kendall,4,0,0,1
11,3,5,Team Live: Act out a nursery rhyme for the Taskmaster to guess. You must remain silent and on your spots throughout.,Live,Charlotte Ritchie,3,0,0,0
11,3,5,Team Live: Act out a nursery rhyme for the Taskmaster to guess. You must remain silent and on your spots throughout.,Live,Jamali Maddix,3,0,0,0
11,3,5,Team Live: Act out a nursery rhyme for the Taskmaster to guess. You must remain silent and on your spots throughout.,Live,Lee Mack,5,0,0,0
11,3,5,Team Live: Act out a nursery rhyme for the Taskmaster to guess. You must remain silent and on your spots throughout.,Live,Mike Wozniak,5,0,0,0
11,3,5,Team Live: Act out a nursery rhyme for the Taskmaster to guess. You must remain silent and on your spots throughout.,Live,Sarah Kendall,3,0,0,1
11,4,1,Prize: Craziest thing.,Prize,Charlotte Ritchie,4,0,0,0
11,4,1,Prize: Craziest thing.,Prize,Jamali Maddix,3,0,0,0
11,4,1,Prize: Craziest thing.,Prize,Lee Mack,1,0,0,0
11,4,1,Prize: Craziest thing.,Prize,Mike Wozniak,4,0,0,0
11,4,1,Prize: Craziest thing.,Prize,Sarah Kendall,5,0,0,1
11,4,2,Get all of the banana in the bottle. You may not break the bottle. The bottle may not leave the lab.,Normal,Charlotte Ritchie,1,0,0,0
11,4,2,Get all of the banana in the bottle. You may not break the bottle. The bottle may not leave the lab.,Normal,Jamali Maddix,3,0,0,0
11,4,2,Get all of the banana in the bottle. You may not break the bottle. The bottle may not leave the lab.,Normal,Lee Mack,4,0,0,0
11,4,2,Get all of the banana in the bottle. You may not break the bottle. The bottle may not leave the lab.,Normal,Mike Wozniak,0,1,0,0
11,4,2,Get all of the banana in the bottle. You may not break the bottle. The bottle may not leave the lab.,Normal,Sarah Kendall,5,0,0,1
11,4,3,"Team: Put the bag of salt on that table over there. No one may move whilst holding the bag of salt. If the bag of salt touches the ground at any point, you must return to your starting point. If any bell touches the ground at any point, you must return to your starting point. You may not touch the rope or your belts.",Team,Charlotte Ritchie,5,0,0,0
11,4,3,"Team: Put the bag of salt on that table over there. No one may move whilst holding the bag of salt. If the bag of salt touches the ground at any point, you must return to your starting point. If any bell touches the ground at any point, you must return to your starting point. You may not touch the rope or your belts.",Team,Jamali Maddix,5,0,0,0
11,4,3,"Team: Put the bag of salt on that table over there. No one may move whilst holding the bag of salt. If the bag of salt touches the ground at any point, you must return to your starting point. If any bell touches the ground at any point, you must return to your starting point. You may not touch the rope or your belts.",Team,Lee Mack,0,1,0,0
11,4,3,"Team: Put the bag of salt on that table over there. No one may move whilst holding the bag of salt. If the bag of salt touches the ground at any point, you must return to your starting point. If any bell touches the ground at any point, you must return to your starting point. You may not touch the rope or your belts.",Team,Mike Wozniak,0,1,0,0
11,4,3,"Team: Put the bag of salt on that table over there. No one may move whilst holding the bag of salt. If the bag of salt touches the ground at any point, you must return to your starting point. If any bell touches the ground at any point, you must return to your starting point. You may not touch the rope or your belts.",Team,Sarah Kendall,5,0,0,1
11,4,4,Get this sheet of loo roll as far from here as possible. Only this sheet of loo roll may touch the ground. The loo roll must not break at any point and the loo roll inner tube must stay on the loo roll holder at all times.,Normal,Charlotte Ritchie,0,1,0,0
11,4,4,Get this sheet of loo roll as far from here as possible. Only this sheet of loo roll may touch the ground. The loo roll must not break at any point and the loo roll inner tube must stay on the loo roll holder at all times.,Normal,Jamali Maddix,5,0,0,0
11,4,4,Get this sheet of loo roll as far from here as possible. Only this sheet of loo roll may touch the ground. The loo roll must not break at any point and the loo roll inner tube must stay on the loo roll holder at all times.,Normal,Lee Mack,0,1,0,0
11,4,4,Get this sheet of loo roll as far from here as possible. Only this sheet of loo roll may touch the ground. The loo roll must not break at any point and the loo roll inner tube must stay on the loo roll holder at all times.,Normal,Mike Wozniak,0,1,0,0
11,4,4,Get this sheet of loo roll as far from here as possible. Only this sheet of loo roll may touch the ground. The loo roll must not break at any point and the loo roll inner tube must stay on the loo roll holder at all times.,Normal,Sarah Kendall,4,0,0,1
11,4,5,Live: Write down what five things are in the bowl under the table and how many of each thing there are. You must look at the Taskmaster throughout this task. One of your hands must be in the bowl and the other must be holding your pen throughout the task.,Live,Charlotte Ritchie,3,0,0,0
11,4,5,Live: Write down what five things are in the bowl under the table and how many of each thing there are. You must look at the Taskmaster throughout this task. One of your hands must be in the bowl and the other must be holding your pen throughout the task.,Live,Jamali Maddix,5,0,0,0
11,4,5,Live: Write down what five things are in the bowl under the table and how many of each thing there are. You must look at the Taskmaster throughout this task. One of your hands must be in the bowl and the other must be holding your pen throughout the task.,Live,Lee Mack,2,0,0,0
11,4,5,Live: Write down what five things are in the bowl under the table and how many of each thing there are. You must look at the Taskmaster throughout this task. One of your hands must be in the bowl and the other must be holding your pen throughout the task.,Live,Mike Wozniak,2,0,0,0
11,4,5,Live: Write down what five things are in the bowl under the table and how many of each thing there are. You must look at the Taskmaster throughout this task. One of your hands must be in the bowl and the other must be holding your pen throughout the task.,Live,Sarah Kendall,4,0,0,1
11,5,1,Prize: Best thing you can operate with your hand.,Prize,Charlotte Ritchie,1,0,0,1
11,5,1,Prize: Best thing you can operate with your hand.,Prize,Jamali Maddix,5,0,0,0
11,5,1,Prize: Best thing you can operate with your hand.,Prize,Lee Mack,4,0,0,0
11,5,1,Prize: Best thing you can operate with your hand.,Prize,Mike Wozniak,3,0,0,0
11,5,1,Prize: Best thing you can operate with your hand.,Prize,Sarah Kendall,2,0,0,0
11,5,2,Cover your lower half in biodegradable clingfilm and gaffer tape so that no part of your lower half isn't covered in biodegradable cling film and gaffer tape. | Put on the captain's hat. Your lower half must be completely covered in biodegradable cling film and gaffer tape when wearing the captain's hat.,Normal,Charlotte Ritchie,3,0,0,1
11,5,2,Cover your lower half in biodegradable clingfilm and gaffer tape so that no part of your lower half isn't covered in biodegradable cling film and gaffer tape. | Put on the captain's hat. Your lower half must be completely covered in biodegradable cling film and gaffer tape when wearing the captain's hat.,Normal,Jamali Maddix,5,0,0,0
11,5,2,Cover your lower half in biodegradable clingfilm and gaffer tape so that no part of your lower half isn't covered in biodegradable cling film and gaffer tape. | Put on the captain's hat. Your lower half must be completely covered in biodegradable cling film and gaffer tape when wearing the captain's hat.,Normal,Lee Mack,1,0,0,0
11,5,2,Cover your lower half in biodegradable clingfilm and gaffer tape so that no part of your lower half isn't covered in biodegradable cling film and gaffer tape. | Put on the captain's hat. Your lower half must be completely covered in biodegradable cling film and gaffer tape when wearing the captain's hat.,Normal,Mike Wozniak,2,0,0,0
11,5,2,Cover your lower half in biodegradable clingfilm and gaffer tape so that no part of your lower half isn't covered in biodegradable cling film and gaffer tape. | Put on the captain's hat. Your lower half must be completely covered in biodegradable cling film and gaffer tape when wearing the captain's hat.,Normal,Sarah Kendall,4,0,0,0
11,5,3,Make the best uniform for this bee. You must wear your beekeeping outfit throughout the task.,Normal,Charlotte Ritchie,4,0,0,1
11,5,3,Make the best uniform for this bee. You must wear your beekeeping outfit throughout the task.,Normal,Jamali Maddix,1,0,0,0
11,5,3,Make the best uniform for this bee. You must wear your beekeeping outfit throughout the task.,Normal,Lee Mack,5,0,0,0
11,5,3,Make the best uniform for this bee. You must wear your beekeeping outfit throughout the task.,Normal,Mike Wozniak,3,0,0,0
11,5,3,Make the best uniform for this bee. You must wear your beekeeping outfit throughout the task.,Normal,Sarah Kendall,2,0,0,0
11,5,4,"Arrange the seven objects in a line on the table in order of how many sides they have. Fewest side on the left, most sides on your right. You may only touch the objects with your face. If anything falls from the table, you are disqualified. You must put on your darkness goggles now.",Normal,Charlotte Ritchie,5,0,0,1
11,5,4,"Arrange the seven objects in a line on the table in order of how many sides they have. Fewest side on the left, most sides on your right. You may only touch the objects with your face. If anything falls from the table, you are disqualified. You must put on your darkness goggles now.",Normal,Jamali Maddix,0,1,0,0
11,5,4,"Arrange the seven objects in a line on the table in order of how many sides they have. Fewest side on the left, most sides on your right. You may only touch the objects with your face. If anything falls from the table, you are disqualified. You must put on your darkness goggles now.",Normal,Lee Mack,0,1,0,0
11,5,4,"Arrange the seven objects in a line on the table in order of how many sides they have. Fewest side on the left, most sides on your right. You may only touch the objects with your face. If anything falls from the table, you are disqualified. You must put on your darkness goggles now.",Normal,Mike Wozniak,4,0,0,0
11,5,4,"Arrange the seven objects in a line on the table in order of how many sides they have. Fewest side on the left, most sides on your right. You may only touch the objects with your face. If anything falls from the table, you are disqualified. You must put on your darkness goggles now.",Normal,Sarah Kendall,0,1,0,0
11,5,5,"Team Live: Grab the marshmallow with your tongs. When the Taskmaster says ""play"", you have 10 seconds to grab the marshmallow. Once your tongs are over the table, you must attempt to grab the marshmallow. If you successfully grab the marshmallow, you win. | Bat away the marshmallow. When the Taskmaster says ""play"", you have 10 seconds to bat away the marshmallow. Your hand may not be over the table until the other player's tongs are over the table. If you bat away the marshmallow, you win.",Live,Charlotte Ritchie,4,0,0,1
11,5,5,"Team Live: Grab the marshmallow with your tongs. When the Taskmaster says ""play"", you have 10 seconds to grab the marshmallow. Once your tongs are over the table, you must attempt to grab the marshmallow. If you successfully grab the marshmallow, you win. | Bat away the marshmallow. When the Taskmaster says ""play"", you have 10 seconds to bat away the marshmallow. Your hand may not be over the table until the other player's tongs are over the table. If you bat away the marshmallow, you win.",Live,Jamali Maddix,4,0,0,0
11,5,5,"Team Live: Grab the marshmallow with your tongs. When the Taskmaster says ""play"", you have 10 seconds to grab the marshmallow. Once your tongs are over the table, you must attempt to grab the marshmallow. If you successfully grab the marshmallow, you win. | Bat away the marshmallow. When the Taskmaster says ""play"", you have 10 seconds to bat away the marshmallow. Your hand may not be over the table until the other player's tongs are over the table. If you bat away the marshmallow, you win.",Live,Lee Mack,2,0,0,0
11,5,5,"Team Live: Grab the marshmallow with your tongs. When the Taskmaster says ""play"", you have 10 seconds to grab the marshmallow. Once your tongs are over the table, you must attempt to grab the marshmallow. If you successfully grab the marshmallow, you win. | Bat away the marshmallow. When the Taskmaster says ""play"", you have 10 seconds to bat away the marshmallow. Your hand may not be over the table until the other player's tongs are over the table. If you bat away the marshmallow, you win.",Live,Mike Wozniak,2,0,0,0
11,5,5,"Team Live: Grab the marshmallow with your tongs. When the Taskmaster says ""play"", you have 10 seconds to grab the marshmallow. Once your tongs are over the table, you must attempt to grab the marshmallow. If you successfully grab the marshmallow, you win. | Bat away the marshmallow. When the Taskmaster says ""play"", you have 10 seconds to bat away the marshmallow. Your hand may not be over the table until the other player's tongs are over the table. If you bat away the marshmallow, you win.",Live,Sarah Kendall,4,0,0,0
11,6,1,Prize: Most annoying thing.,Prize,Charlotte Ritchie,2,0,0,0
11,6,1,Prize: Most annoying thing.,Prize,Jamali Maddix,5,0,0,1
11,6,1,Prize: Most annoying thing.,Prize,Lee Mack,1,0,0,0
11,6,1,Prize: Most annoying thing.,Prize,Mike Wozniak,3,0,0,0
11,6,1,Prize: Most annoying thing.,Prize,Sarah Kendall,4,0,0,0
11,6,2,Fart.,Normal,Charlotte Ritchie,0,0,0,0
11,6,2,Fart.,Normal,Jamali Maddix,0,0,0,1
11,6,2,Fart.,Normal,Lee Mack,0,0,0,0
11,6,2,Fart.,Normal,Mike Wozniak,1,0,0,0
11,6,2,Fart.,Normal,Sarah Kendall,0,0,0,0
11,6,3,Make the best portrait of the Taskmaster on this door using only your feet.,Normal,Charlotte Ritchie,3,0,0,0
11,6,3,Make the best portrait of the Taskmaster on this door using only your feet.,Normal,Jamali Maddix,5,0,0,1
11,6,3,Make the best portrait of the Taskmaster on this door using only your feet.,Normal,Lee Mack,1,0,0,0
11,6,3,Make the best portrait of the Taskmaster on this door using only your feet.,Normal,Mike Wozniak,2,0,0,0
11,6,3,Make the best portrait of the Taskmaster on this door using only your feet.,Normal,Sarah Kendall,4,0,0,0
11,6,4,Team: Vandalise this wall.,Team,Charlotte Ritchie,1,0,0,0
11,6,4,Team: Vandalise this wall.,Team,Jamali Maddix,1,0,0,1
11,6,4,Team: Vandalise this wall.,Team,Lee Mack,5,0,0,0
11,6,4,Team: Vandalise this wall.,Team,Mike Wozniak,5,0,0,0
11,6,4,Team: Vandalise this wall.,Team,Sarah Kendall,1,0,0,0
11,6,5,"Identify the contents of the battered items in this fish and chips order. You may: lick and sniff all of the items, bite into two, squeeze one between your elbows, really stamp on one, look at one through a magnifying glass, and put one in a glass of water.",Normal,Charlotte Ritchie,3,0,0,0
11,6,5,"Identify the contents of the battered items in this fish and chips order. You may: lick and sniff all of the items, bite into two, squeeze one between your elbows, really stamp on one, look at one through a magnifying glass, and put one in a glass of water.",Normal,Jamali Maddix,5,0,0,1
11,6,5,"Identify the contents of the battered items in this fish and chips order. You may: lick and sniff all of the items, bite into two, squeeze one between your elbows, really stamp on one, look at one through a magnifying glass, and put one in a glass of water.",Normal,Lee Mack,1,0,0,0
11,6,5,"Identify the contents of the battered items in this fish and chips order. You may: lick and sniff all of the items, bite into two, squeeze one between your elbows, really stamp on one, look at one through a magnifying glass, and put one in a glass of water.",Normal,Mike Wozniak,2,0,0,0
11,6,5,"Identify the contents of the battered items in this fish and chips order. You may: lick and sniff all of the items, bite into two, squeeze one between your elbows, really stamp on one, look at one through a magnifying glass, and put one in a glass of water.",Normal,Sarah Kendall,4,0,0,0
11,6,6,"Live: Tie the very ends of the string to the arms of the glasses, then put the glasses on. | Fire as many rubber bands as possible into Alex's bum bag.",Live,Charlotte Ritchie,2,0,0,0
11,6,6,"Live: Tie the very ends of the string to the arms of the glasses, then put the glasses on. | Fire as many rubber bands as possible into Alex's bum bag.",Live,Jamali Maddix,1,0,0,1
11,6,6,"Live: Tie the very ends of the string to the arms of the glasses, then put the glasses on. | Fire as many rubber bands as possible into Alex's bum bag.",Live,Lee Mack,5,0,0,0
11,6,6,"Live: Tie the very ends of the string to the arms of the glasses, then put the glasses on. | Fire as many rubber bands as possible into Alex's bum bag.",Live,Mike Wozniak,4,0,0,0
11,6,6,"Live: Tie the very ends of the string to the arms of the glasses, then put the glasses on. | Fire as many rubber bands as possible into Alex's bum bag.",Live,Sarah Kendall,3,0,0,0
11,7,1,Prize: Best thing to hang on a wall that you wouldn't normally hang on a wall.,Prize,Charlotte Ritchie,4,0,0,0
11,7,1,Prize: Best thing to hang on a wall that you wouldn't normally hang on a wall.,Prize,Jamali Maddix,2,0,0,0
11,7,1,Prize: Best thing to hang on a wall that you wouldn't normally hang on a wall.,Prize,Lee Mack,5,0,0,1
11,7,1,Prize: Best thing to hang on a wall that you wouldn't normally hang on a wall.,Prize,Mike Wozniak,1,0,0,0
11,7,1,Prize: Best thing to hang on a wall that you wouldn't normally hang on a wall.,Prize,Sarah Kendall,4,0,0,0
11,7,2,Complete these tasks. You may not step beyond this line. You had ten minutes from when the fire was lit.,Normal,Charlotte Ritchie,2,0,0,0
11,7,2,Complete these tasks. You may not step beyond this line. You had ten minutes from when the fire was lit.,Normal,Jamali Maddix,4,0,0,0
11,7,2,Complete these tasks. You may not step beyond this line. You had ten minutes from when the fire was lit.,Normal,Lee Mack,3,0,0,1
11,7,2,Complete these tasks. You may not step beyond this line. You had ten minutes from when the fire was lit.,Normal,Mike Wozniak,5,0,0,0
11,7,2,Complete these tasks. You may not step beyond this line. You had ten minutes from when the fire was lit.,Normal,Sarah Kendall,1,0,0,0
11,7,3,Make the best babushka meal. Each course must be presented inside the previous course.,Normal,Charlotte Ritchie,2,0,0,0
11,7,3,Make the best babushka meal. Each course must be presented inside the previous course.,Normal,Jamali Maddix,5,0,0,0
11,7,3,Make the best babushka meal. Each course must be presented inside the previous course.,Normal,Lee Mack,4,0,0,1
11,7,3,Make the best babushka meal. Each course must be presented inside the previous course.,Normal,Mike Wozniak,1,0,0,0
11,7,3,Make the best babushka meal. Each course must be presented inside the previous course.,Normal,Sarah Kendall,4,0,0,0
11,7,4,"Team: Get out of the front gate setting off the alarm the fewest times. Every time the alarm goes off, you must start again. You must only step on your stepping stones.",Team,Charlotte Ritchie,0,0,0,0
11,7,4,"Team: Get out of the front gate setting off the alarm the fewest times. Every time the alarm goes off, you must start again. You must only step on your stepping stones.",Team,Jamali Maddix,0,0,0,0
11,7,4,"Team: Get out of the front gate setting off the alarm the fewest times. Every time the alarm goes off, you must start again. You must only step on your stepping stones.",Team,Lee Mack,5,0,0,1
11,7,4,"Team: Get out of the front gate setting off the alarm the fewest times. Every time the alarm goes off, you must start again. You must only step on your stepping stones.",Team,Mike Wozniak,5,0,0,0
11,7,4,"Team: Get out of the front gate setting off the alarm the fewest times. Every time the alarm goes off, you must start again. You must only step on your stepping stones.",Team,Sarah Kendall,0,0,0,0
11,7,5,Live: Make your rubber gloves and wellies as heavy as possible whilst wearing your rubber gloves and wellies. You must only put things in your rubber gloves for the first minute.,Live,Charlotte Ritchie,1,0,0,0
11,7,5,Live: Make your rubber gloves and wellies as heavy as possible whilst wearing your rubber gloves and wellies. You must only put things in your rubber gloves for the first minute.,Live,Jamali Maddix,1,0,0,0
11,7,5,Live: Make your rubber gloves and wellies as heavy as possible whilst wearing your rubber gloves and wellies. You must only put things in your rubber gloves for the first minute.,Live,Lee Mack,5,0,0,1
11,7,5,Live: Make your rubber gloves and wellies as heavy as possible whilst wearing your rubber gloves and wellies. You must only put things in your rubber gloves for the first minute.,Live,Mike Wozniak,2,0,0,0
11,7,5,Live: Make your rubber gloves and wellies as heavy as possible whilst wearing your rubber gloves and wellies. You must only put things in your rubber gloves for the first minute.,Live,Sarah Kendall,3,0,0,0
11,8,1,Prize: Most satisfying wobbly thing.,Prize,Charlotte Ritchie,3,0,0,0
11,8,1,Prize: Most satisfying wobbly thing.,Prize,Jamali Maddix,3,0,0,0
11,8,1,Prize: Most satisfying wobbly thing.,Prize,Lee Mack,3,0,0,1
11,8,1,Prize: Most satisfying wobbly thing.,Prize,Mike Wozniak,3,0,0,0
11,8,1,Prize: Most satisfying wobbly thing.,Prize,Sarah Kendall,3,0,0,0
11,8,2,"Say the word ""metronome"" between every tick of this metronome. You may not touch or stop the metronome. Also, you must blow up and tie a balloon so it's bigger than your head, neatly gift wrap the balloon, and eat three whole poppadoms.",Normal,Charlotte Ritchie,1,0,0,0
11,8,2,"Say the word ""metronome"" between every tick of this metronome. You may not touch or stop the metronome. Also, you must blow up and tie a balloon so it's bigger than your head, neatly gift wrap the balloon, and eat three whole poppadoms.",Normal,Jamali Maddix,4,0,0,0
11,8,2,"Say the word ""metronome"" between every tick of this metronome. You may not touch or stop the metronome. Also, you must blow up and tie a balloon so it's bigger than your head, neatly gift wrap the balloon, and eat three whole poppadoms.",Normal,Lee Mack,4,0,0,1
11,8,2,"Say the word ""metronome"" between every tick of this metronome. You may not touch or stop the metronome. Also, you must blow up and tie a balloon so it's bigger than your head, neatly gift wrap the balloon, and eat three whole poppadoms.",Normal,Mike Wozniak,5,0,0,0
11,8,2,"Say the word ""metronome"" between every tick of this metronome. You may not touch or stop the metronome. Also, you must blow up and tie a balloon so it's bigger than your head, neatly gift wrap the balloon, and eat three whole poppadoms.",Normal,Sarah Kendall,1,0,0,0
11,8,3,"Team: Draw the best picture of a British animal. Each person must fill in one section at a time and may not look at any other section during that time. Every section must be used, and you may not communicate with each other in any way during the task.",Team,Charlotte Ritchie,2,0,0,0
11,8,3,"Team: Draw the best picture of a British animal. Each person must fill in one section at a time and may not look at any other section during that time. Every section must be used, and you may not communicate with each other in any way during the task.",Team,Jamali Maddix,2,0,0,0
11,8,3,"Team: Draw the best picture of a British animal. Each person must fill in one section at a time and may not look at any other section during that time. Every section must be used, and you may not communicate with each other in any way during the task.",Team,Lee Mack,3,0,0,1
11,8,3,"Team: Draw the best picture of a British animal. Each person must fill in one section at a time and may not look at any other section during that time. Every section must be used, and you may not communicate with each other in any way during the task.",Team,Mike Wozniak,3,0,0,0
11,8,3,"Team: Draw the best picture of a British animal. Each person must fill in one section at a time and may not look at any other section during that time. Every section must be used, and you may not communicate with each other in any way during the task.",Team,Sarah Kendall,2,0,0,0
11,8,4,"Record the greatest aircraft safety announcement then perform the greatest aircraft safety demonstration. Your announcement must be in an accent or language other than your own, and your demonstration must be unforgettable.",Normal,Charlotte Ritchie,4,0,0,0
11,8,4,"Record the greatest aircraft safety announcement then perform the greatest aircraft safety demonstration. Your announcement must be in an accent or language other than your own, and your demonstration must be unforgettable.",Normal,Jamali Maddix,4,0,0,0
11,8,4,"Record the greatest aircraft safety announcement then perform the greatest aircraft safety demonstration. Your announcement must be in an accent or language other than your own, and your demonstration must be unforgettable.",Normal,Lee Mack,3,0,0,1
11,8,4,"Record the greatest aircraft safety announcement then perform the greatest aircraft safety demonstration. Your announcement must be in an accent or language other than your own, and your demonstration must be unforgettable.",Normal,Mike Wozniak,5,0,0,0
11,8,4,"Record the greatest aircraft safety announcement then perform the greatest aircraft safety demonstration. Your announcement must be in an accent or language other than your own, and your demonstration must be unforgettable.",Normal,Sarah Kendall,3,0,0,0
11,8,5,"Live: Stand on either one leg or both legs. You must do so, one at a time, behind this curtain, with your hands on your head. The Taskmaster will then guess if your standing on either one leg or both legs. If he guesses correctly, you are eliminated.",Live,Charlotte Ritchie,1,0,0,0
11,8,5,"Live: Stand on either one leg or both legs. You must do so, one at a time, behind this curtain, with your hands on your head. The Taskmaster will then guess if your standing on either one leg or both legs. If he guesses correctly, you are eliminated.",Live,Jamali Maddix,3,0,0,0
11,8,5,"Live: Stand on either one leg or both legs. You must do so, one at a time, behind this curtain, with your hands on your head. The Taskmaster will then guess if your standing on either one leg or both legs. If he guesses correctly, you are eliminated.",Live,Lee Mack,5,0,0,1
11,8,5,"Live: Stand on either one leg or both legs. You must do so, one at a time, behind this curtain, with your hands on your head. The Taskmaster will then guess if your standing on either one leg or both legs. If he guesses correctly, you are eliminated.",Live,Mike Wozniak,1,0,0,0
11,8,5,"Live: Stand on either one leg or both legs. You must do so, one at a time, behind this curtain, with your hands on your head. The Taskmaster will then guess if your standing on either one leg or both legs. If he guesses correctly, you are eliminated.",Live,Sarah Kendall,3,0,0,0
11,9,1,Prize: Nattiest knitwear.,Prize,Charlotte Ritchie,5,0,0,1
11,9,1,Prize: Nattiest knitwear.,Prize,Jamali Maddix,3,0,0,0
11,9,1,Prize: Nattiest knitwear.,Prize,Lee Mack,4,0,0,0
11,9,1,Prize: Nattiest knitwear.,Prize,Mike Wozniak,4,0,0,0
11,9,1,Prize: Nattiest knitwear.,Prize,Sarah Kendall,2,0,0,0
11,9,2,Make the most impressive and realistic weather for Taskmaster island. Your weather must last for no more than a minute.,Normal,Charlotte Ritchie,5,0,0,1
11,9,2,Make the most impressive and realistic weather for Taskmaster island. Your weather must last for no more than a minute.,Normal,Jamali Maddix,2,0,0,0
11,9,2,Make the most impressive and realistic weather for Taskmaster island. Your weather must last for no more than a minute.,Normal,Lee Mack,1,0,0,0
11,9,2,Make the most impressive and realistic weather for Taskmaster island. Your weather must last for no more than a minute.,Normal,Mike Wozniak,4,0,0,0
11,9,2,Make the most impressive and realistic weather for Taskmaster island. Your weather must last for no more than a minute.,Normal,Sarah Kendall,3,0,0,0
11,9,3,"Build a tower, then topple your tower so that yoghurt lands in a numbered square. You have one yoghurt and one toppling attempt.",Normal,Charlotte Ritchie,5,0,0,1
11,9,3,"Build a tower, then topple your tower so that yoghurt lands in a numbered square. You have one yoghurt and one toppling attempt.",Normal,Jamali Maddix,3,0,0,0
11,9,3,"Build a tower, then topple your tower so that yoghurt lands in a numbered square. You have one yoghurt and one toppling attempt.",Normal,Lee Mack,0,0,0,0
11,9,3,"Build a tower, then topple your tower so that yoghurt lands in a numbered square. You have one yoghurt and one toppling attempt.",Normal,Mike Wozniak,0,0,0,0
11,9,3,"Build a tower, then topple your tower so that yoghurt lands in a numbered square. You have one yoghurt and one toppling attempt.",Normal,Sarah Kendall,4,0,0,0
11,9,4,Look the most different in four different photos taken by the camera. The camera will spin round three times and take a picture every time it faces the frame. You must not hinder the camera or the spinning mechanism in any way. You must be in all four photos.,Normal,Charlotte Ritchie,4,0,0,1
11,9,4,Look the most different in four different photos taken by the camera. The camera will spin round three times and take a picture every time it faces the frame. You must not hinder the camera or the spinning mechanism in any way. You must be in all four photos.,Normal,Jamali Maddix,2,0,0,0
11,9,4,Look the most different in four different photos taken by the camera. The camera will spin round three times and take a picture every time it faces the frame. You must not hinder the camera or the spinning mechanism in any way. You must be in all four photos.,Normal,Lee Mack,3,0,0,0
11,9,4,Look the most different in four different photos taken by the camera. The camera will spin round three times and take a picture every time it faces the frame. You must not hinder the camera or the spinning mechanism in any way. You must be in all four photos.,Normal,Mike Wozniak,5,0,0,0
11,9,4,Look the most different in four different photos taken by the camera. The camera will spin round three times and take a picture every time it faces the frame. You must not hinder the camera or the spinning mechanism in any way. You must be in all four photos.,Normal,Sarah Kendall,3,0,0,0
11,9,5,Live: Shove your fish onto the target using your mop. You must shove your fish within 10 seconds of Alex laying down your fish. Furthest from the target ten seconds after each round is eliminated.,Live,Charlotte Ritchie,1,0,0,1
11,9,5,Live: Shove your fish onto the target using your mop. You must shove your fish within 10 seconds of Alex laying down your fish. Furthest from the target ten seconds after each round is eliminated.,Live,Jamali Maddix,3,0,0,0
11,9,5,Live: Shove your fish onto the target using your mop. You must shove your fish within 10 seconds of Alex laying down your fish. Furthest from the target ten seconds after each round is eliminated.,Live,Lee Mack,1,0,0,0
11,9,5,Live: Shove your fish onto the target using your mop. You must shove your fish within 10 seconds of Alex laying down your fish. Furthest from the target ten seconds after each round is eliminated.,Live,Mike Wozniak,5,0,0,0
11,9,5,Live: Shove your fish onto the target using your mop. You must shove your fish within 10 seconds of Alex laying down your fish. Furthest from the target ten seconds after each round is eliminated.,Live,Sarah Kendall,4,0,0,0
11,10,1,Prize: The thing that makes you look the toughest.,Prize,Charlotte Ritchie,3,0,0,0
11,10,1,Prize: The thing that makes you look the toughest.,Prize,Jamali Maddix,4,0,0,0
11,10,1,Prize: The thing that makes you look the toughest.,Prize,Lee Mack,2,0,0,1
11,10,1,Prize: The thing that makes you look the toughest.,Prize,Mike Wozniak,5,0,0,0
11,10,1,Prize: The thing that makes you look the toughest.,Prize,Sarah Kendall,1,0,0,0
11,10,2,Make the best picture of a big scary dinosaur using this photocopier. You may not leave the garage.,Normal,Charlotte Ritchie,2,0,0,0
11,10,2,Make the best picture of a big scary dinosaur using this photocopier. You may not leave the garage.,Normal,Jamali Maddix,3,0,0,0
11,10,2,Make the best picture of a big scary dinosaur using this photocopier. You may not leave the garage.,Normal,Lee Mack,4,0,0,1
11,10,2,Make the best picture of a big scary dinosaur using this photocopier. You may not leave the garage.,Normal,Mike Wozniak,1,0,0,0
11,10,2,Make the best picture of a big scary dinosaur using this photocopier. You may not leave the garage.,Normal,Sarah Kendall,5,0,0,0
11,10,3,Scientifically work out how much Alex's feet and head weigh. You may not use the internet.,Normal,Charlotte Ritchie,4,0,0,0
11,10,3,Scientifically work out how much Alex's feet and head weigh. You may not use the internet.,Normal,Jamali Maddix,1,0,0,0
11,10,3,Scientifically work out how much Alex's feet and head weigh. You may not use the internet.,Normal,Lee Mack,5,0,0,1
11,10,3,Scientifically work out how much Alex's feet and head weigh. You may not use the internet.,Normal,Mike Wozniak,2,0,0,0
11,10,3,Scientifically work out how much Alex's feet and head weigh. You may not use the internet.,Normal,Sarah Kendall,3,0,0,0
11,10,4,Team: Direct your teammate into the red circle. You must stay on your chair at all times. You may only issue one instruction of three words every 30 seconds.,Team,Charlotte Ritchie,2,0,0,0
11,10,4,Team: Direct your teammate into the red circle. You must stay on your chair at all times. You may only issue one instruction of three words every 30 seconds.,Team,Jamali Maddix,2,0,0,0
11,10,4,Team: Direct your teammate into the red circle. You must stay on your chair at all times. You may only issue one instruction of three words every 30 seconds.,Team,Lee Mack,5,0,0,1
11,10,4,Team: Direct your teammate into the red circle. You must stay on your chair at all times. You may only issue one instruction of three words every 30 seconds.,Team,Mike Wozniak,5,0,0,0
11,10,4,Team: Direct your teammate into the red circle. You must stay on your chair at all times. You may only issue one instruction of three words every 30 seconds.,Team,Sarah Kendall,2,0,0,0
11,10,5,"Live: Keeping your head still at all times, correctly don your special outfit. For every second your head is out of the frame, 10 seconds will be added to your time. Put your hands in the air when you are correctly dressed.",Live,Charlotte Ritchie,5,0,0,0
11,10,5,"Live: Keeping your head still at all times, correctly don your special outfit. For every second your head is out of the frame, 10 seconds will be added to your time. Put your hands in the air when you are correctly dressed.",Live,Jamali Maddix,2,0,0,0
11,10,5,"Live: Keeping your head still at all times, correctly don your special outfit. For every second your head is out of the frame, 10 seconds will be added to your time. Put your hands in the air when you are correctly dressed.",Live,Lee Mack,3,0,0,1
11,10,5,"Live: Keeping your head still at all times, correctly don your special outfit. For every second your head is out of the frame, 10 seconds will be added to your time. Put your hands in the air when you are correctly dressed.",Live,Mike Wozniak,4,0,0,0
11,10,5,"Live: Keeping your head still at all times, correctly don your special outfit. For every second your head is out of the frame, 10 seconds will be added to your time. Put your hands in the air when you are correctly dressed.",Live,Sarah Kendall,1,0,0,0
12,1,1,"Prize: The thing that if you put it in a bag and sat on it, it would feel the nicest.",Prize,Alan Davies,4,0,0,0
12,1,1,"Prize: The thing that if you put it in a bag and sat on it, it would feel the nicest.",Prize,Desiree Burch,5,0,0,0
12,1,1,"Prize: The thing that if you put it in a bag and sat on it, it would feel the nicest.",Prize,Guz Khan,1,0,0,0
12,1,1,"Prize: The thing that if you put it in a bag and sat on it, it would feel the nicest.",Prize,Morgana Robinson,2,0,0,1
12,1,1,"Prize: The thing that if you put it in a bag and sat on it, it would feel the nicest.",Prize,Victoria Coren Mitchell,3,0,0,0
12,1,2,"Strike Alex with a ball. Alex may not run, hide or leave the Taskmaster grounds. Fastest wins.",Normal,Alan Davies,1,0,0,0
12,1,2,"Strike Alex with a ball. Alex may not run, hide or leave the Taskmaster grounds. Fastest wins.",Normal,Desiree Burch,4,0,0,0
12,1,2,"Strike Alex with a ball. Alex may not run, hide or leave the Taskmaster grounds. Fastest wins.",Normal,Guz Khan,2,0,0,0
12,1,2,"Strike Alex with a ball. Alex may not run, hide or leave the Taskmaster grounds. Fastest wins.",Normal,Morgana Robinson,5,0,0,1
12,1,2,"Strike Alex with a ball. Alex may not run, hide or leave the Taskmaster grounds. Fastest wins.",Normal,Victoria Coren Mitchell,3,0,0,0
12,1,3,"Bonus for calling Alex a ""little fucker""",Normal,Alan Davies,0,0,0,0
12,1,3,"Bonus for calling Alex a ""little fucker""",Normal,Desiree Burch,0,0,0,0
12,1,3,"Bonus for calling Alex a ""little fucker""",Normal,Guz Khan,0,0,0,0
12,1,3,"Bonus for calling Alex a ""little fucker""",Normal,Morgana Robinson,1,0,0,1
12,1,3,"Bonus for calling Alex a ""little fucker""",Normal,Victoria Coren Mitchell,0,0,0,0
12,1,4,Paint the most flattering picture of the Taskmaster in action on the canvas in the lab. The canvas will either be six inches or six feet above you. You must lie flat on your back on the creeper at all times. You must tell Alex if you want the canvas to be six inches or six feet above you within the next ten seconds.,Normal,Alan Davies,4,0,0,0
12,1,4,Paint the most flattering picture of the Taskmaster in action on the canvas in the lab. The canvas will either be six inches or six feet above you. You must lie flat on your back on the creeper at all times. You must tell Alex if you want the canvas to be six inches or six feet above you within the next ten seconds.,Normal,Desiree Burch,3,0,0,0
12,1,4,Paint the most flattering picture of the Taskmaster in action on the canvas in the lab. The canvas will either be six inches or six feet above you. You must lie flat on your back on the creeper at all times. You must tell Alex if you want the canvas to be six inches or six feet above you within the next ten seconds.,Normal,Guz Khan,5,0,0,0
12,1,4,Paint the most flattering picture of the Taskmaster in action on the canvas in the lab. The canvas will either be six inches or six feet above you. You must lie flat on your back on the creeper at all times. You must tell Alex if you want the canvas to be six inches or six feet above you within the next ten seconds.,Normal,Morgana Robinson,2,0,0,1
12,1,4,Paint the most flattering picture of the Taskmaster in action on the canvas in the lab. The canvas will either be six inches or six feet above you. You must lie flat on your back on the creeper at all times. You must tell Alex if you want the canvas to be six inches or six feet above you within the next ten seconds.,Normal,Victoria Coren Mitchell,1,0,0,0
12,1,5,Pop the balloon. You must stay behind the rope at all times. You must not move the rope. You may buy the tools you need with time. Fastest wins.,Normal,Alan Davies,5,0,0,0
12,1,5,Pop the balloon. You must stay behind the rope at all times. You must not move the rope. You may buy the tools you need with time. Fastest wins.,Normal,Desiree Burch,1,0,0,0
12,1,5,Pop the balloon. You must stay behind the rope at all times. You must not move the rope. You may buy the tools you need with time. Fastest wins.,Normal,Guz Khan,3,0,0,0
12,1,5,Pop the balloon. You must stay behind the rope at all times. You must not move the rope. You may buy the tools you need with time. Fastest wins.,Normal,Morgana Robinson,2,0,0,1
12,1,5,Pop the balloon. You must stay behind the rope at all times. You must not move the rope. You may buy the tools you need with time. Fastest wins.,Normal,Victoria Coren Mitchell,4,0,0,0
12,1,6,"Live: Write down a cool hobby, a fun animal and a famous person. | Live: Strike a pose to represent first, your cool hobby, then your fun animal, then your famous person. You must hold your pose until the end of the round. The Taskmaster will attempt to guess what each pose represents. You may not make a noise or movement when posed.",Live,Alan Davies,1,0,0,0
12,1,6,"Live: Write down a cool hobby, a fun animal and a famous person. | Live: Strike a pose to represent first, your cool hobby, then your fun animal, then your famous person. You must hold your pose until the end of the round. The Taskmaster will attempt to guess what each pose represents. You may not make a noise or movement when posed.",Live,Desiree Burch,3,0,0,0
12,1,6,"Live: Write down a cool hobby, a fun animal and a famous person. | Live: Strike a pose to represent first, your cool hobby, then your fun animal, then your famous person. You must hold your pose until the end of the round. The Taskmaster will attempt to guess what each pose represents. You may not make a noise or movement when posed.",Live,Guz Khan,3,0,0,0
12,1,6,"Live: Write down a cool hobby, a fun animal and a famous person. | Live: Strike a pose to represent first, your cool hobby, then your fun animal, then your famous person. You must hold your pose until the end of the round. The Taskmaster will attempt to guess what each pose represents. You may not make a noise or movement when posed.",Live,Morgana Robinson,5,0,0,1
12,1,6,"Live: Write down a cool hobby, a fun animal and a famous person. | Live: Strike a pose to represent first, your cool hobby, then your fun animal, then your famous person. You must hold your pose until the end of the round. The Taskmaster will attempt to guess what each pose represents. You may not make a noise or movement when posed.",Live,Victoria Coren Mitchell,1,0,0,0
12,2,1,Prize: Most awesome square.,Prize,Alan Davies,4,0,0,0
12,2,1,Prize: Most awesome square.,Prize,Desiree Burch,1,0,0,0
12,2,1,Prize: Most awesome square.,Prize,Guz Khan,5,0,0,1
12,2,1,Prize: Most awesome square.,Prize,Morgana Robinson,2,0,0,0
12,2,1,Prize: Most awesome square.,Prize,Victoria Coren Mitchell,3,0,0,0
12,2,2,Team: Scale the mountain. Your attempt must last exactly five minutes and will be sped up by five times afterwards. Most thrilling ascent wins.,Team,Alan Davies,3,0,0,0
12,2,2,Team: Scale the mountain. Your attempt must last exactly five minutes and will be sped up by five times afterwards. Most thrilling ascent wins.,Team,Desiree Burch,5,0,0,0
12,2,2,Team: Scale the mountain. Your attempt must last exactly five minutes and will be sped up by five times afterwards. Most thrilling ascent wins.,Team,Guz Khan,5,0,0,1
12,2,2,Team: Scale the mountain. Your attempt must last exactly five minutes and will be sped up by five times afterwards. Most thrilling ascent wins.,Team,Morgana Robinson,5,0,0,0
12,2,2,Team: Scale the mountain. Your attempt must last exactly five minutes and will be sped up by five times afterwards. Most thrilling ascent wins.,Team,Victoria Coren Mitchell,3,0,0,0
12,2,3,"Work out the contents of these bags. You may not open the bags. You can either ask Alex to make one tiny hole in each bag and have five minutes examination time during which you must eat at least one big spoonful from each bag, or ask Alex to put all the contents in a blender for one minute and then have ten minutes examination time during which eating is optional.",Normal,Alan Davies,3,0,0,0
12,2,3,"Work out the contents of these bags. You may not open the bags. You can either ask Alex to make one tiny hole in each bag and have five minutes examination time during which you must eat at least one big spoonful from each bag, or ask Alex to put all the contents in a blender for one minute and then have ten minutes examination time during which eating is optional.",Normal,Desiree Burch,4,0,0,0
12,2,3,"Work out the contents of these bags. You may not open the bags. You can either ask Alex to make one tiny hole in each bag and have five minutes examination time during which you must eat at least one big spoonful from each bag, or ask Alex to put all the contents in a blender for one minute and then have ten minutes examination time during which eating is optional.",Normal,Guz Khan,1,0,0,1
12,2,3,"Work out the contents of these bags. You may not open the bags. You can either ask Alex to make one tiny hole in each bag and have five minutes examination time during which you must eat at least one big spoonful from each bag, or ask Alex to put all the contents in a blender for one minute and then have ten minutes examination time during which eating is optional.",Normal,Morgana Robinson,3,0,0,0
12,2,3,"Work out the contents of these bags. You may not open the bags. You can either ask Alex to make one tiny hole in each bag and have five minutes examination time during which you must eat at least one big spoonful from each bag, or ask Alex to put all the contents in a blender for one minute and then have ten minutes examination time during which eating is optional.",Normal,Victoria Coren Mitchell,5,0,0,0
12,2,4,"Completely paint this space hopper green without making any mess. The entire space hopper must be green. The entire space hopper must stay in the dome. When you are satisfied that you are finished, put your hands on your hips and bow deeply at your green space hopper. Fastest and least messy wins.",Normal,Alan Davies,3,0,0,0
12,2,4,"Completely paint this space hopper green without making any mess. The entire space hopper must be green. The entire space hopper must stay in the dome. When you are satisfied that you are finished, put your hands on your hips and bow deeply at your green space hopper. Fastest and least messy wins.",Normal,Desiree Burch,2,0,0,0
12,2,4,"Completely paint this space hopper green without making any mess. The entire space hopper must be green. The entire space hopper must stay in the dome. When you are satisfied that you are finished, put your hands on your hips and bow deeply at your green space hopper. Fastest and least messy wins.",Normal,Guz Khan,4,0,0,1
12,2,4,"Completely paint this space hopper green without making any mess. The entire space hopper must be green. The entire space hopper must stay in the dome. When you are satisfied that you are finished, put your hands on your hips and bow deeply at your green space hopper. Fastest and least messy wins.",Normal,Morgana Robinson,5,0,0,0
12,2,4,"Completely paint this space hopper green without making any mess. The entire space hopper must be green. The entire space hopper must stay in the dome. When you are satisfied that you are finished, put your hands on your hips and bow deeply at your green space hopper. Fastest and least messy wins.",Normal,Victoria Coren Mitchell,1,0,0,0
12,2,5,Live: Put on the medallion. You must not take off your jacket or break the box. Fastest wins.,Live,Alan Davies,3,0,0,0
12,2,5,Live: Put on the medallion. You must not take off your jacket or break the box. Fastest wins.,Live,Desiree Burch,4,0,0,0
12,2,5,Live: Put on the medallion. You must not take off your jacket or break the box. Fastest wins.,Live,Guz Khan,5,0,0,1
12,2,5,Live: Put on the medallion. You must not take off your jacket or break the box. Fastest wins.,Live,Morgana Robinson,2,0,0,0
12,2,5,Live: Put on the medallion. You must not take off your jacket or break the box. Fastest wins.,Live,Victoria Coren Mitchell,1,0,0,0
12,3,1,Prize: Most old-fashioned thing that you still use.,Prize,Alan Davies,3,0,0,0
12,3,1,Prize: Most old-fashioned thing that you still use.,Prize,Desiree Burch,5,0,0,1
12,3,1,Prize: Most old-fashioned thing that you still use.,Prize,Guz Khan,4,0,0,0
12,3,1,Prize: Most old-fashioned thing that you still use.,Prize,Morgana Robinson,2,0,0,0
12,3,1,Prize: Most old-fashioned thing that you still use.,Prize,Victoria Coren Mitchell,1,0,0,0
12,3,2,"Copy Alex. Alex will demonstrate his actions twice, then you will have one attempt to copy Alex. Closest copy wins.",Normal,Alan Davies,1,0,0,0
12,3,2,"Copy Alex. Alex will demonstrate his actions twice, then you will have one attempt to copy Alex. Closest copy wins.",Normal,Desiree Burch,4,0,0,1
12,3,2,"Copy Alex. Alex will demonstrate his actions twice, then you will have one attempt to copy Alex. Closest copy wins.",Normal,Guz Khan,2,0,0,0
12,3,2,"Copy Alex. Alex will demonstrate his actions twice, then you will have one attempt to copy Alex. Closest copy wins.",Normal,Morgana Robinson,3,0,0,0
12,3,2,"Copy Alex. Alex will demonstrate his actions twice, then you will have one attempt to copy Alex. Closest copy wins.",Normal,Victoria Coren Mitchell,5,0,0,0
12,3,3,Make the highest sand bridge across the river. You may not leave the lab. Your sand bridge must support the egg and the egg must be able to pass under the sand bridge.,Normal,Alan Davies,5,0,0,0
12,3,3,Make the highest sand bridge across the river. You may not leave the lab. Your sand bridge must support the egg and the egg must be able to pass under the sand bridge.,Normal,Desiree Burch,3,0,0,1
12,3,3,Make the highest sand bridge across the river. You may not leave the lab. Your sand bridge must support the egg and the egg must be able to pass under the sand bridge.,Normal,Guz Khan,1,0,0,0
12,3,3,Make the highest sand bridge across the river. You may not leave the lab. Your sand bridge must support the egg and the egg must be able to pass under the sand bridge.,Normal,Morgana Robinson,4,0,0,0
12,3,3,Make the highest sand bridge across the river. You may not leave the lab. Your sand bridge must support the egg and the egg must be able to pass under the sand bridge.,Normal,Victoria Coren Mitchell,2,0,0,0
12,3,4,Bonus: Most extravagant sand bridge.,Normal,Alan Davies,1,0,0,0
12,3,4,Bonus: Most extravagant sand bridge.,Normal,Desiree Burch,0,0,0,1
12,3,4,Bonus: Most extravagant sand bridge.,Normal,Guz Khan,0,0,0,0
12,3,4,Bonus: Most extravagant sand bridge.,Normal,Morgana Robinson,1,0,0,0
12,3,4,Bonus: Most extravagant sand bridge.,Normal,Victoria Coren Mitchell,0,0,0,0
12,3,5,Film the most thrilling 30-second sequence wearing the welly-cam.,Normal,Alan Davies,2,0,0,0
12,3,5,Film the most thrilling 30-second sequence wearing the welly-cam.,Normal,Desiree Burch,5,0,0,1
12,3,5,Film the most thrilling 30-second sequence wearing the welly-cam.,Normal,Guz Khan,3,0,0,0
12,3,5,Film the most thrilling 30-second sequence wearing the welly-cam.,Normal,Morgana Robinson,4,0,0,0
12,3,5,Film the most thrilling 30-second sequence wearing the welly-cam.,Normal,Victoria Coren Mitchell,3,0,0,0
12,3,6,Team Live: Correctly guess your teammate's object. Your teammate will represent their object through the medium of shadows on the screen. Fastest correct guess wins two actual points per round.,Live,Alan Davies,2,0,0,0
12,3,6,Team Live: Correctly guess your teammate's object. Your teammate will represent their object through the medium of shadows on the screen. Fastest correct guess wins two actual points per round.,Live,Desiree Burch,4,0,0,1
12,3,6,Team Live: Correctly guess your teammate's object. Your teammate will represent their object through the medium of shadows on the screen. Fastest correct guess wins two actual points per round.,Live,Guz Khan,4,0,0,0
12,3,6,Team Live: Correctly guess your teammate's object. Your teammate will represent their object through the medium of shadows on the screen. Fastest correct guess wins two actual points per round.,Live,Morgana Robinson,4,0,0,0
12,3,6,Team Live: Correctly guess your teammate's object. Your teammate will represent their object through the medium of shadows on the screen. Fastest correct guess wins two actual points per round.,Live,Victoria Coren Mitchell,2,0,0,0
12,4,1,Prize: Best thing that has quite a few layers.,Prize,Alan Davies,5,0,0,1
12,4,1,Prize: Best thing that has quite a few layers.,Prize,Desiree Burch,4,0,0,0
12,4,1,Prize: Best thing that has quite a few layers.,Prize,Guz Khan,3,0,0,0
12,4,1,Prize: Best thing that has quite a few layers.,Prize,Morgana Robinson,1,0,0,0
12,4,1,Prize: Best thing that has quite a few layers.,Prize,Victoria Coren Mitchell,2,0,0,0
12,4,2,"Complete the course as slowly as possible. You must be riding the bicycle forwards within the limits of the course at all times. Every time you put a foot on the ground, the clock will be paused and your final time will be halved. If you leave the course or miss an instruction, your time will also be halved and the clock will be paused until you are back in position. Slowest wins.",Live,Alan Davies,4,0,0,1
12,4,2,"Complete the course as slowly as possible. You must be riding the bicycle forwards within the limits of the course at all times. Every time you put a foot on the ground, the clock will be paused and your final time will be halved. If you leave the course or miss an instruction, your time will also be halved and the clock will be paused until you are back in position. Slowest wins.",Live,Desiree Burch,5,0,0,0
12,4,2,"Complete the course as slowly as possible. You must be riding the bicycle forwards within the limits of the course at all times. Every time you put a foot on the ground, the clock will be paused and your final time will be halved. If you leave the course or miss an instruction, your time will also be halved and the clock will be paused until you are back in position. Slowest wins.",Live,Guz Khan,3,0,0,0
12,4,2,"Complete the course as slowly as possible. You must be riding the bicycle forwards within the limits of the course at all times. Every time you put a foot on the ground, the clock will be paused and your final time will be halved. If you leave the course or miss an instruction, your time will also be halved and the clock will be paused until you are back in position. Slowest wins.",Live,Morgana Robinson,1,0,0,0
12,4,2,"Complete the course as slowly as possible. You must be riding the bicycle forwards within the limits of the course at all times. Every time you put a foot on the ground, the clock will be paused and your final time will be halved. If you leave the course or miss an instruction, your time will also be halved and the clock will be paused until you are back in position. Slowest wins.",Live,Victoria Coren Mitchell,2,0,0,0
12,4,3,Spread jam on a slice of toast in a really cool way. Coolest jam spreading wins.,Normal,Alan Davies,4,0,0,1
12,4,3,Spread jam on a slice of toast in a really cool way. Coolest jam spreading wins.,Normal,Desiree Burch,2,0,0,0
12,4,3,Spread jam on a slice of toast in a really cool way. Coolest jam spreading wins.,Normal,Guz Khan,5,0,0,0
12,4,3,Spread jam on a slice of toast in a really cool way. Coolest jam spreading wins.,Normal,Morgana Robinson,2,0,0,0
12,4,3,Spread jam on a slice of toast in a really cool way. Coolest jam spreading wins.,Normal,Victoria Coren Mitchell,3,0,0,0
12,4,4,Team: Solve the riddle. You must all stay in your rooms. Fastest wins.,Team,Alan Davies,5,0,0,1
12,4,4,Team: Solve the riddle. You must all stay in your rooms. Fastest wins.,Team,Desiree Burch,2,0,0,0
12,4,4,Team: Solve the riddle. You must all stay in your rooms. Fastest wins.,Team,Guz Khan,2,0,0,0
12,4,4,Team: Solve the riddle. You must all stay in your rooms. Fastest wins.,Team,Morgana Robinson,2,0,0,0
12,4,4,Team: Solve the riddle. You must all stay in your rooms. Fastest wins.,Team,Victoria Coren Mitchell,5,0,0,0
12,4,5,"Bonus: Make one of your teammates say the word submarine. You may not say submarine at any point. If they think you've tried to make them say submarine, you lose two points.",Team,Alan Davies,0,0,0,1
12,4,5,"Bonus: Make one of your teammates say the word submarine. You may not say submarine at any point. If they think you've tried to make them say submarine, you lose two points.",Team,Desiree Burch,0,0,0,0
12,4,5,"Bonus: Make one of your teammates say the word submarine. You may not say submarine at any point. If they think you've tried to make them say submarine, you lose two points.",Team,Guz Khan,0,0,0,0
12,4,5,"Bonus: Make one of your teammates say the word submarine. You may not say submarine at any point. If they think you've tried to make them say submarine, you lose two points.",Team,Morgana Robinson,2,0,0,0
12,4,5,"Bonus: Make one of your teammates say the word submarine. You may not say submarine at any point. If they think you've tried to make them say submarine, you lose two points.",Team,Victoria Coren Mitchell,0,0,0,0
12,4,6,Live: Get the most forks in your bucket. You may only throw a fork after a full spin on your chair. You must stay sat in your chair at all times and you may not move your chair.,Live,Alan Davies,3,0,0,1
12,4,6,Live: Get the most forks in your bucket. You may only throw a fork after a full spin on your chair. You must stay sat in your chair at all times and you may not move your chair.,Live,Desiree Burch,2,0,0,0
12,4,6,Live: Get the most forks in your bucket. You may only throw a fork after a full spin on your chair. You must stay sat in your chair at all times and you may not move your chair.,Live,Guz Khan,1,0,0,0
12,4,6,Live: Get the most forks in your bucket. You may only throw a fork after a full spin on your chair. You must stay sat in your chair at all times and you may not move your chair.,Live,Morgana Robinson,5,0,0,0
12,4,6,Live: Get the most forks in your bucket. You may only throw a fork after a full spin on your chair. You must stay sat in your chair at all times and you may not move your chair.,Live,Victoria Coren Mitchell,4,0,0,0
12,5,1,Prize: Most elegant thing beginning with G.,Prize,Alan Davies,4,0,0,0
12,5,1,Prize: Most elegant thing beginning with G.,Prize,Desiree Burch,1,0,0,0
12,5,1,Prize: Most elegant thing beginning with G.,Prize,Guz Khan,5,0,0,1
12,5,1,Prize: Most elegant thing beginning with G.,Prize,Morgana Robinson,3,0,0,0
12,5,1,Prize: Most elegant thing beginning with G.,Prize,Victoria Coren Mitchell,2,0,0,0
12,5,2,Sit on a cake. Fastest wins.,Normal,Alan Davies,2,0,0,0
12,5,2,Sit on a cake. Fastest wins.,Normal,Desiree Burch,4,0,0,0
12,5,2,Sit on a cake. Fastest wins.,Normal,Guz Khan,3,0,0,1
12,5,2,Sit on a cake. Fastest wins.,Normal,Morgana Robinson,1,0,0,0
12,5,2,Sit on a cake. Fastest wins.,Normal,Victoria Coren Mitchell,5,0,0,0
12,5,3,Bonus: Best cake.,Normal,Alan Davies,0,0,0,0
12,5,3,Bonus: Best cake.,Normal,Desiree Burch,0,0,0,0
12,5,3,Bonus: Best cake.,Normal,Guz Khan,0,0,0,1
12,5,3,Bonus: Best cake.,Normal,Morgana Robinson,5,0,0,0
12,5,3,Bonus: Best cake.,Normal,Victoria Coren Mitchell,0,0,0,0
12,5,4,"Team: Get the most balls in the net. Everyone must stay on their spots at all times. If anyone other than the task reader touches or handles a ball, you lose five balls from your ball total. Also, the person on the middle spot must sit for ten seconds and then stand up straight for ten seconds on repeat. Any balls remaining between the task reader and the middle person will be deducted from your ball total.",Team,Alan Davies,0,0,0,0
12,5,4,"Team: Get the most balls in the net. Everyone must stay on their spots at all times. If anyone other than the task reader touches or handles a ball, you lose five balls from your ball total. Also, the person on the middle spot must sit for ten seconds and then stand up straight for ten seconds on repeat. Any balls remaining between the task reader and the middle person will be deducted from your ball total.",Team,Desiree Burch,0,0,0,0
12,5,4,"Team: Get the most balls in the net. Everyone must stay on their spots at all times. If anyone other than the task reader touches or handles a ball, you lose five balls from your ball total. Also, the person on the middle spot must sit for ten seconds and then stand up straight for ten seconds on repeat. Any balls remaining between the task reader and the middle person will be deducted from your ball total.",Team,Guz Khan,0,0,0,1
12,5,4,"Team: Get the most balls in the net. Everyone must stay on their spots at all times. If anyone other than the task reader touches or handles a ball, you lose five balls from your ball total. Also, the person on the middle spot must sit for ten seconds and then stand up straight for ten seconds on repeat. Any balls remaining between the task reader and the middle person will be deducted from your ball total.",Team,Morgana Robinson,0,0,0,0
12,5,4,"Team: Get the most balls in the net. Everyone must stay on their spots at all times. If anyone other than the task reader touches or handles a ball, you lose five balls from your ball total. Also, the person on the middle spot must sit for ten seconds and then stand up straight for ten seconds on repeat. Any balls remaining between the task reader and the middle person will be deducted from your ball total.",Team,Victoria Coren Mitchell,0,0,0,0
12,5,5,Prevent Alex from scoring a goal. The ball and goalpost must be on their spots when Alex attempts to score a goal. You must be 12 yards from the ball when Alex attempts to score. Slowest goal scored by Alex wins.,Normal,Alan Davies,4,0,0,0
12,5,5,Prevent Alex from scoring a goal. The ball and goalpost must be on their spots when Alex attempts to score a goal. You must be 12 yards from the ball when Alex attempts to score. Slowest goal scored by Alex wins.,Normal,Desiree Burch,1,0,0,0
12,5,5,Prevent Alex from scoring a goal. The ball and goalpost must be on their spots when Alex attempts to score a goal. You must be 12 yards from the ball when Alex attempts to score. Slowest goal scored by Alex wins.,Normal,Guz Khan,3,0,0,1
12,5,5,Prevent Alex from scoring a goal. The ball and goalpost must be on their spots when Alex attempts to score a goal. You must be 12 yards from the ball when Alex attempts to score. Slowest goal scored by Alex wins.,Normal,Morgana Robinson,5,0,0,0
12,5,5,Prevent Alex from scoring a goal. The ball and goalpost must be on their spots when Alex attempts to score a goal. You must be 12 yards from the ball when Alex attempts to score. Slowest goal scored by Alex wins.,Normal,Victoria Coren Mitchell,2,0,0,0
12,5,6,"Live: Pop the most balloons. You may pop between one and ten balloons each turn. If you pop one of the five bad balloons, you are disqualified. The eventual winner gets ten actual points.",Live,Alan Davies,4,0,0,0
12,5,6,"Live: Pop the most balloons. You may pop between one and ten balloons each turn. If you pop one of the five bad balloons, you are disqualified. The eventual winner gets ten actual points.",Live,Desiree Burch,2,0,0,0
12,5,6,"Live: Pop the most balloons. You may pop between one and ten balloons each turn. If you pop one of the five bad balloons, you are disqualified. The eventual winner gets ten actual points.",Live,Guz Khan,10,0,0,1
12,5,6,"Live: Pop the most balloons. You may pop between one and ten balloons each turn. If you pop one of the five bad balloons, you are disqualified. The eventual winner gets ten actual points.",Live,Morgana Robinson,3,0,0,0
12,5,6,"Live: Pop the most balloons. You may pop between one and ten balloons each turn. If you pop one of the five bad balloons, you are disqualified. The eventual winner gets ten actual points.",Live,Victoria Coren Mitchell,1,0,0,0
12,6,1,"Prize: Most desirable thing for the person below you in the alphabet, or the highest alphabetically if you're the lowest alphabetically.",Prize,Alan Davies,2,0,0,0
12,6,1,"Prize: Most desirable thing for the person below you in the alphabet, or the highest alphabetically if you're the lowest alphabetically.",Prize,Desiree Burch,5,0,0,0
12,6,1,"Prize: Most desirable thing for the person below you in the alphabet, or the highest alphabetically if you're the lowest alphabetically.",Prize,Guz Khan,3,0,0,1
12,6,1,"Prize: Most desirable thing for the person below you in the alphabet, or the highest alphabetically if you're the lowest alphabetically.",Prize,Morgana Robinson,4,0,0,0
12,6,1,"Prize: Most desirable thing for the person below you in the alphabet, or the highest alphabetically if you're the lowest alphabetically.",Prize,Victoria Coren Mitchell,1,0,0,0
12,6,2,Land the iron on the ironing board from the furthest distance. The ironing board must be standing at it's maximum height when the iron lands on it and the iron must remain on the ironing board for the attempt to count.,Normal,Alan Davies,5,0,0,0
12,6,2,Land the iron on the ironing board from the furthest distance. The ironing board must be standing at it's maximum height when the iron lands on it and the iron must remain on the ironing board for the attempt to count.,Normal,Desiree Burch,1,0,0,0
12,6,2,Land the iron on the ironing board from the furthest distance. The ironing board must be standing at it's maximum height when the iron lands on it and the iron must remain on the ironing board for the attempt to count.,Normal,Guz Khan,4,0,0,1
12,6,2,Land the iron on the ironing board from the furthest distance. The ironing board must be standing at it's maximum height when the iron lands on it and the iron must remain on the ironing board for the attempt to count.,Normal,Morgana Robinson,2,0,0,0
12,6,2,Land the iron on the ironing board from the furthest distance. The ironing board must be standing at it's maximum height when the iron lands on it and the iron must remain on the ironing board for the attempt to count.,Normal,Victoria Coren Mitchell,3,0,0,0
12,6,3,Make a cute toy for a cute dog. The dog will have five minutes with your cute toy. Most engaged dog wins.,Normal,Alan Davies,3,0,0,0
12,6,3,Make a cute toy for a cute dog. The dog will have five minutes with your cute toy. Most engaged dog wins.,Normal,Desiree Burch,1,0,0,0
12,6,3,Make a cute toy for a cute dog. The dog will have five minutes with your cute toy. Most engaged dog wins.,Normal,Guz Khan,5,0,0,1
12,6,3,Make a cute toy for a cute dog. The dog will have five minutes with your cute toy. Most engaged dog wins.,Normal,Morgana Robinson,4,0,0,0
12,6,3,Make a cute toy for a cute dog. The dog will have five minutes with your cute toy. Most engaged dog wins.,Normal,Victoria Coren Mitchell,2,0,0,0
12,6,4,"Sit on the red chair in the secret tower. You may only step on circles on your way. You may only stand on each circle once, unless it is black. You may stand on a black circle twice, but never twice in a row. Also you must put this task in the shredder within the first minute. If you fail for any reason, Alex will blow his whistle. Return everything to its starting position and you must start again. Fastest wins.",Normal,Alan Davies,3,0,0,0
12,6,4,"Sit on the red chair in the secret tower. You may only step on circles on your way. You may only stand on each circle once, unless it is black. You may stand on a black circle twice, but never twice in a row. Also you must put this task in the shredder within the first minute. If you fail for any reason, Alex will blow his whistle. Return everything to its starting position and you must start again. Fastest wins.",Normal,Desiree Burch,5,0,0,0
12,6,4,"Sit on the red chair in the secret tower. You may only step on circles on your way. You may only stand on each circle once, unless it is black. You may stand on a black circle twice, but never twice in a row. Also you must put this task in the shredder within the first minute. If you fail for any reason, Alex will blow his whistle. Return everything to its starting position and you must start again. Fastest wins.",Normal,Guz Khan,2,0,0,1
12,6,4,"Sit on the red chair in the secret tower. You may only step on circles on your way. You may only stand on each circle once, unless it is black. You may stand on a black circle twice, but never twice in a row. Also you must put this task in the shredder within the first minute. If you fail for any reason, Alex will blow his whistle. Return everything to its starting position and you must start again. Fastest wins.",Normal,Morgana Robinson,4,0,0,0
12,6,4,"Sit on the red chair in the secret tower. You may only step on circles on your way. You may only stand on each circle once, unless it is black. You may stand on a black circle twice, but never twice in a row. Also you must put this task in the shredder within the first minute. If you fail for any reason, Alex will blow his whistle. Return everything to its starting position and you must start again. Fastest wins.",Normal,Victoria Coren Mitchell,1,0,0,0
12,6,5,Live: Choose the number of sheets you want for the second part of the task. Each sheet will reduce your points total by five. | Live: Make paper aeroplanes. Your paper aeroplanes must look like aeroplanes. Most points wins.,Live,Alan Davies,1,0,0,0
12,6,5,Live: Choose the number of sheets you want for the second part of the task. Each sheet will reduce your points total by five. | Live: Make paper aeroplanes. Your paper aeroplanes must look like aeroplanes. Most points wins.,Live,Desiree Burch,5,0,0,0
12,6,5,Live: Choose the number of sheets you want for the second part of the task. Each sheet will reduce your points total by five. | Live: Make paper aeroplanes. Your paper aeroplanes must look like aeroplanes. Most points wins.,Live,Guz Khan,5,0,0,1
12,6,5,Live: Choose the number of sheets you want for the second part of the task. Each sheet will reduce your points total by five. | Live: Make paper aeroplanes. Your paper aeroplanes must look like aeroplanes. Most points wins.,Live,Morgana Robinson,3,0,0,0
12,6,5,Live: Choose the number of sheets you want for the second part of the task. Each sheet will reduce your points total by five. | Live: Make paper aeroplanes. Your paper aeroplanes must look like aeroplanes. Most points wins.,Live,Victoria Coren Mitchell,2,0,0,0
12,7,1,Prize: Most ridiculous thin thing.,Prize,Alan Davies,3,0,0,0
12,7,1,Prize: Most ridiculous thin thing.,Prize,Desiree Burch,4,0,0,0
12,7,1,Prize: Most ridiculous thin thing.,Prize,Guz Khan,1,0,0,0
12,7,1,Prize: Most ridiculous thin thing.,Prize,Morgana Robinson,2,0,0,0
12,7,1,Prize: Most ridiculous thin thing.,Prize,Victoria Coren Mitchell,5,0,0,1
12,7,2,Put up a shelf for all the Taskmaster's snooker balls. All the Taskmaster's snooker balls must be at the Taskmaster's eyeline. Only the Taskmaster's snooker balls may be on the finished shelf. Fastest wins.,Normal,Alan Davies,4,0,0,0
12,7,2,Put up a shelf for all the Taskmaster's snooker balls. All the Taskmaster's snooker balls must be at the Taskmaster's eyeline. Only the Taskmaster's snooker balls may be on the finished shelf. Fastest wins.,Normal,Desiree Burch,3,0,0,0
12,7,2,Put up a shelf for all the Taskmaster's snooker balls. All the Taskmaster's snooker balls must be at the Taskmaster's eyeline. Only the Taskmaster's snooker balls may be on the finished shelf. Fastest wins.,Normal,Guz Khan,3,0,0,0
12,7,2,Put up a shelf for all the Taskmaster's snooker balls. All the Taskmaster's snooker balls must be at the Taskmaster's eyeline. Only the Taskmaster's snooker balls may be on the finished shelf. Fastest wins.,Normal,Morgana Robinson,3,0,0,0
12,7,2,Put up a shelf for all the Taskmaster's snooker balls. All the Taskmaster's snooker balls must be at the Taskmaster's eyeline. Only the Taskmaster's snooker balls may be on the finished shelf. Fastest wins.,Normal,Victoria Coren Mitchell,3,0,0,1
12,7,3,"Write and perform a 30-second jingle. You must reach into the barrel to find the subject of your jingle, then pop a balloon to discover the instrument that you must play under your jingle.",Normal,Alan Davies,4,0,0,0
12,7,3,"Write and perform a 30-second jingle. You must reach into the barrel to find the subject of your jingle, then pop a balloon to discover the instrument that you must play under your jingle.",Normal,Desiree Burch,5,0,0,0
12,7,3,"Write and perform a 30-second jingle. You must reach into the barrel to find the subject of your jingle, then pop a balloon to discover the instrument that you must play under your jingle.",Normal,Guz Khan,4,0,0,0
12,7,3,"Write and perform a 30-second jingle. You must reach into the barrel to find the subject of your jingle, then pop a balloon to discover the instrument that you must play under your jingle.",Normal,Morgana Robinson,5,0,0,0
12,7,3,"Write and perform a 30-second jingle. You must reach into the barrel to find the subject of your jingle, then pop a balloon to discover the instrument that you must play under your jingle.",Normal,Victoria Coren Mitchell,2,0,0,1
12,7,4,Either get the pipe through the box and everything in it then get the box and everything in it through the pipe or get the box and everything in it through the pipe then get the pipe through the box and everything in it. Fastest wins.,Normal,Alan Davies,0,0,0,0
12,7,4,Either get the pipe through the box and everything in it then get the box and everything in it through the pipe or get the box and everything in it through the pipe then get the pipe through the box and everything in it. Fastest wins.,Normal,Desiree Burch,5,0,0,0
12,7,4,Either get the pipe through the box and everything in it then get the box and everything in it through the pipe or get the box and everything in it through the pipe then get the pipe through the box and everything in it. Fastest wins.,Normal,Guz Khan,0,0,0,0
12,7,4,Either get the pipe through the box and everything in it then get the box and everything in it through the pipe or get the box and everything in it through the pipe then get the pipe through the box and everything in it. Fastest wins.,Normal,Morgana Robinson,4,0,0,0
12,7,4,Either get the pipe through the box and everything in it then get the box and everything in it through the pipe or get the box and everything in it through the pipe then get the pipe through the box and everything in it. Fastest wins.,Normal,Victoria Coren Mitchell,3,0,0,1
12,7,5,"Live: Each person must direct their fellow contestants to draw an image. The drawing director may only use the following words: line, circle, square, big, small, up, down, left, right, middle, please, bendy. At the end of one minute, the drawers must write down what they think the image is. The drawers will receive one point per correct guess. The drawing director will also receive one point per correct guess. Most points overall wins.",Live,Alan Davies,5,0,0,0
12,7,5,"Live: Each person must direct their fellow contestants to draw an image. The drawing director may only use the following words: line, circle, square, big, small, up, down, left, right, middle, please, bendy. At the end of one minute, the drawers must write down what they think the image is. The drawers will receive one point per correct guess. The drawing director will also receive one point per correct guess. Most points overall wins.",Live,Desiree Burch,0,0,0,0
12,7,5,"Live: Each person must direct their fellow contestants to draw an image. The drawing director may only use the following words: line, circle, square, big, small, up, down, left, right, middle, please, bendy. At the end of one minute, the drawers must write down what they think the image is. The drawers will receive one point per correct guess. The drawing director will also receive one point per correct guess. Most points overall wins.",Live,Guz Khan,0,0,0,0
12,7,5,"Live: Each person must direct their fellow contestants to draw an image. The drawing director may only use the following words: line, circle, square, big, small, up, down, left, right, middle, please, bendy. At the end of one minute, the drawers must write down what they think the image is. The drawers will receive one point per correct guess. The drawing director will also receive one point per correct guess. Most points overall wins.",Live,Morgana Robinson,0,0,0,0
12,7,5,"Live: Each person must direct their fellow contestants to draw an image. The drawing director may only use the following words: line, circle, square, big, small, up, down, left, right, middle, please, bendy. At the end of one minute, the drawers must write down what they think the image is. The drawers will receive one point per correct guess. The drawing director will also receive one point per correct guess. Most points overall wins.",Live,Victoria Coren Mitchell,5,0,0,1
12,8,1,Prize: Best thing you use for something other than its actual purpose.,Prize,Alan Davies,4,0,0,1
12,8,1,Prize: Best thing you use for something other than its actual purpose.,Prize,Desiree Burch,5,0,0,0
12,8,1,Prize: Best thing you use for something other than its actual purpose.,Prize,Guz Khan,3,0,0,0
12,8,1,Prize: Best thing you use for something other than its actual purpose.,Prize,Morgana Robinson,2,0,0,0
12,8,1,Prize: Best thing you use for something other than its actual purpose.,Prize,Victoria Coren Mitchell,1,0,0,0
12,8,2,"Make and wear a popcorn necklace with at least five pieces of popcorn and then do the opposite of the following: You must under no circumstances not avoid not making the bell not ring. The task is over when you have either rung the bell or not rung the bell and said ""I did the right thing"" three times. Fastest to not do the wrong thing wins. If you don't do the right thing, you lose five points.",Normal,Alan Davies,4,0,0,1
12,8,2,"Make and wear a popcorn necklace with at least five pieces of popcorn and then do the opposite of the following: You must under no circumstances not avoid not making the bell not ring. The task is over when you have either rung the bell or not rung the bell and said ""I did the right thing"" three times. Fastest to not do the wrong thing wins. If you don't do the right thing, you lose five points.",Normal,Desiree Burch,-5,0,0,0
12,8,2,"Make and wear a popcorn necklace with at least five pieces of popcorn and then do the opposite of the following: You must under no circumstances not avoid not making the bell not ring. The task is over when you have either rung the bell or not rung the bell and said ""I did the right thing"" three times. Fastest to not do the wrong thing wins. If you don't do the right thing, you lose five points.",Normal,Guz Khan,5,0,0,0
12,8,2,"Make and wear a popcorn necklace with at least five pieces of popcorn and then do the opposite of the following: You must under no circumstances not avoid not making the bell not ring. The task is over when you have either rung the bell or not rung the bell and said ""I did the right thing"" three times. Fastest to not do the wrong thing wins. If you don't do the right thing, you lose five points.",Normal,Morgana Robinson,3,0,0,0
12,8,2,"Make and wear a popcorn necklace with at least five pieces of popcorn and then do the opposite of the following: You must under no circumstances not avoid not making the bell not ring. The task is over when you have either rung the bell or not rung the bell and said ""I did the right thing"" three times. Fastest to not do the wrong thing wins. If you don't do the right thing, you lose five points.",Normal,Victoria Coren Mitchell,-5,0,0,0
12,8,3,"Team: Play the most brilliant minute of socially-distanced sport. | Team: Provide the most iconic and memorable commentary for this brilliant one minute of socially-distanced sport. One of you must commentate on the action, another must provide analysis. Best commentary on the most brilliant socially-distanced sport wins.",Team,Alan Davies,5,0,0,1
12,8,3,"Team: Play the most brilliant minute of socially-distanced sport. | Team: Provide the most iconic and memorable commentary for this brilliant one minute of socially-distanced sport. One of you must commentate on the action, another must provide analysis. Best commentary on the most brilliant socially-distanced sport wins.",Team,Desiree Burch,5,0,0,0
12,8,3,"Team: Play the most brilliant minute of socially-distanced sport. | Team: Provide the most iconic and memorable commentary for this brilliant one minute of socially-distanced sport. One of you must commentate on the action, another must provide analysis. Best commentary on the most brilliant socially-distanced sport wins.",Team,Guz Khan,5,0,0,0
12,8,3,"Team: Play the most brilliant minute of socially-distanced sport. | Team: Provide the most iconic and memorable commentary for this brilliant one minute of socially-distanced sport. One of you must commentate on the action, another must provide analysis. Best commentary on the most brilliant socially-distanced sport wins.",Team,Morgana Robinson,5,0,0,0
12,8,3,"Team: Play the most brilliant minute of socially-distanced sport. | Team: Provide the most iconic and memorable commentary for this brilliant one minute of socially-distanced sport. One of you must commentate on the action, another must provide analysis. Best commentary on the most brilliant socially-distanced sport wins.",Team,Victoria Coren Mitchell,5,0,0,0
12,8,4,Make your face look like another face when your face is turned upside-down. Most expressive and radically different upside-down face wins.,Normal,Alan Davies,5,0,0,1
12,8,4,Make your face look like another face when your face is turned upside-down. Most expressive and radically different upside-down face wins.,Normal,Desiree Burch,2,0,0,0
12,8,4,Make your face look like another face when your face is turned upside-down. Most expressive and radically different upside-down face wins.,Normal,Guz Khan,4,0,0,0
12,8,4,Make your face look like another face when your face is turned upside-down. Most expressive and radically different upside-down face wins.,Normal,Morgana Robinson,4,0,0,0
12,8,4,Make your face look like another face when your face is turned upside-down. Most expressive and radically different upside-down face wins.,Normal,Victoria Coren Mitchell,5,0,0,0
12,8,5,"Live: Pop up before the object, but only just. You are only allowed to pop up once. Closest to the pop before the pop wins the round. If you pop up after the object, you get no points that round. | Blow the feather across the table using only your nose.",Live,Alan Davies,3,0,0,1
12,8,5,"Live: Pop up before the object, but only just. You are only allowed to pop up once. Closest to the pop before the pop wins the round. If you pop up after the object, you get no points that round. | Blow the feather across the table using only your nose.",Live,Desiree Burch,2,0,0,0
12,8,5,"Live: Pop up before the object, but only just. You are only allowed to pop up once. Closest to the pop before the pop wins the round. If you pop up after the object, you get no points that round. | Blow the feather across the table using only your nose.",Live,Guz Khan,4,0,0,0
12,8,5,"Live: Pop up before the object, but only just. You are only allowed to pop up once. Closest to the pop before the pop wins the round. If you pop up after the object, you get no points that round. | Blow the feather across the table using only your nose.",Live,Morgana Robinson,5,0,0,0
12,8,5,"Live: Pop up before the object, but only just. You are only allowed to pop up once. Closest to the pop before the pop wins the round. If you pop up after the object, you get no points that round. | Blow the feather across the table using only your nose.",Live,Victoria Coren Mitchell,3,0,0,0
12,9,1,Prize: 40 things that are all the same and can all fit on a towel and are the best.,Prize,Alan Davies,5,0,0,0
12,9,1,Prize: 40 things that are all the same and can all fit on a towel and are the best.,Prize,Desiree Burch,4,0,0,1
12,9,1,Prize: 40 things that are all the same and can all fit on a towel and are the best.,Prize,Guz Khan,3,0,0,0
12,9,1,Prize: 40 things that are all the same and can all fit on a towel and are the best.,Prize,Morgana Robinson,1,0,0,0
12,9,1,Prize: 40 things that are all the same and can all fit on a towel and are the best.,Prize,Victoria Coren Mitchell,2,0,0,0
12,9,2,"Have the longest telephone conversation without the other person knowing you are trying to have a long telephone conversation. During the call, you must not mention television or Taskmaster. Every minute, you must reveal and carry out an action from the board. If the person you call says any of the key words, you must hang up immediately. You must call someone within two minutes from now.",Normal,Alan Davies,1,0,0,0
12,9,2,"Have the longest telephone conversation without the other person knowing you are trying to have a long telephone conversation. During the call, you must not mention television or Taskmaster. Every minute, you must reveal and carry out an action from the board. If the person you call says any of the key words, you must hang up immediately. You must call someone within two minutes from now.",Normal,Desiree Burch,5,0,0,1
12,9,2,"Have the longest telephone conversation without the other person knowing you are trying to have a long telephone conversation. During the call, you must not mention television or Taskmaster. Every minute, you must reveal and carry out an action from the board. If the person you call says any of the key words, you must hang up immediately. You must call someone within two minutes from now.",Normal,Guz Khan,3,0,0,0
12,9,2,"Have the longest telephone conversation without the other person knowing you are trying to have a long telephone conversation. During the call, you must not mention television or Taskmaster. Every minute, you must reveal and carry out an action from the board. If the person you call says any of the key words, you must hang up immediately. You must call someone within two minutes from now.",Normal,Morgana Robinson,2,0,0,0
12,9,2,"Have the longest telephone conversation without the other person knowing you are trying to have a long telephone conversation. During the call, you must not mention television or Taskmaster. Every minute, you must reveal and carry out an action from the board. If the person you call says any of the key words, you must hang up immediately. You must call someone within two minutes from now.",Normal,Victoria Coren Mitchell,4,0,0,0
12,9,3,Strike the soldier with your throwing paint. The soldier will say your name every five seconds. You may not remove or tamper with your helmet. Fastest wins.,Normal,Alan Davies,1,0,0,0
12,9,3,Strike the soldier with your throwing paint. The soldier will say your name every five seconds. You may not remove or tamper with your helmet. Fastest wins.,Normal,Desiree Burch,4,0,0,1
12,9,3,Strike the soldier with your throwing paint. The soldier will say your name every five seconds. You may not remove or tamper with your helmet. Fastest wins.,Normal,Guz Khan,3,0,0,0
12,9,3,Strike the soldier with your throwing paint. The soldier will say your name every five seconds. You may not remove or tamper with your helmet. Fastest wins.,Normal,Morgana Robinson,5,0,0,0
12,9,3,Strike the soldier with your throwing paint. The soldier will say your name every five seconds. You may not remove or tamper with your helmet. Fastest wins.,Normal,Victoria Coren Mitchell,2,0,0,0
12,9,4,Get goosebumps. Your goosebumps must be revealed in the lab. Fastest wins.,Normal,Alan Davies,4,0,0,0
12,9,4,Get goosebumps. Your goosebumps must be revealed in the lab. Fastest wins.,Normal,Desiree Burch,3,0,0,1
12,9,4,Get goosebumps. Your goosebumps must be revealed in the lab. Fastest wins.,Normal,Guz Khan,0,0,0,0
12,9,4,Get goosebumps. Your goosebumps must be revealed in the lab. Fastest wins.,Normal,Morgana Robinson,5,0,0,0
12,9,4,Get goosebumps. Your goosebumps must be revealed in the lab. Fastest wins.,Normal,Victoria Coren Mitchell,0,0,0,0
12,9,5,"Team Live: Get the highest score by sliding your ducks. Each team will slide a pair of ducks three times. The duck slider must smirk at the Taskmaster whilst sliding their ducks. The winning team will receive five points per person, the losing team will get zero.",Live,Alan Davies,0,0,0,0
12,9,5,"Team Live: Get the highest score by sliding your ducks. Each team will slide a pair of ducks three times. The duck slider must smirk at the Taskmaster whilst sliding their ducks. The winning team will receive five points per person, the losing team will get zero.",Live,Desiree Burch,5,0,0,1
12,9,5,"Team Live: Get the highest score by sliding your ducks. Each team will slide a pair of ducks three times. The duck slider must smirk at the Taskmaster whilst sliding their ducks. The winning team will receive five points per person, the losing team will get zero.",Live,Guz Khan,5,0,0,0
12,9,5,"Team Live: Get the highest score by sliding your ducks. Each team will slide a pair of ducks three times. The duck slider must smirk at the Taskmaster whilst sliding their ducks. The winning team will receive five points per person, the losing team will get zero.",Live,Morgana Robinson,5,0,0,0
12,9,5,"Team Live: Get the highest score by sliding your ducks. Each team will slide a pair of ducks three times. The duck slider must smirk at the Taskmaster whilst sliding their ducks. The winning team will receive five points per person, the losing team will get zero.",Live,Victoria Coren Mitchell,0,0,0,0
12,10,1,Prize: Most magnificent floppy thing.,Prize,Alan Davies,4,0,0,0
12,10,1,Prize: Most magnificent floppy thing.,Prize,Desiree Burch,5,0,0,0
12,10,1,Prize: Most magnificent floppy thing.,Prize,Guz Khan,4,0,0,1
12,10,1,Prize: Most magnificent floppy thing.,Prize,Morgana Robinson,2,0,0,0
12,10,1,Prize: Most magnificent floppy thing.,Prize,Victoria Coren Mitchell,1,0,0,0
12,10,2,Drink all this drink with your mouth open. Your mouth must be visibly open throughout. Fastest wins.,Normal,Alan Davies,3,0,0,0
12,10,2,Drink all this drink with your mouth open. Your mouth must be visibly open throughout. Fastest wins.,Normal,Desiree Burch,5,0,0,0
12,10,2,Drink all this drink with your mouth open. Your mouth must be visibly open throughout. Fastest wins.,Normal,Guz Khan,4,0,0,1
12,10,2,Drink all this drink with your mouth open. Your mouth must be visibly open throughout. Fastest wins.,Normal,Morgana Robinson,2,0,0,0
12,10,2,Drink all this drink with your mouth open. Your mouth must be visibly open throughout. Fastest wins.,Normal,Victoria Coren Mitchell,1,0,0,0
12,10,3,"Team: Using your whole body to make individual characters, describe the Taskmaster. Your description must be a minimum of 20 characters long. Most vivid description wins.",Team,Alan Davies,5,0,0,0
12,10,3,"Team: Using your whole body to make individual characters, describe the Taskmaster. Your description must be a minimum of 20 characters long. Most vivid description wins.",Team,Desiree Burch,0,0,0,0
12,10,3,"Team: Using your whole body to make individual characters, describe the Taskmaster. Your description must be a minimum of 20 characters long. Most vivid description wins.",Team,Guz Khan,0,0,0,1
12,10,3,"Team: Using your whole body to make individual characters, describe the Taskmaster. Your description must be a minimum of 20 characters long. Most vivid description wins.",Team,Morgana Robinson,4,0,0,0
12,10,3,"Team: Using your whole body to make individual characters, describe the Taskmaster. Your description must be a minimum of 20 characters long. Most vivid description wins.",Team,Victoria Coren Mitchell,0,0,0,0
12,10,4,"Team: Work out what your teammate's tasks are. You must stay in the caravan and must not communicate with your teammates in any way. After 10 minutes, you must write down what you think their tasks were. Best guesser wins.",Team,Alan Davies,0,0,0,0
12,10,4,"Team: Work out what your teammate's tasks are. You must stay in the caravan and must not communicate with your teammates in any way. After 10 minutes, you must write down what you think their tasks were. Best guesser wins.",Team,Desiree Burch,4,0,0,0
12,10,4,"Team: Work out what your teammate's tasks are. You must stay in the caravan and must not communicate with your teammates in any way. After 10 minutes, you must write down what you think their tasks were. Best guesser wins.",Team,Guz Khan,0,0,0,1
12,10,4,"Team: Work out what your teammate's tasks are. You must stay in the caravan and must not communicate with your teammates in any way. After 10 minutes, you must write down what you think their tasks were. Best guesser wins.",Team,Morgana Robinson,0,0,0,0
12,10,4,"Team: Work out what your teammate's tasks are. You must stay in the caravan and must not communicate with your teammates in any way. After 10 minutes, you must write down what you think their tasks were. Best guesser wins.",Team,Victoria Coren Mitchell,5,0,0,0
12,10,5,"Lick a chocolate button, stick it on your forehead, then transfer the chocolate button to your mouth without touching it with your hands or leaving the chair.",Normal,Alan Davies,0,0,0,0
12,10,5,"Lick a chocolate button, stick it on your forehead, then transfer the chocolate button to your mouth without touching it with your hands or leaving the chair.",Normal,Desiree Burch,0,0,0,0
12,10,5,"Lick a chocolate button, stick it on your forehead, then transfer the chocolate button to your mouth without touching it with your hands or leaving the chair.",Normal,Guz Khan,4,0,0,1
12,10,5,"Lick a chocolate button, stick it on your forehead, then transfer the chocolate button to your mouth without touching it with your hands or leaving the chair.",Normal,Morgana Robinson,0,0,0,0
12,10,5,"Lick a chocolate button, stick it on your forehead, then transfer the chocolate button to your mouth without touching it with your hands or leaving the chair.",Normal,Victoria Coren Mitchell,0,0,0,0
12,10,6,Propose to Alex in the most irresistible way.,Normal,Alan Davies,4,0,0,0
12,10,6,Propose to Alex in the most irresistible way.,Normal,Desiree Burch,4,0,0,0
12,10,6,Propose to Alex in the most irresistible way.,Normal,Guz Khan,5,0,0,1
12,10,6,Propose to Alex in the most irresistible way.,Normal,Morgana Robinson,5,0,0,0
12,10,6,Propose to Alex in the most irresistible way.,Normal,Victoria Coren Mitchell,3,0,0,0
12,10,7,"Live: One at a time, make a noise without the Taskmaster identifying you. The person who makes the most unidentifiable noises wins.",Live,Alan Davies,3,0,0,0
12,10,7,"Live: One at a time, make a noise without the Taskmaster identifying you. The person who makes the most unidentifiable noises wins.",Live,Desiree Burch,3,0,0,0
12,10,7,"Live: One at a time, make a noise without the Taskmaster identifying you. The person who makes the most unidentifiable noises wins.",Live,Guz Khan,5,0,0,1
12,10,7,"Live: One at a time, make a noise without the Taskmaster identifying you. The person who makes the most unidentifiable noises wins.",Live,Morgana Robinson,5,0,0,0
12,10,7,"Live: One at a time, make a noise without the Taskmaster identifying you. The person who makes the most unidentifiable noises wins.",Live,Victoria Coren Mitchell,3,0,0,0
13,1,1,"Prize: The thing that, if you found it in a skip, you would be most excited by.",Prize,Ardal O'Hanlon,1,0,0,0
13,1,1,"Prize: The thing that, if you found it in a skip, you would be most excited by.",Prize,Bridget Christie,5,0,0,0
13,1,1,"Prize: The thing that, if you found it in a skip, you would be most excited by.",Prize,Chris Ramsey,4,0,0,1
13,1,1,"Prize: The thing that, if you found it in a skip, you would be most excited by.",Prize,Judi Love,2,0,0,0
13,1,1,"Prize: The thing that, if you found it in a skip, you would be most excited by.",Prize,Sophie Duker,3,0,0,0
13,1,2,Find all 10 ducks. You must stay in the lab. Fastest wins.,Normal,Ardal O'Hanlon,1,0,0,0
13,1,2,Find all 10 ducks. You must stay in the lab. Fastest wins.,Normal,Bridget Christie,3,0,0,0
13,1,2,Find all 10 ducks. You must stay in the lab. Fastest wins.,Normal,Chris Ramsey,5,0,0,1
13,1,2,Find all 10 ducks. You must stay in the lab. Fastest wins.,Normal,Judi Love,4,0,0,0
13,1,2,Find all 10 ducks. You must stay in the lab. Fastest wins.,Normal,Sophie Duker,3,0,0,0
13,1,3,Create the best picture of the Taskmaster using only lipstick on your lips.,Normal,Ardal O'Hanlon,3,0,0,0
13,1,3,Create the best picture of the Taskmaster using only lipstick on your lips.,Normal,Bridget Christie,4,0,0,0
13,1,3,Create the best picture of the Taskmaster using only lipstick on your lips.,Normal,Chris Ramsey,5,0,0,1
13,1,3,Create the best picture of the Taskmaster using only lipstick on your lips.,Normal,Judi Love,1,0,0,0
13,1,3,Create the best picture of the Taskmaster using only lipstick on your lips.,Normal,Sophie Duker,3,0,0,0
13,1,4,Devise a duel and have the duel with Alex. Most exhilarating duel wins.,Normal,Ardal O'Hanlon,2,0,0,0
13,1,4,Devise a duel and have the duel with Alex. Most exhilarating duel wins.,Normal,Bridget Christie,3,0,0,0
13,1,4,Devise a duel and have the duel with Alex. Most exhilarating duel wins.,Normal,Chris Ramsey,4,0,0,1
13,1,4,Devise a duel and have the duel with Alex. Most exhilarating duel wins.,Normal,Judi Love,1,0,0,0
13,1,4,Devise a duel and have the duel with Alex. Most exhilarating duel wins.,Normal,Sophie Duker,5,0,0,0
13,1,5,"Live: Count to 13 as a group, each player taking it in turns to say a number. Every time you say an odd number, you must also squat. Every time you say an even number, you must also jump. If you make a mistake, you are out. If you reach 13 or someone is eliminated, other rules will be introduced. If the Taskmaster thinks you have hesitated for too long, you will be eliminated.",Live,Ardal O'Hanlon,3,0,0,0
13,1,5,"Live: Count to 13 as a group, each player taking it in turns to say a number. Every time you say an odd number, you must also squat. Every time you say an even number, you must also jump. If you make a mistake, you are out. If you reach 13 or someone is eliminated, other rules will be introduced. If the Taskmaster thinks you have hesitated for too long, you will be eliminated.",Live,Bridget Christie,1,0,0,0
13,1,5,"Live: Count to 13 as a group, each player taking it in turns to say a number. Every time you say an odd number, you must also squat. Every time you say an even number, you must also jump. If you make a mistake, you are out. If you reach 13 or someone is eliminated, other rules will be introduced. If the Taskmaster thinks you have hesitated for too long, you will be eliminated.",Live,Chris Ramsey,5,0,0,1
13,1,5,"Live: Count to 13 as a group, each player taking it in turns to say a number. Every time you say an odd number, you must also squat. Every time you say an even number, you must also jump. If you make a mistake, you are out. If you reach 13 or someone is eliminated, other rules will be introduced. If the Taskmaster thinks you have hesitated for too long, you will be eliminated.",Live,Judi Love,2,0,0,0
13,1,5,"Live: Count to 13 as a group, each player taking it in turns to say a number. Every time you say an odd number, you must also squat. Every time you say an even number, you must also jump. If you make a mistake, you are out. If you reach 13 or someone is eliminated, other rules will be introduced. If the Taskmaster thinks you have hesitated for too long, you will be eliminated.",Live,Sophie Duker,4,0,0,0
13,2,1,Prize: The object that you would most like to show to an alien.,Prize,Ardal O'Hanlon,5,0,0,0
13,2,1,Prize: The object that you would most like to show to an alien.,Prize,Bridget Christie,2,0,0,0
13,2,1,Prize: The object that you would most like to show to an alien.,Prize,Chris Ramsey,2,0,0,1
13,2,1,Prize: The object that you would most like to show to an alien.,Prize,Judi Love,2,0,0,0
13,2,1,Prize: The object that you would most like to show to an alien.,Prize,Sophie Duker,2,0,0,0
13,2,2,Either tie a ribbon round the maypole or strike it with a ping pong ball. You must be properly blindfolded at all times and must never step beyond the rope. Fastest wins.,Normal,Ardal O'Hanlon,3,0,0,0
13,2,2,Either tie a ribbon round the maypole or strike it with a ping pong ball. You must be properly blindfolded at all times and must never step beyond the rope. Fastest wins.,Normal,Bridget Christie,1,0,0,0
13,2,2,Either tie a ribbon round the maypole or strike it with a ping pong ball. You must be properly blindfolded at all times and must never step beyond the rope. Fastest wins.,Normal,Chris Ramsey,4,0,0,1
13,2,2,Either tie a ribbon round the maypole or strike it with a ping pong ball. You must be properly blindfolded at all times and must never step beyond the rope. Fastest wins.,Normal,Judi Love,2,0,0,0
13,2,2,Either tie a ribbon round the maypole or strike it with a ping pong ball. You must be properly blindfolded at all times and must never step beyond the rope. Fastest wins.,Normal,Sophie Duker,5,0,0,0
13,2,3,Reveal the coolest photo in your phone. | Recreate the coolest photo in your phone. Most accurate recreation wins.,Normal,Ardal O'Hanlon,1,0,0,0
13,2,3,Reveal the coolest photo in your phone. | Recreate the coolest photo in your phone. Most accurate recreation wins.,Normal,Bridget Christie,5,0,0,0
13,2,3,Reveal the coolest photo in your phone. | Recreate the coolest photo in your phone. Most accurate recreation wins.,Normal,Chris Ramsey,4,0,0,1
13,2,3,Reveal the coolest photo in your phone. | Recreate the coolest photo in your phone. Most accurate recreation wins.,Normal,Judi Love,3,0,0,0
13,2,3,Reveal the coolest photo in your phone. | Recreate the coolest photo in your phone. Most accurate recreation wins.,Normal,Sophie Duker,2,0,0,0
13,2,4,Team: Score a goal with each of the exercise balls. You may only move the exercise balls on the pitch when driving the buggy. Each person must score a goal using their own personal wheels to drive the buggy and no-one may score two goals in a row. Fastest hat-trick wins.,Team,Ardal O'Hanlon,5,0,0,0
13,2,4,Team: Score a goal with each of the exercise balls. You may only move the exercise balls on the pitch when driving the buggy. Each person must score a goal using their own personal wheels to drive the buggy and no-one may score two goals in a row. Fastest hat-trick wins.,Team,Bridget Christie,3,0,0,0
13,2,4,Team: Score a goal with each of the exercise balls. You may only move the exercise balls on the pitch when driving the buggy. Each person must score a goal using their own personal wheels to drive the buggy and no-one may score two goals in a row. Fastest hat-trick wins.,Team,Chris Ramsey,5,0,0,1
13,2,4,Team: Score a goal with each of the exercise balls. You may only move the exercise balls on the pitch when driving the buggy. Each person must score a goal using their own personal wheels to drive the buggy and no-one may score two goals in a row. Fastest hat-trick wins.,Team,Judi Love,3,0,0,0
13,2,4,Team: Score a goal with each of the exercise balls. You may only move the exercise balls on the pitch when driving the buggy. Each person must score a goal using their own personal wheels to drive the buggy and no-one may score two goals in a row. Fastest hat-trick wins.,Team,Sophie Duker,3,0,0,0
13,2,5,Live: Identify the object under your table and draw it on the canvas on the underside of your table. You must also write down three words to describe your object. Most accurate drawing wins. You must also stare menacingly at the Taskmaster at all times.,Live,Ardal O'Hanlon,1,0,0,0
13,2,5,Live: Identify the object under your table and draw it on the canvas on the underside of your table. You must also write down three words to describe your object. Most accurate drawing wins. You must also stare menacingly at the Taskmaster at all times.,Live,Bridget Christie,5,0,0,0
13,2,5,Live: Identify the object under your table and draw it on the canvas on the underside of your table. You must also write down three words to describe your object. Most accurate drawing wins. You must also stare menacingly at the Taskmaster at all times.,Live,Chris Ramsey,3,0,0,1
13,2,5,Live: Identify the object under your table and draw it on the canvas on the underside of your table. You must also write down three words to describe your object. Most accurate drawing wins. You must also stare menacingly at the Taskmaster at all times.,Live,Judi Love,4,0,0,0
13,2,5,Live: Identify the object under your table and draw it on the canvas on the underside of your table. You must also write down three words to describe your object. Most accurate drawing wins. You must also stare menacingly at the Taskmaster at all times.,Live,Sophie Duker,1,0,0,0
13,3,1,Prize: The item that sounds funniest when you say its name over and over again.,Prize,Ardal O'Hanlon,3,0,0,0
13,3,1,Prize: The item that sounds funniest when you say its name over and over again.,Prize,Bridget Christie,4,0,0,1
13,3,1,Prize: The item that sounds funniest when you say its name over and over again.,Prize,Chris Ramsey,3,0,0,0
13,3,1,Prize: The item that sounds funniest when you say its name over and over again.,Prize,Judi Love,5,0,0,0
13,3,1,Prize: The item that sounds funniest when you say its name over and over again.,Prize,Sophie Duker,2,0,0,0
13,3,2,Accurately and emotionally recreate a great moment from history using these two traffic cones. Most accurate and emotional recreation wins.,Normal,Ardal O'Hanlon,4,0,0,0
13,3,2,Accurately and emotionally recreate a great moment from history using these two traffic cones. Most accurate and emotional recreation wins.,Normal,Bridget Christie,5,0,0,1
13,3,2,Accurately and emotionally recreate a great moment from history using these two traffic cones. Most accurate and emotional recreation wins.,Normal,Chris Ramsey,2,0,0,0
13,3,2,Accurately and emotionally recreate a great moment from history using these two traffic cones. Most accurate and emotional recreation wins.,Normal,Judi Love,1,0,0,0
13,3,2,Accurately and emotionally recreate a great moment from history using these two traffic cones. Most accurate and emotional recreation wins.,Normal,Sophie Duker,3,0,0,0
13,3,3,Make all of these things happen at the same time. The monsters must be squatting. The robot must be walking. The marble must be rolling. The cradle must be clicking. The sand must be falling. The fidget spinner must be spinning. The candles must be out. You must applaud when you think you've finished. Fastest wins.,Normal,Ardal O'Hanlon,0,0,0,0
13,3,3,Make all of these things happen at the same time. The monsters must be squatting. The robot must be walking. The marble must be rolling. The cradle must be clicking. The sand must be falling. The fidget spinner must be spinning. The candles must be out. You must applaud when you think you've finished. Fastest wins.,Normal,Bridget Christie,4,0,0,1
13,3,3,Make all of these things happen at the same time. The monsters must be squatting. The robot must be walking. The marble must be rolling. The cradle must be clicking. The sand must be falling. The fidget spinner must be spinning. The candles must be out. You must applaud when you think you've finished. Fastest wins.,Normal,Chris Ramsey,5,0,0,0
13,3,3,Make all of these things happen at the same time. The monsters must be squatting. The robot must be walking. The marble must be rolling. The cradle must be clicking. The sand must be falling. The fidget spinner must be spinning. The candles must be out. You must applaud when you think you've finished. Fastest wins.,Normal,Judi Love,0,0,0,0
13,3,3,Make all of these things happen at the same time. The monsters must be squatting. The robot must be walking. The marble must be rolling. The cradle must be clicking. The sand must be falling. The fidget spinner must be spinning. The candles must be out. You must applaud when you think you've finished. Fastest wins.,Normal,Sophie Duker,0,0,0,0
13,3,4,Enable Alex to bite his duck. You may not encroach upon the decking. Fastest wins.,Normal,Ardal O'Hanlon,2,0,0,0
13,3,4,Enable Alex to bite his duck. You may not encroach upon the decking. Fastest wins.,Normal,Bridget Christie,5,0,0,1
13,3,4,Enable Alex to bite his duck. You may not encroach upon the decking. Fastest wins.,Normal,Chris Ramsey,1,0,0,0
13,3,4,Enable Alex to bite his duck. You may not encroach upon the decking. Fastest wins.,Normal,Judi Love,3,0,0,0
13,3,4,Enable Alex to bite his duck. You may not encroach upon the decking. Fastest wins.,Normal,Sophie Duker,4,0,0,0
13,3,5,Bonus for the person who gets Alex the least wet.,Normal,Ardal O'Hanlon,0,0,0,0
13,3,5,Bonus for the person who gets Alex the least wet.,Normal,Bridget Christie,1,0,0,1
13,3,5,Bonus for the person who gets Alex the least wet.,Normal,Chris Ramsey,0,0,0,0
13,3,5,Bonus for the person who gets Alex the least wet.,Normal,Judi Love,1,0,0,0
13,3,5,Bonus for the person who gets Alex the least wet.,Normal,Sophie Duker,1,0,0,0
13,3,6,"Team Live: As a team, put one of your faces and one of your legs through the hole. The Taskmaster will guess whether the leg belongs to the face or the other contestant. Most wrong guesses after three rounds wins.",Live,Ardal O'Hanlon,2,0,0,0
13,3,6,"Team Live: As a team, put one of your faces and one of your legs through the hole. The Taskmaster will guess whether the leg belongs to the face or the other contestant. Most wrong guesses after three rounds wins.",Live,Bridget Christie,6,0,0,1
13,3,6,"Team Live: As a team, put one of your faces and one of your legs through the hole. The Taskmaster will guess whether the leg belongs to the face or the other contestant. Most wrong guesses after three rounds wins.",Live,Chris Ramsey,2,0,0,0
13,3,6,"Team Live: As a team, put one of your faces and one of your legs through the hole. The Taskmaster will guess whether the leg belongs to the face or the other contestant. Most wrong guesses after three rounds wins.",Live,Judi Love,6,0,0,0
13,3,6,"Team Live: As a team, put one of your faces and one of your legs through the hole. The Taskmaster will guess whether the leg belongs to the face or the other contestant. Most wrong guesses after three rounds wins.",Live,Sophie Duker,6,0,0,0
13,4,1,Prize: Best night-time thing.,Prize,Ardal O'Hanlon,5,0,0,1
13,4,1,Prize: Best night-time thing.,Prize,Bridget Christie,4,0,0,0
13,4,1,Prize: Best night-time thing.,Prize,Chris Ramsey,2,0,0,0
13,4,1,Prize: Best night-time thing.,Prize,Judi Love,1,0,0,0
13,4,1,Prize: Best night-time thing.,Prize,Sophie Duker,3,0,0,0
13,4,2,Display the shoe Alex is thinking of. All the other shoes must be out of sight at the end of the attempt. You may only ask yes or no questions and you must say/do your given phrase/action after every answer. Fewest questions wins.,Normal,Ardal O'Hanlon,2,0,0,1
13,4,2,Display the shoe Alex is thinking of. All the other shoes must be out of sight at the end of the attempt. You may only ask yes or no questions and you must say/do your given phrase/action after every answer. Fewest questions wins.,Normal,Bridget Christie,1,0,0,0
13,4,2,Display the shoe Alex is thinking of. All the other shoes must be out of sight at the end of the attempt. You may only ask yes or no questions and you must say/do your given phrase/action after every answer. Fewest questions wins.,Normal,Chris Ramsey,5,0,0,0
13,4,2,Display the shoe Alex is thinking of. All the other shoes must be out of sight at the end of the attempt. You may only ask yes or no questions and you must say/do your given phrase/action after every answer. Fewest questions wins.,Normal,Judi Love,4,0,0,0
13,4,2,Display the shoe Alex is thinking of. All the other shoes must be out of sight at the end of the attempt. You may only ask yes or no questions and you must say/do your given phrase/action after every answer. Fewest questions wins.,Normal,Sophie Duker,3,0,0,0
13,4,3,"Team: Give Alex the best stag minute. By the end of the stag minute, Alex must be ready to get married.",Team,Ardal O'Hanlon,5,0,0,1
13,4,3,"Team: Give Alex the best stag minute. By the end of the stag minute, Alex must be ready to get married.",Team,Bridget Christie,4,0,0,0
13,4,3,"Team: Give Alex the best stag minute. By the end of the stag minute, Alex must be ready to get married.",Team,Chris Ramsey,5,0,0,0
13,4,3,"Team: Give Alex the best stag minute. By the end of the stag minute, Alex must be ready to get married.",Team,Judi Love,4,0,0,0
13,4,3,"Team: Give Alex the best stag minute. By the end of the stag minute, Alex must be ready to get married.",Team,Sophie Duker,4,0,0,0
13,4,4,Make a stirring speech for the Taskmaster out of this bunting. Longest speech that is deemed to be stirring by the Taskmaster wins. You may only use the letters currently on the bunting.,Normal,Ardal O'Hanlon,1,0,0,1
13,4,4,Make a stirring speech for the Taskmaster out of this bunting. Longest speech that is deemed to be stirring by the Taskmaster wins. You may only use the letters currently on the bunting.,Normal,Bridget Christie,2,0,0,0
13,4,4,Make a stirring speech for the Taskmaster out of this bunting. Longest speech that is deemed to be stirring by the Taskmaster wins. You may only use the letters currently on the bunting.,Normal,Chris Ramsey,4,0,0,0
13,4,4,Make a stirring speech for the Taskmaster out of this bunting. Longest speech that is deemed to be stirring by the Taskmaster wins. You may only use the letters currently on the bunting.,Normal,Judi Love,5,0,0,0
13,4,4,Make a stirring speech for the Taskmaster out of this bunting. Longest speech that is deemed to be stirring by the Taskmaster wins. You may only use the letters currently on the bunting.,Normal,Sophie Duker,3,0,0,0
13,4,5,"Live: Taking it in turns, roll a tyre down the Knappett. You must roll from on the stage. If your tyre does not pass the line, you may not roll any further tyres. If both your dolls topple, you may not roll any further tyres. Last doll standing wins. | Turn over the most beer mats.",Live,Ardal O'Hanlon,4,0,0,1
13,4,5,"Live: Taking it in turns, roll a tyre down the Knappett. You must roll from on the stage. If your tyre does not pass the line, you may not roll any further tyres. If both your dolls topple, you may not roll any further tyres. Last doll standing wins. | Turn over the most beer mats.",Live,Bridget Christie,5,0,0,0
13,4,5,"Live: Taking it in turns, roll a tyre down the Knappett. You must roll from on the stage. If your tyre does not pass the line, you may not roll any further tyres. If both your dolls topple, you may not roll any further tyres. Last doll standing wins. | Turn over the most beer mats.",Live,Chris Ramsey,1,0,0,0
13,4,5,"Live: Taking it in turns, roll a tyre down the Knappett. You must roll from on the stage. If your tyre does not pass the line, you may not roll any further tyres. If both your dolls topple, you may not roll any further tyres. Last doll standing wins. | Turn over the most beer mats.",Live,Judi Love,2,0,0,0
13,4,5,"Live: Taking it in turns, roll a tyre down the Knappett. You must roll from on the stage. If your tyre does not pass the line, you may not roll any further tyres. If both your dolls topple, you may not roll any further tyres. Last doll standing wins. | Turn over the most beer mats.",Live,Sophie Duker,3,0,0,0
13,5,1,Prize: Most surprising thing from their wardrobes.,Prize,Ardal O'Hanlon,4,0,0,1
13,5,1,Prize: Most surprising thing from their wardrobes.,Prize,Bridget Christie,5,0,0,0
13,5,1,Prize: Most surprising thing from their wardrobes.,Prize,Chris Ramsey,1,0,0,0
13,5,1,Prize: Most surprising thing from their wardrobes.,Prize,Judi Love,3,0,0,0
13,5,1,Prize: Most surprising thing from their wardrobes.,Prize,Sophie Duker,2,0,0,0
13,5,2,Make this key difficult but possible to retrieve.,Normal,Ardal O'Hanlon,0,0,0,1
13,5,2,Make this key difficult but possible to retrieve.,Normal,Bridget Christie,0,0,0,0
13,5,2,Make this key difficult but possible to retrieve.,Normal,Chris Ramsey,0,0,0,0
13,5,2,Make this key difficult but possible to retrieve.,Normal,Judi Love,0,0,0,0
13,5,2,Make this key difficult but possible to retrieve.,Normal,Sophie Duker,0,0,0,0
13,5,3,"Give Alex a high-five. The third-fastest high-fiver wins. If you are the first or the last, you will receive no points. You must high-five Alex within 10 minutes.",Normal,Ardal O'Hanlon,4,0,0,1
13,5,3,"Give Alex a high-five. The third-fastest high-fiver wins. If you are the first or the last, you will receive no points. You must high-five Alex within 10 minutes.",Normal,Bridget Christie,0,0,0,0
13,5,3,"Give Alex a high-five. The third-fastest high-fiver wins. If you are the first or the last, you will receive no points. You must high-five Alex within 10 minutes.",Normal,Chris Ramsey,4,0,0,0
13,5,3,"Give Alex a high-five. The third-fastest high-fiver wins. If you are the first or the last, you will receive no points. You must high-five Alex within 10 minutes.",Normal,Judi Love,0,0,0,0
13,5,3,"Give Alex a high-five. The third-fastest high-fiver wins. If you are the first or the last, you will receive no points. You must high-five Alex within 10 minutes.",Normal,Sophie Duker,5,0,0,0
13,5,4,"Make the water level rise to the top of the big fish tank. You have 15 minutes to gather six things, then you must put all six things in the big fish tank. You may not put anything in the big fish tank before the 15 minutes are up and if any water leaves the big fish tank at any point, you are disqualified. Closest water level to the top of the big fish tank wins. No fish tanks may leave this room.",Normal,Ardal O'Hanlon,5,0,0,1
13,5,4,"Make the water level rise to the top of the big fish tank. You have 15 minutes to gather six things, then you must put all six things in the big fish tank. You may not put anything in the big fish tank before the 15 minutes are up and if any water leaves the big fish tank at any point, you are disqualified. Closest water level to the top of the big fish tank wins. No fish tanks may leave this room.",Normal,Bridget Christie,0,1,0,0
13,5,4,"Make the water level rise to the top of the big fish tank. You have 15 minutes to gather six things, then you must put all six things in the big fish tank. You may not put anything in the big fish tank before the 15 minutes are up and if any water leaves the big fish tank at any point, you are disqualified. Closest water level to the top of the big fish tank wins. No fish tanks may leave this room.",Normal,Chris Ramsey,0,1,0,0
13,5,4,"Make the water level rise to the top of the big fish tank. You have 15 minutes to gather six things, then you must put all six things in the big fish tank. You may not put anything in the big fish tank before the 15 minutes are up and if any water leaves the big fish tank at any point, you are disqualified. Closest water level to the top of the big fish tank wins. No fish tanks may leave this room.",Normal,Judi Love,4,0,0,0
13,5,4,"Make the water level rise to the top of the big fish tank. You have 15 minutes to gather six things, then you must put all six things in the big fish tank. You may not put anything in the big fish tank before the 15 minutes are up and if any water leaves the big fish tank at any point, you are disqualified. Closest water level to the top of the big fish tank wins. No fish tanks may leave this room.",Normal,Sophie Duker,0,1,0,0
13,5,5,"Answer Alex's phone call. If you find a cuddly toy, you must carry it with you until you answer Alex's phone call. Also, you must be making a noise over 50dB for at least 50% of the time until you answer Alex's phone call. Fastest wins.",Normal,Ardal O'Hanlon,5,0,0,1
13,5,5,"Answer Alex's phone call. If you find a cuddly toy, you must carry it with you until you answer Alex's phone call. Also, you must be making a noise over 50dB for at least 50% of the time until you answer Alex's phone call. Fastest wins.",Normal,Bridget Christie,1,0,0,0
13,5,5,"Answer Alex's phone call. If you find a cuddly toy, you must carry it with you until you answer Alex's phone call. Also, you must be making a noise over 50dB for at least 50% of the time until you answer Alex's phone call. Fastest wins.",Normal,Chris Ramsey,4,0,0,0
13,5,5,"Answer Alex's phone call. If you find a cuddly toy, you must carry it with you until you answer Alex's phone call. Also, you must be making a noise over 50dB for at least 50% of the time until you answer Alex's phone call. Fastest wins.",Normal,Judi Love,3,0,0,0
13,5,5,"Answer Alex's phone call. If you find a cuddly toy, you must carry it with you until you answer Alex's phone call. Also, you must be making a noise over 50dB for at least 50% of the time until you answer Alex's phone call. Fastest wins.",Normal,Sophie Duker,2,0,0,0
13,5,6,"Live: Pop three red balls out of your hole. You may only pop out one ball at a time. If you pop out a black ball, you must stop popping out balls and scream for five seconds. If you pop out a white ball, everyone must stop popping out balls and dance like a worm for five seconds. If you pop out a duck, you are disqualified. Also, you must stare lovingly at the Taskmaster throughout the task. Fastest wins.",Live,Ardal O'Hanlon,3,0,0,1
13,5,6,"Live: Pop three red balls out of your hole. You may only pop out one ball at a time. If you pop out a black ball, you must stop popping out balls and scream for five seconds. If you pop out a white ball, everyone must stop popping out balls and dance like a worm for five seconds. If you pop out a duck, you are disqualified. Also, you must stare lovingly at the Taskmaster throughout the task. Fastest wins.",Live,Bridget Christie,5,0,0,0
13,5,6,"Live: Pop three red balls out of your hole. You may only pop out one ball at a time. If you pop out a black ball, you must stop popping out balls and scream for five seconds. If you pop out a white ball, everyone must stop popping out balls and dance like a worm for five seconds. If you pop out a duck, you are disqualified. Also, you must stare lovingly at the Taskmaster throughout the task. Fastest wins.",Live,Chris Ramsey,2,0,0,0
13,5,6,"Live: Pop three red balls out of your hole. You may only pop out one ball at a time. If you pop out a black ball, you must stop popping out balls and scream for five seconds. If you pop out a white ball, everyone must stop popping out balls and dance like a worm for five seconds. If you pop out a duck, you are disqualified. Also, you must stare lovingly at the Taskmaster throughout the task. Fastest wins.",Live,Judi Love,1,0,0,0
13,5,6,"Live: Pop three red balls out of your hole. You may only pop out one ball at a time. If you pop out a black ball, you must stop popping out balls and scream for five seconds. If you pop out a white ball, everyone must stop popping out balls and dance like a worm for five seconds. If you pop out a duck, you are disqualified. Also, you must stare lovingly at the Taskmaster throughout the task. Fastest wins.",Live,Sophie Duker,4,0,0,0
13,6,1,Prize: Most calming item.,Prize,Ardal O'Hanlon,5,0,0,0
13,6,1,Prize: Most calming item.,Prize,Bridget Christie,1,0,0,0
13,6,1,Prize: Most calming item.,Prize,Chris Ramsey,4,0,0,1
13,6,1,Prize: Most calming item.,Prize,Judi Love,2,0,0,0
13,6,1,Prize: Most calming item.,Prize,Sophie Duker,3,0,0,0
13,6,2,Use the cement mixer for something other than mixing cement. Best use of a cement mixer other than mixing cement wins. Your time starts when Alex does an impression of you.,Normal,Ardal O'Hanlon,1,0,0,0
13,6,2,Use the cement mixer for something other than mixing cement. Best use of a cement mixer other than mixing cement wins. Your time starts when Alex does an impression of you.,Normal,Bridget Christie,2,0,0,0
13,6,2,Use the cement mixer for something other than mixing cement. Best use of a cement mixer other than mixing cement wins. Your time starts when Alex does an impression of you.,Normal,Chris Ramsey,5,0,0,1
13,6,2,Use the cement mixer for something other than mixing cement. Best use of a cement mixer other than mixing cement wins. Your time starts when Alex does an impression of you.,Normal,Judi Love,3,0,0,0
13,6,2,Use the cement mixer for something other than mixing cement. Best use of a cement mixer other than mixing cement wins. Your time starts when Alex does an impression of you.,Normal,Sophie Duker,1,0,0,0
13,6,3,Record the highest number on this pedometer.,Normal,Ardal O'Hanlon,2,0,0,0
13,6,3,Record the highest number on this pedometer.,Normal,Bridget Christie,5,0,0,0
13,6,3,Record the highest number on this pedometer.,Normal,Chris Ramsey,4,0,0,1
13,6,3,Record the highest number on this pedometer.,Normal,Judi Love,1,0,0,0
13,6,3,Record the highest number on this pedometer.,Normal,Sophie Duker,3,0,0,0
13,6,4,Hold a meeting with yourselves. There must be eight of you at the meeting. Most dramatic meeting moment wins.,Normal,Ardal O'Hanlon,4,0,0,0
13,6,4,Hold a meeting with yourselves. There must be eight of you at the meeting. Most dramatic meeting moment wins.,Normal,Bridget Christie,1,0,0,0
13,6,4,Hold a meeting with yourselves. There must be eight of you at the meeting. Most dramatic meeting moment wins.,Normal,Chris Ramsey,2,0,0,1
13,6,4,Hold a meeting with yourselves. There must be eight of you at the meeting. Most dramatic meeting moment wins.,Normal,Judi Love,5,0,0,0
13,6,4,Hold a meeting with yourselves. There must be eight of you at the meeting. Most dramatic meeting moment wins.,Normal,Sophie Duker,3,0,0,0
13,6,5,"Live: Correctly guess this person's first name. You must ask a yes or no question on your turn. If you take more than ten seconds to ask your question, you miss a go. The person who guesses correctly wins five points. | Sing ""I've won"" in a low voice and ""this tiebreak"" in a high voice. Greatest vocal range wins.",Live,Ardal O'Hanlon,0,0,0,0
13,6,5,"Live: Correctly guess this person's first name. You must ask a yes or no question on your turn. If you take more than ten seconds to ask your question, you miss a go. The person who guesses correctly wins five points. | Sing ""I've won"" in a low voice and ""this tiebreak"" in a high voice. Greatest vocal range wins.",Live,Bridget Christie,0,0,0,0
13,6,5,"Live: Correctly guess this person's first name. You must ask a yes or no question on your turn. If you take more than ten seconds to ask your question, you miss a go. The person who guesses correctly wins five points. | Sing ""I've won"" in a low voice and ""this tiebreak"" in a high voice. Greatest vocal range wins.",Live,Chris Ramsey,0,0,0,1
13,6,5,"Live: Correctly guess this person's first name. You must ask a yes or no question on your turn. If you take more than ten seconds to ask your question, you miss a go. The person who guesses correctly wins five points. | Sing ""I've won"" in a low voice and ""this tiebreak"" in a high voice. Greatest vocal range wins.",Live,Judi Love,0,0,0,0
13,6,5,"Live: Correctly guess this person's first name. You must ask a yes or no question on your turn. If you take more than ten seconds to ask your question, you miss a go. The person who guesses correctly wins five points. | Sing ""I've won"" in a low voice and ""this tiebreak"" in a high voice. Greatest vocal range wins.",Live,Sophie Duker,5,0,0,0
13,7,1,Prize: Nicest thing to put your finger in.,Prize,Ardal O'Hanlon,5,0,0,0
13,7,1,Prize: Nicest thing to put your finger in.,Prize,Bridget Christie,3,0,0,0
13,7,1,Prize: Nicest thing to put your finger in.,Prize,Chris Ramsey,3,0,0,0
13,7,1,Prize: Nicest thing to put your finger in.,Prize,Judi Love,3,0,0,0
13,7,1,Prize: Nicest thing to put your finger in.,Prize,Sophie Duker,4,0,0,1
13,7,2,Show off. Biggest show-off wins.,Normal,Ardal O'Hanlon,3,0,0,0
13,7,2,Show off. Biggest show-off wins.,Normal,Bridget Christie,2,0,0,0
13,7,2,Show off. Biggest show-off wins.,Normal,Chris Ramsey,5,0,0,0
13,7,2,Show off. Biggest show-off wins.,Normal,Judi Love,4,0,0,0
13,7,2,Show off. Biggest show-off wins.,Normal,Sophie Duker,5,0,0,1
13,7,3,"Team: Deliver a cocktail to Greg. Your cocktail must have the following ingredients: three different liquids shaken and stirred, one piece of fruit, quite a bit of ice. Every ingredient must pass through a head pipe before entering the Taskmaster's glass. Fastest wins.",Live,Ardal O'Hanlon,2,0,0,0
13,7,3,"Team: Deliver a cocktail to Greg. Your cocktail must have the following ingredients: three different liquids shaken and stirred, one piece of fruit, quite a bit of ice. Every ingredient must pass through a head pipe before entering the Taskmaster's glass. Fastest wins.",Live,Bridget Christie,5,0,0,0
13,7,3,"Team: Deliver a cocktail to Greg. Your cocktail must have the following ingredients: three different liquids shaken and stirred, one piece of fruit, quite a bit of ice. Every ingredient must pass through a head pipe before entering the Taskmaster's glass. Fastest wins.",Live,Chris Ramsey,2,0,0,0
13,7,3,"Team: Deliver a cocktail to Greg. Your cocktail must have the following ingredients: three different liquids shaken and stirred, one piece of fruit, quite a bit of ice. Every ingredient must pass through a head pipe before entering the Taskmaster's glass. Fastest wins.",Live,Judi Love,5,0,0,0
13,7,3,"Team: Deliver a cocktail to Greg. Your cocktail must have the following ingredients: three different liquids shaken and stirred, one piece of fruit, quite a bit of ice. Every ingredient must pass through a head pipe before entering the Taskmaster's glass. Fastest wins.",Live,Sophie Duker,5,0,0,1
13,7,4,Sculpt the most beautiful sculpture. Your sculpture must weigh exactly 150g and be entirely edible.,Normal,Ardal O'Hanlon,4,0,0,0
13,7,4,Sculpt the most beautiful sculpture. Your sculpture must weigh exactly 150g and be entirely edible.,Normal,Bridget Christie,5,0,0,0
13,7,4,Sculpt the most beautiful sculpture. Your sculpture must weigh exactly 150g and be entirely edible.,Normal,Chris Ramsey,5,0,0,0
13,7,4,Sculpt the most beautiful sculpture. Your sculpture must weigh exactly 150g and be entirely edible.,Normal,Judi Love,4,0,0,0
13,7,4,Sculpt the most beautiful sculpture. Your sculpture must weigh exactly 150g and be entirely edible.,Normal,Sophie Duker,5,0,0,1
13,7,5,Completely consume your beautiful sculpture. Fastest wins.,Normal,Ardal O'Hanlon,2,0,0,0
13,7,5,Completely consume your beautiful sculpture. Fastest wins.,Normal,Bridget Christie,1,0,0,0
13,7,5,Completely consume your beautiful sculpture. Fastest wins.,Normal,Chris Ramsey,3,0,0,0
13,7,5,Completely consume your beautiful sculpture. Fastest wins.,Normal,Judi Love,5,0,0,0
13,7,5,Completely consume your beautiful sculpture. Fastest wins.,Normal,Sophie Duker,4,0,0,1
13,7,6,"Live: Build the tallest tower of toilet rolls in front of your spot. After 100 seconds, you will throw both of your shoes at the towers one at a time from the throwing spot. Whoever builds the tallest tower will throw first. Tallest toilet roll tower after all shoes are thrown wins.",Live,Ardal O'Hanlon,4,0,0,0
13,7,6,"Live: Build the tallest tower of toilet rolls in front of your spot. After 100 seconds, you will throw both of your shoes at the towers one at a time from the throwing spot. Whoever builds the tallest tower will throw first. Tallest toilet roll tower after all shoes are thrown wins.",Live,Bridget Christie,3,0,0,0
13,7,6,"Live: Build the tallest tower of toilet rolls in front of your spot. After 100 seconds, you will throw both of your shoes at the towers one at a time from the throwing spot. Whoever builds the tallest tower will throw first. Tallest toilet roll tower after all shoes are thrown wins.",Live,Chris Ramsey,1,0,0,0
13,7,6,"Live: Build the tallest tower of toilet rolls in front of your spot. After 100 seconds, you will throw both of your shoes at the towers one at a time from the throwing spot. Whoever builds the tallest tower will throw first. Tallest toilet roll tower after all shoes are thrown wins.",Live,Judi Love,3,0,0,0
13,7,6,"Live: Build the tallest tower of toilet rolls in front of your spot. After 100 seconds, you will throw both of your shoes at the towers one at a time from the throwing spot. Whoever builds the tallest tower will throw first. Tallest toilet roll tower after all shoes are thrown wins.",Live,Sophie Duker,5,0,0,1
13,8,1,Prize: Loveliest thing to hold above your head.,Prize,Ardal O'Hanlon,1,0,0,0
13,8,1,Prize: Loveliest thing to hold above your head.,Prize,Bridget Christie,5,0,0,1
13,8,1,Prize: Loveliest thing to hold above your head.,Prize,Chris Ramsey,3,0,0,0
13,8,1,Prize: Loveliest thing to hold above your head.,Prize,Judi Love,2,0,0,0
13,8,1,Prize: Loveliest thing to hold above your head.,Prize,Sophie Duker,5,0,0,0
13,8,2,"Learn Swedish. You'll have a five-minute conversation with a Swedish person in 15 minutes from now. The phrasebook and tablet must remain in the caravan. Best demonstration of the Swedish language wins. Your time started when you first said ""Swedish"".",Normal,Ardal O'Hanlon,5,0,0,0
13,8,2,"Learn Swedish. You'll have a five-minute conversation with a Swedish person in 15 minutes from now. The phrasebook and tablet must remain in the caravan. Best demonstration of the Swedish language wins. Your time started when you first said ""Swedish"".",Normal,Bridget Christie,4,0,0,1
13,8,2,"Learn Swedish. You'll have a five-minute conversation with a Swedish person in 15 minutes from now. The phrasebook and tablet must remain in the caravan. Best demonstration of the Swedish language wins. Your time started when you first said ""Swedish"".",Normal,Chris Ramsey,1,0,0,0
13,8,2,"Learn Swedish. You'll have a five-minute conversation with a Swedish person in 15 minutes from now. The phrasebook and tablet must remain in the caravan. Best demonstration of the Swedish language wins. Your time started when you first said ""Swedish"".",Normal,Judi Love,2,0,0,0
13,8,2,"Learn Swedish. You'll have a five-minute conversation with a Swedish person in 15 minutes from now. The phrasebook and tablet must remain in the caravan. Best demonstration of the Swedish language wins. Your time started when you first said ""Swedish"".",Normal,Sophie Duker,3,0,0,0
13,8,3,"Stick your tongue out as far as it will go and keep it out until further notice. Every time Alex blows his whistle, you must lick the lemon, then the sherbet, then the ice lolly. Every time Alex honks his horn, you must hold your tongue in front of the fan for five seconds. The tongue that sticks out for the longest time wins.",Normal,Ardal O'Hanlon,2,0,0,0
13,8,3,"Stick your tongue out as far as it will go and keep it out until further notice. Every time Alex blows his whistle, you must lick the lemon, then the sherbet, then the ice lolly. Every time Alex honks his horn, you must hold your tongue in front of the fan for five seconds. The tongue that sticks out for the longest time wins.",Normal,Bridget Christie,3,0,0,1
13,8,3,"Stick your tongue out as far as it will go and keep it out until further notice. Every time Alex blows his whistle, you must lick the lemon, then the sherbet, then the ice lolly. Every time Alex honks his horn, you must hold your tongue in front of the fan for five seconds. The tongue that sticks out for the longest time wins.",Normal,Chris Ramsey,4,0,0,0
13,8,3,"Stick your tongue out as far as it will go and keep it out until further notice. Every time Alex blows his whistle, you must lick the lemon, then the sherbet, then the ice lolly. Every time Alex honks his horn, you must hold your tongue in front of the fan for five seconds. The tongue that sticks out for the longest time wins.",Normal,Judi Love,1,0,0,0
13,8,3,"Stick your tongue out as far as it will go and keep it out until further notice. Every time Alex blows his whistle, you must lick the lemon, then the sherbet, then the ice lolly. Every time Alex honks his horn, you must hold your tongue in front of the fan for five seconds. The tongue that sticks out for the longest time wins.",Normal,Sophie Duker,5,0,0,0
13,8,4,Walk through this doorway wearing the longest shoes and the biggest hat. You must open the door and walk through this doorway wearing your long shoes and big hat within the next 20 minutes.,Normal,Ardal O'Hanlon,4,0,0,0
13,8,4,Walk through this doorway wearing the longest shoes and the biggest hat. You must open the door and walk through this doorway wearing your long shoes and big hat within the next 20 minutes.,Normal,Bridget Christie,5,0,0,1
13,8,4,Walk through this doorway wearing the longest shoes and the biggest hat. You must open the door and walk through this doorway wearing your long shoes and big hat within the next 20 minutes.,Normal,Chris Ramsey,1,0,0,0
13,8,4,Walk through this doorway wearing the longest shoes and the biggest hat. You must open the door and walk through this doorway wearing your long shoes and big hat within the next 20 minutes.,Normal,Judi Love,2,0,0,0
13,8,4,Walk through this doorway wearing the longest shoes and the biggest hat. You must open the door and walk through this doorway wearing your long shoes and big hat within the next 20 minutes.,Normal,Sophie Duker,3,0,0,0
13,8,5,Bonus: Most stylish.,Normal,Ardal O'Hanlon,1,0,0,0
13,8,5,Bonus: Most stylish.,Normal,Bridget Christie,0,0,0,1
13,8,5,Bonus: Most stylish.,Normal,Chris Ramsey,0,0,0,0
13,8,5,Bonus: Most stylish.,Normal,Judi Love,0,0,0,0
13,8,5,Bonus: Most stylish.,Normal,Sophie Duker,0,0,0,0
13,8,6,"Team Live: Write down five things that fit the category given by the Taskmaster. Your team will receive a point if both player write down the same thing. If someone from the other team writes the same word as you, that word must be wiped from the boards. The team with the most points wins. You have 30 seconds to write your things and must be silent and still throughout.",Live,Ardal O'Hanlon,5,0,0,0
13,8,6,"Team Live: Write down five things that fit the category given by the Taskmaster. Your team will receive a point if both player write down the same thing. If someone from the other team writes the same word as you, that word must be wiped from the boards. The team with the most points wins. You have 30 seconds to write your things and must be silent and still throughout.",Live,Bridget Christie,3,0,0,1
13,8,6,"Team Live: Write down five things that fit the category given by the Taskmaster. Your team will receive a point if both player write down the same thing. If someone from the other team writes the same word as you, that word must be wiped from the boards. The team with the most points wins. You have 30 seconds to write your things and must be silent and still throughout.",Live,Chris Ramsey,5,0,0,0
13,8,6,"Team Live: Write down five things that fit the category given by the Taskmaster. Your team will receive a point if both player write down the same thing. If someone from the other team writes the same word as you, that word must be wiped from the boards. The team with the most points wins. You have 30 seconds to write your things and must be silent and still throughout.",Live,Judi Love,3,0,0,0
13,8,6,"Team Live: Write down five things that fit the category given by the Taskmaster. Your team will receive a point if both player write down the same thing. If someone from the other team writes the same word as you, that word must be wiped from the boards. The team with the most points wins. You have 30 seconds to write your things and must be silent and still throughout.",Live,Sophie Duker,3,0,0,0
13,9,1,Prize: Best object with a handle.,Prize,Ardal O'Hanlon,5,0,0,0
13,9,1,Prize: Best object with a handle.,Prize,Bridget Christie,2,0,0,0
13,9,1,Prize: Best object with a handle.,Prize,Chris Ramsey,1,0,0,1
13,9,1,Prize: Best object with a handle.,Prize,Judi Love,4,0,0,0
13,9,1,Prize: Best object with a handle.,Prize,Sophie Duker,3,0,0,0
13,9,2,Get the most surprising thing delivered to the Taskmaster house.,Live,Ardal O'Hanlon,2,0,0,0
13,9,2,Get the most surprising thing delivered to the Taskmaster house.,Live,Bridget Christie,4,0,0,0
13,9,2,Get the most surprising thing delivered to the Taskmaster house.,Live,Chris Ramsey,5,0,0,1
13,9,2,Get the most surprising thing delivered to the Taskmaster house.,Live,Judi Love,4,0,0,0
13,9,2,Get the most surprising thing delivered to the Taskmaster house.,Live,Sophie Duker,2,0,0,0
13,9,3,Make the longest cup snake and lie down next to it outside this building. You may only leave the building twice.,Normal,Ardal O'Hanlon,2,0,0,0
13,9,3,Make the longest cup snake and lie down next to it outside this building. You may only leave the building twice.,Normal,Bridget Christie,1,0,0,0
13,9,3,Make the longest cup snake and lie down next to it outside this building. You may only leave the building twice.,Normal,Chris Ramsey,4,0,0,1
13,9,3,Make the longest cup snake and lie down next to it outside this building. You may only leave the building twice.,Normal,Judi Love,5,0,0,0
13,9,3,Make the longest cup snake and lie down next to it outside this building. You may only leave the building twice.,Normal,Sophie Duker,3,0,0,0
13,9,4,Poke a part of your body out of the shower curtain and waggle it about for 10 seconds. The Taskmaster will guess what part of the body it is. Biggest part of the body that the Taskmaster incorrectly identifies wins.,Normal,Ardal O'Hanlon,0,0,0,0
13,9,4,Poke a part of your body out of the shower curtain and waggle it about for 10 seconds. The Taskmaster will guess what part of the body it is. Biggest part of the body that the Taskmaster incorrectly identifies wins.,Normal,Bridget Christie,0,0,0,0
13,9,4,Poke a part of your body out of the shower curtain and waggle it about for 10 seconds. The Taskmaster will guess what part of the body it is. Biggest part of the body that the Taskmaster incorrectly identifies wins.,Normal,Chris Ramsey,5,0,0,1
13,9,4,Poke a part of your body out of the shower curtain and waggle it about for 10 seconds. The Taskmaster will guess what part of the body it is. Biggest part of the body that the Taskmaster incorrectly identifies wins.,Normal,Judi Love,4,0,0,0
13,9,4,Poke a part of your body out of the shower curtain and waggle it about for 10 seconds. The Taskmaster will guess what part of the body it is. Biggest part of the body that the Taskmaster incorrectly identifies wins.,Normal,Sophie Duker,5,0,0,0
13,9,5,"Live: Write down how many tin cans you think can fit in your bag. The highest predicted number fitted in a zipped-up bag within one minute wins. If you don't zip up your bag or fit your predicted number of tin cans in your bag, you will be disqualified.",Live,Ardal O'Hanlon,5,0,0,0
13,9,5,"Live: Write down how many tin cans you think can fit in your bag. The highest predicted number fitted in a zipped-up bag within one minute wins. If you don't zip up your bag or fit your predicted number of tin cans in your bag, you will be disqualified.",Live,Bridget Christie,0,1,0,0
13,9,5,"Live: Write down how many tin cans you think can fit in your bag. The highest predicted number fitted in a zipped-up bag within one minute wins. If you don't zip up your bag or fit your predicted number of tin cans in your bag, you will be disqualified.",Live,Chris Ramsey,4,0,0,1
13,9,5,"Live: Write down how many tin cans you think can fit in your bag. The highest predicted number fitted in a zipped-up bag within one minute wins. If you don't zip up your bag or fit your predicted number of tin cans in your bag, you will be disqualified.",Live,Judi Love,0,1,0,0
13,9,5,"Live: Write down how many tin cans you think can fit in your bag. The highest predicted number fitted in a zipped-up bag within one minute wins. If you don't zip up your bag or fit your predicted number of tin cans in your bag, you will be disqualified.",Live,Sophie Duker,0,1,0,0
13,10,1,Prize: Finest family heirloom.,Prize,Ardal O'Hanlon,4,0,0,0
13,10,1,Prize: Finest family heirloom.,Prize,Bridget Christie,5,0,0,0
13,10,1,Prize: Finest family heirloom.,Prize,Chris Ramsey,4,0,0,0
13,10,1,Prize: Finest family heirloom.,Prize,Judi Love,2,0,0,0
13,10,1,Prize: Finest family heirloom.,Prize,Sophie Duker,4,0,0,1
13,10,2,Identify the liquids. Most accurately identified liquids wins.,Normal,Ardal O'Hanlon,4,0,0,0
13,10,2,Identify the liquids. Most accurately identified liquids wins.,Normal,Bridget Christie,3,0,0,0
13,10,2,Identify the liquids. Most accurately identified liquids wins.,Normal,Chris Ramsey,4,0,0,0
13,10,2,Identify the liquids. Most accurately identified liquids wins.,Normal,Judi Love,4,0,0,0
13,10,2,Identify the liquids. Most accurately identified liquids wins.,Normal,Sophie Duker,5,0,0,1
13,10,3,"Get the most ducks in Alex's basket. You may only hold one duck at a time. If Alex rings his backwards bell, you must walk backwards until he honks his forwards horn. Alex will pedal as fast as he can unless you say one of the magic words. If you say a magic word, Alex will rest for 10 seconds. All the magic words are single-use magic words.",Normal,Ardal O'Hanlon,3,0,0,0
13,10,3,"Get the most ducks in Alex's basket. You may only hold one duck at a time. If Alex rings his backwards bell, you must walk backwards until he honks his forwards horn. Alex will pedal as fast as he can unless you say one of the magic words. If you say a magic word, Alex will rest for 10 seconds. All the magic words are single-use magic words.",Normal,Bridget Christie,0,1,0,0
13,10,3,"Get the most ducks in Alex's basket. You may only hold one duck at a time. If Alex rings his backwards bell, you must walk backwards until he honks his forwards horn. Alex will pedal as fast as he can unless you say one of the magic words. If you say a magic word, Alex will rest for 10 seconds. All the magic words are single-use magic words.",Normal,Chris Ramsey,5,0,0,0
13,10,3,"Get the most ducks in Alex's basket. You may only hold one duck at a time. If Alex rings his backwards bell, you must walk backwards until he honks his forwards horn. Alex will pedal as fast as he can unless you say one of the magic words. If you say a magic word, Alex will rest for 10 seconds. All the magic words are single-use magic words.",Normal,Judi Love,0,1,0,0
13,10,3,"Get the most ducks in Alex's basket. You may only hold one duck at a time. If Alex rings his backwards bell, you must walk backwards until he honks his forwards horn. Alex will pedal as fast as he can unless you say one of the magic words. If you say a magic word, Alex will rest for 10 seconds. All the magic words are single-use magic words.",Normal,Sophie Duker,4,0,0,1
13,10,4,Team: Record the best multi-track song about your team. You must record all six tracks with your voice or body and each person must record the same number of tracks. Most powerful multi-track song wins.,Team,Ardal O'Hanlon,3,0,0,0
13,10,4,Team: Record the best multi-track song about your team. You must record all six tracks with your voice or body and each person must record the same number of tracks. Most powerful multi-track song wins.,Team,Bridget Christie,5,0,0,0
13,10,4,Team: Record the best multi-track song about your team. You must record all six tracks with your voice or body and each person must record the same number of tracks. Most powerful multi-track song wins.,Team,Chris Ramsey,3,0,0,0
13,10,4,Team: Record the best multi-track song about your team. You must record all six tracks with your voice or body and each person must record the same number of tracks. Most powerful multi-track song wins.,Team,Judi Love,5,0,0,0
13,10,4,Team: Record the best multi-track song about your team. You must record all six tracks with your voice or body and each person must record the same number of tracks. Most powerful multi-track song wins.,Team,Sophie Duker,5,0,0,1
13,10,5,Live: Draw a life-size self-portrait. Your nose must be poking through your nose hole at all times. Most accurate self-portrait wins.,Live,Ardal O'Hanlon,1,0,0,0
13,10,5,Live: Draw a life-size self-portrait. Your nose must be poking through your nose hole at all times. Most accurate self-portrait wins.,Live,Bridget Christie,5,0,0,0
13,10,5,Live: Draw a life-size self-portrait. Your nose must be poking through your nose hole at all times. Most accurate self-portrait wins.,Live,Chris Ramsey,5,0,0,0
13,10,5,Live: Draw a life-size self-portrait. Your nose must be poking through your nose hole at all times. Most accurate self-portrait wins.,Live,Judi Love,2,0,0,0
13,10,5,Live: Draw a life-size self-portrait. Your nose must be poking through your nose hole at all times. Most accurate self-portrait wins.,Live,Sophie Duker,4,0,0,1
14,1,1,Prize: Most jaw-dropping item.,Prize,Dara Ó Briain,4,0,0,0
14,1,1,Prize: Most jaw-dropping item.,Prize,Fern Brady,5,0,0,0
14,1,1,Prize: Most jaw-dropping item.,Prize,John Kearns,1,0,0,0
14,1,1,Prize: Most jaw-dropping item.,Prize,Munya Chawawa,2,0,0,0
14,1,1,Prize: Most jaw-dropping item.,Prize,Sarah Millican,4,0,0,1
14,1,2,What 10 films are you in?,Normal,Dara Ó Briain,1,0,0,0
14,1,2,What 10 films are you in?,Normal,Fern Brady,3,0,0,0
14,1,2,What 10 films are you in?,Normal,John Kearns,2,0,0,0
14,1,2,What 10 films are you in?,Normal,Munya Chawawa,5,0,0,0
14,1,2,What 10 films are you in?,Normal,Sarah Millican,4,0,0,1
14,1,3,Land loo roll in the loo. You must stay on the spot at all times.,Normal,Dara Ó Briain,5,0,0,0
14,1,3,Land loo roll in the loo. You must stay on the spot at all times.,Normal,Fern Brady,4,0,0,0
14,1,3,Land loo roll in the loo. You must stay on the spot at all times.,Normal,John Kearns,1,0,0,0
14,1,3,Land loo roll in the loo. You must stay on the spot at all times.,Normal,Munya Chawawa,2,0,0,0
14,1,3,Land loo roll in the loo. You must stay on the spot at all times.,Normal,Sarah Millican,3,0,0,1
14,1,4,Team: Create the best picture of a bird on the black square. You may not step on or do anything to the black square. Alex will walk towards you every time you name a different bird. Alex will stop moving every time you name a different fish.,Team,Dara Ó Briain,2,0,0,0
14,1,4,Team: Create the best picture of a bird on the black square. You may not step on or do anything to the black square. Alex will walk towards you every time you name a different bird. Alex will stop moving every time you name a different fish.,Team,Fern Brady,2,0,0,0
14,1,4,Team: Create the best picture of a bird on the black square. You may not step on or do anything to the black square. Alex will walk towards you every time you name a different bird. Alex will stop moving every time you name a different fish.,Team,John Kearns,2,0,0,0
14,1,4,Team: Create the best picture of a bird on the black square. You may not step on or do anything to the black square. Alex will walk towards you every time you name a different bird. Alex will stop moving every time you name a different fish.,Team,Munya Chawawa,5,0,0,0
14,1,4,Team: Create the best picture of a bird on the black square. You may not step on or do anything to the black square. Alex will walk towards you every time you name a different bird. Alex will stop moving every time you name a different fish.,Team,Sarah Millican,5,0,0,1
14,1,5,"Live: Get the most weight on the seesaw without popping the balloon. Taking it in turns, you must place a single item of your additional clothing in the triangular basket. If you pop the balloon, you get zero points.",Live,Dara Ó Briain,5,0,0,0
14,1,5,"Live: Get the most weight on the seesaw without popping the balloon. Taking it in turns, you must place a single item of your additional clothing in the triangular basket. If you pop the balloon, you get zero points.",Live,Fern Brady,3,0,0,0
14,1,5,"Live: Get the most weight on the seesaw without popping the balloon. Taking it in turns, you must place a single item of your additional clothing in the triangular basket. If you pop the balloon, you get zero points.",Live,John Kearns,5,0,0,0
14,1,5,"Live: Get the most weight on the seesaw without popping the balloon. Taking it in turns, you must place a single item of your additional clothing in the triangular basket. If you pop the balloon, you get zero points.",Live,Munya Chawawa,0,0,0,0
14,1,5,"Live: Get the most weight on the seesaw without popping the balloon. Taking it in turns, you must place a single item of your additional clothing in the triangular basket. If you pop the balloon, you get zero points.",Live,Sarah Millican,2,0,0,1
14,2,1,Prize: Best thing you nearly keep throwing away but can't quite bring yourself to.,Prize,Dara Ó Briain,5,0,0,1
14,2,1,Prize: Best thing you nearly keep throwing away but can't quite bring yourself to.,Prize,Fern Brady,3,0,0,0
14,2,1,Prize: Best thing you nearly keep throwing away but can't quite bring yourself to.,Prize,John Kearns,1,0,0,0
14,2,1,Prize: Best thing you nearly keep throwing away but can't quite bring yourself to.,Prize,Munya Chawawa,4,0,0,0
14,2,1,Prize: Best thing you nearly keep throwing away but can't quite bring yourself to.,Prize,Sarah Millican,3,0,0,0
14,2,2,"Print, laminate and distribute the most signs. Each of your signs must be placed on a different seat and all your signs must have a different instruction.",Normal,Dara Ó Briain,5,0,0,1
14,2,2,"Print, laminate and distribute the most signs. Each of your signs must be placed on a different seat and all your signs must have a different instruction.",Normal,Fern Brady,4,0,0,0
14,2,2,"Print, laminate and distribute the most signs. Each of your signs must be placed on a different seat and all your signs must have a different instruction.",Normal,John Kearns,1,0,0,0
14,2,2,"Print, laminate and distribute the most signs. Each of your signs must be placed on a different seat and all your signs must have a different instruction.",Normal,Munya Chawawa,2,0,0,0
14,2,2,"Print, laminate and distribute the most signs. Each of your signs must be placed on a different seat and all your signs must have a different instruction.",Normal,Sarah Millican,3,0,0,0
14,2,3,Obey all your signs.,Normal,Dara Ó Briain,5,0,0,1
14,2,3,Obey all your signs.,Normal,Fern Brady,2,0,0,0
14,2,3,Obey all your signs.,Normal,John Kearns,1,0,0,0
14,2,3,Obey all your signs.,Normal,Munya Chawawa,5,0,0,0
14,2,3,Obey all your signs.,Normal,Sarah Millican,3,0,0,0
14,2,4,Put five grapes in the little bowl. You must wear the flippers as gloves for the entire five minutes.,Normal,Dara Ó Briain,5,0,0,1
14,2,4,Put five grapes in the little bowl. You must wear the flippers as gloves for the entire five minutes.,Normal,Fern Brady,0,0,0,0
14,2,4,Put five grapes in the little bowl. You must wear the flippers as gloves for the entire five minutes.,Normal,John Kearns,3,0,0,0
14,2,4,Put five grapes in the little bowl. You must wear the flippers as gloves for the entire five minutes.,Normal,Munya Chawawa,4,0,0,0
14,2,4,Put five grapes in the little bowl. You must wear the flippers as gloves for the entire five minutes.,Normal,Sarah Millican,2,0,0,0
14,2,5,"Sort the ducks and socks. Ducks go in the front bucket. Socks go in the back bucket. All ducks and socks must travel along both treadmills then fall directly into the correct bucket. If a duck or sock lands on the floor, you may not retrieve it.",Normal,Dara Ó Briain,5,0,0,1
14,2,5,"Sort the ducks and socks. Ducks go in the front bucket. Socks go in the back bucket. All ducks and socks must travel along both treadmills then fall directly into the correct bucket. If a duck or sock lands on the floor, you may not retrieve it.",Normal,Fern Brady,2,0,0,0
14,2,5,"Sort the ducks and socks. Ducks go in the front bucket. Socks go in the back bucket. All ducks and socks must travel along both treadmills then fall directly into the correct bucket. If a duck or sock lands on the floor, you may not retrieve it.",Normal,John Kearns,1,0,0,0
14,2,5,"Sort the ducks and socks. Ducks go in the front bucket. Socks go in the back bucket. All ducks and socks must travel along both treadmills then fall directly into the correct bucket. If a duck or sock lands on the floor, you may not retrieve it.",Normal,Munya Chawawa,4,0,0,0
14,2,5,"Sort the ducks and socks. Ducks go in the front bucket. Socks go in the back bucket. All ducks and socks must travel along both treadmills then fall directly into the correct bucket. If a duck or sock lands on the floor, you may not retrieve it.",Normal,Sarah Millican,3,0,0,0
14,2,6,Bonus: Most correctly paired socks.,Normal,Dara Ó Briain,2,0,0,1
14,2,6,Bonus: Most correctly paired socks.,Normal,Fern Brady,0,0,0,0
14,2,6,Bonus: Most correctly paired socks.,Normal,John Kearns,0,0,0,0
14,2,6,Bonus: Most correctly paired socks.,Normal,Munya Chawawa,0,0,0,0
14,2,6,Bonus: Most correctly paired socks.,Normal,Sarah Millican,0,0,0,0
14,2,7,"Team Live: Make the Taskmaster say your words. Each team will ask one question at a time and each question must be made up of exactly six words. Also, each team member must take it in turns to say two words of each question.",Live,Dara Ó Briain,3,0,0,1
14,2,7,"Team Live: Make the Taskmaster say your words. Each team will ask one question at a time and each question must be made up of exactly six words. Also, each team member must take it in turns to say two words of each question.",Live,Fern Brady,3,0,0,0
14,2,7,"Team Live: Make the Taskmaster say your words. Each team will ask one question at a time and each question must be made up of exactly six words. Also, each team member must take it in turns to say two words of each question.",Live,John Kearns,3,0,0,0
14,2,7,"Team Live: Make the Taskmaster say your words. Each team will ask one question at a time and each question must be made up of exactly six words. Also, each team member must take it in turns to say two words of each question.",Live,Munya Chawawa,2,0,0,0
14,2,7,"Team Live: Make the Taskmaster say your words. Each team will ask one question at a time and each question must be made up of exactly six words. Also, each team member must take it in turns to say two words of each question.",Live,Sarah Millican,2,0,0,0
14,3,1,Prize: The thing that you most want on a Sunday morning.,Prize,Dara Ó Briain,4,0,0,0
14,3,1,Prize: The thing that you most want on a Sunday morning.,Prize,Fern Brady,3,0,0,0
14,3,1,Prize: The thing that you most want on a Sunday morning.,Prize,John Kearns,5,0,0,1
14,3,1,Prize: The thing that you most want on a Sunday morning.,Prize,Munya Chawawa,1,0,0,0
14,3,1,Prize: The thing that you most want on a Sunday morning.,Prize,Sarah Millican,2,0,0,0
14,3,2,"Team: Place half your hands on half your hips and leave them there until the second part of the task is over. Also, the hands that are on hips must only touch those hips until the second part of the task is over. | Team: With your hands on those hips at all times, put the most sand in the shopping trolley. You may only move the shopping trolley when there is one minute left on the clock.",Team,Dara Ó Briain,0,0,0,0
14,3,2,"Team: Place half your hands on half your hips and leave them there until the second part of the task is over. Also, the hands that are on hips must only touch those hips until the second part of the task is over. | Team: With your hands on those hips at all times, put the most sand in the shopping trolley. You may only move the shopping trolley when there is one minute left on the clock.",Team,Fern Brady,0,0,0,0
14,3,2,"Team: Place half your hands on half your hips and leave them there until the second part of the task is over. Also, the hands that are on hips must only touch those hips until the second part of the task is over. | Team: With your hands on those hips at all times, put the most sand in the shopping trolley. You may only move the shopping trolley when there is one minute left on the clock.",Team,John Kearns,0,0,0,1
14,3,2,"Team: Place half your hands on half your hips and leave them there until the second part of the task is over. Also, the hands that are on hips must only touch those hips until the second part of the task is over. | Team: With your hands on those hips at all times, put the most sand in the shopping trolley. You may only move the shopping trolley when there is one minute left on the clock.",Team,Munya Chawawa,5,0,0,0
14,3,2,"Team: Place half your hands on half your hips and leave them there until the second part of the task is over. Also, the hands that are on hips must only touch those hips until the second part of the task is over. | Team: With your hands on those hips at all times, put the most sand in the shopping trolley. You may only move the shopping trolley when there is one minute left on the clock.",Team,Sarah Millican,5,0,0,0
14,3,3,"Sabotage your team in the next task. If your team loses the task, you win five points. If your team wins the task, you win zero points. If your team accuses you of sabotaging the task, you win zero points.",Team,Dara Ó Briain,0,0,0,0
14,3,3,"Sabotage your team in the next task. If your team loses the task, you win five points. If your team wins the task, you win zero points. If your team accuses you of sabotaging the task, you win zero points.",Team,Fern Brady,0,0,0,0
14,3,3,"Sabotage your team in the next task. If your team loses the task, you win five points. If your team wins the task, you win zero points. If your team accuses you of sabotaging the task, you win zero points.",Team,John Kearns,5,0,0,1
14,3,3,"Sabotage your team in the next task. If your team loses the task, you win five points. If your team wins the task, you win zero points. If your team accuses you of sabotaging the task, you win zero points.",Team,Munya Chawawa,0,0,0,0
14,3,3,"Sabotage your team in the next task. If your team loses the task, you win five points. If your team wins the task, you win zero points. If your team accuses you of sabotaging the task, you win zero points.",Team,Sarah Millican,0,0,0,0
14,3,4,Identify the ice cream flavours. You must find every flavour delicious.,Normal,Dara Ó Briain,5,0,0,0
14,3,4,Identify the ice cream flavours. You must find every flavour delicious.,Normal,Fern Brady,4,0,0,0
14,3,4,Identify the ice cream flavours. You must find every flavour delicious.,Normal,John Kearns,4,0,0,1
14,3,4,Identify the ice cream flavours. You must find every flavour delicious.,Normal,Munya Chawawa,1,0,0,0
14,3,4,Identify the ice cream flavours. You must find every flavour delicious.,Normal,Sarah Millican,2,0,0,0
14,3,5,Catch something.,Normal,Dara Ó Briain,5,0,0,0
14,3,5,Catch something.,Normal,Fern Brady,4,0,0,0
14,3,5,Catch something.,Normal,John Kearns,2,0,0,1
14,3,5,Catch something.,Normal,Munya Chawawa,1,0,0,0
14,3,5,Catch something.,Normal,Sarah Millican,3,0,0,0
14,3,6,"Live: Predict whether an item will create a higher or lower number of decibels than the previous item. If you are wrong, you are out.",Live,Dara Ó Briain,3,0,0,0
14,3,6,"Live: Predict whether an item will create a higher or lower number of decibels than the previous item. If you are wrong, you are out.",Live,Fern Brady,3,0,0,0
14,3,6,"Live: Predict whether an item will create a higher or lower number of decibels than the previous item. If you are wrong, you are out.",Live,John Kearns,4,0,0,1
14,3,6,"Live: Predict whether an item will create a higher or lower number of decibels than the previous item. If you are wrong, you are out.",Live,Munya Chawawa,3,0,0,0
14,3,6,"Live: Predict whether an item will create a higher or lower number of decibels than the previous item. If you are wrong, you are out.",Live,Sarah Millican,5,0,0,0
14,4,1,Prize: Greatest addition to a garden.,Prize,Dara Ó Briain,4,0,0,0
14,4,1,Prize: Greatest addition to a garden.,Prize,Fern Brady,1,0,0,0
14,4,1,Prize: Greatest addition to a garden.,Prize,John Kearns,3,0,0,0
14,4,1,Prize: Greatest addition to a garden.,Prize,Munya Chawawa,2,0,0,0
14,4,1,Prize: Greatest addition to a garden.,Prize,Sarah Millican,5,0,0,1
14,4,2,Turn on the bubble machine. You may not step off or move the doormat.,Normal,Dara Ó Briain,4,0,0,0
14,4,2,Turn on the bubble machine. You may not step off or move the doormat.,Normal,Fern Brady,3,0,0,0
14,4,2,Turn on the bubble machine. You may not step off or move the doormat.,Normal,John Kearns,2,0,0,0
14,4,2,Turn on the bubble machine. You may not step off or move the doormat.,Normal,Munya Chawawa,1,0,0,0
14,4,2,Turn on the bubble machine. You may not step off or move the doormat.,Normal,Sarah Millican,5,0,0,1
14,4,3,"Get this tarpaulin completely in one of the containers. You have a maximum of five minutes and you must select your container before you touch the tarpaulin. Also, you must tidy everything up within those five minutes.",Normal,Dara Ó Briain,4,0,0,0
14,4,3,"Get this tarpaulin completely in one of the containers. You have a maximum of five minutes and you must select your container before you touch the tarpaulin. Also, you must tidy everything up within those five minutes.",Normal,Fern Brady,3,0,0,0
14,4,3,"Get this tarpaulin completely in one of the containers. You have a maximum of five minutes and you must select your container before you touch the tarpaulin. Also, you must tidy everything up within those five minutes.",Normal,John Kearns,2,0,0,0
14,4,3,"Get this tarpaulin completely in one of the containers. You have a maximum of five minutes and you must select your container before you touch the tarpaulin. Also, you must tidy everything up within those five minutes.",Normal,Munya Chawawa,1,0,0,0
14,4,3,"Get this tarpaulin completely in one of the containers. You have a maximum of five minutes and you must select your container before you touch the tarpaulin. Also, you must tidy everything up within those five minutes.",Normal,Sarah Millican,5,0,0,1
14,4,4,Write down five wonderful words. | Write a classic song. You must write lyrics for a piece of classical music. Your lyrics must contain your five wonderful words.,Normal,Dara Ó Briain,2,0,0,0
14,4,4,Write down five wonderful words. | Write a classic song. You must write lyrics for a piece of classical music. Your lyrics must contain your five wonderful words.,Normal,Fern Brady,4,0,0,0
14,4,4,Write down five wonderful words. | Write a classic song. You must write lyrics for a piece of classical music. Your lyrics must contain your five wonderful words.,Normal,John Kearns,4,0,0,0
14,4,4,Write down five wonderful words. | Write a classic song. You must write lyrics for a piece of classical music. Your lyrics must contain your five wonderful words.,Normal,Munya Chawawa,2,0,0,0
14,4,4,Write down five wonderful words. | Write a classic song. You must write lyrics for a piece of classical music. Your lyrics must contain your five wonderful words.,Normal,Sarah Millican,5,0,0,1
14,4,5,"Live: Throw your egg and your spoon the same distance. Both egg and spoon must cross the qualifying line. If either your egg or your spoon fall off the Knappett, you are disqualified. The most distanced egg and spoon each round are out. If your egg doesn't break, your distance is halved.",Live,Dara Ó Briain,5,0,0,0
14,4,5,"Live: Throw your egg and your spoon the same distance. Both egg and spoon must cross the qualifying line. If either your egg or your spoon fall off the Knappett, you are disqualified. The most distanced egg and spoon each round are out. If your egg doesn't break, your distance is halved.",Live,Fern Brady,4,0,0,0
14,4,5,"Live: Throw your egg and your spoon the same distance. Both egg and spoon must cross the qualifying line. If either your egg or your spoon fall off the Knappett, you are disqualified. The most distanced egg and spoon each round are out. If your egg doesn't break, your distance is halved.",Live,John Kearns,1,0,0,0
14,4,5,"Live: Throw your egg and your spoon the same distance. Both egg and spoon must cross the qualifying line. If either your egg or your spoon fall off the Knappett, you are disqualified. The most distanced egg and spoon each round are out. If your egg doesn't break, your distance is halved.",Live,Munya Chawawa,3,0,0,0
14,4,5,"Live: Throw your egg and your spoon the same distance. Both egg and spoon must cross the qualifying line. If either your egg or your spoon fall off the Knappett, you are disqualified. The most distanced egg and spoon each round are out. If your egg doesn't break, your distance is halved.",Live,Sarah Millican,2,0,0,1
14,5,1,Prize: Most useless thing that you've bought that costs over £20.,Prize,Dara Ó Briain,4,0,0,0
14,5,1,Prize: Most useless thing that you've bought that costs over £20.,Prize,Fern Brady,3,0,0,0
14,5,1,Prize: Most useless thing that you've bought that costs over £20.,Prize,John Kearns,5,0,0,1
14,5,1,Prize: Most useless thing that you've bought that costs over £20.,Prize,Munya Chawawa,3,0,0,0
14,5,1,Prize: Most useless thing that you've bought that costs over £20.,Prize,Sarah Millican,2,0,0,0
14,5,2,Get the most pleasure from all of these rubber chutes.,Normal,Dara Ó Briain,2,0,0,0
14,5,2,Get the most pleasure from all of these rubber chutes.,Normal,Fern Brady,5,0,0,0
14,5,2,Get the most pleasure from all of these rubber chutes.,Normal,John Kearns,3,0,0,1
14,5,2,Get the most pleasure from all of these rubber chutes.,Normal,Munya Chawawa,4,0,0,0
14,5,2,Get the most pleasure from all of these rubber chutes.,Normal,Sarah Millican,4,0,0,0
14,5,3,Team: Perform the best routine to this musical backing.,Team,Dara Ó Briain,5,0,0,0
14,5,3,Team: Perform the best routine to this musical backing.,Team,Fern Brady,5,0,0,0
14,5,3,Team: Perform the best routine to this musical backing.,Team,John Kearns,5,0,0,1
14,5,3,Team: Perform the best routine to this musical backing.,Team,Munya Chawawa,4,0,0,0
14,5,3,Team: Perform the best routine to this musical backing.,Team,Sarah Millican,4,0,0,0
14,5,4,"Place one luggage trolley a certain distance away from the line. Then, starting behind the line, strike that trolley with another luggage trolley. If you strike the first luggage trolley with another luggage trolley, you may move the first luggage trolley further away. You may not move any unsuccessful luggage trolleys.",Normal,Dara Ó Briain,3,0,0,0
14,5,4,"Place one luggage trolley a certain distance away from the line. Then, starting behind the line, strike that trolley with another luggage trolley. If you strike the first luggage trolley with another luggage trolley, you may move the first luggage trolley further away. You may not move any unsuccessful luggage trolleys.",Normal,Fern Brady,1,0,0,0
14,5,4,"Place one luggage trolley a certain distance away from the line. Then, starting behind the line, strike that trolley with another luggage trolley. If you strike the first luggage trolley with another luggage trolley, you may move the first luggage trolley further away. You may not move any unsuccessful luggage trolleys.",Normal,John Kearns,5,0,0,1
14,5,4,"Place one luggage trolley a certain distance away from the line. Then, starting behind the line, strike that trolley with another luggage trolley. If you strike the first luggage trolley with another luggage trolley, you may move the first luggage trolley further away. You may not move any unsuccessful luggage trolleys.",Normal,Munya Chawawa,4,0,0,0
14,5,4,"Place one luggage trolley a certain distance away from the line. Then, starting behind the line, strike that trolley with another luggage trolley. If you strike the first luggage trolley with another luggage trolley, you may move the first luggage trolley further away. You may not move any unsuccessful luggage trolleys.",Normal,Sarah Millican,2,0,0,0
14,5,5,Team Live: One member of your team must write down 10 animals in two minutes. | Team Live: Communicate the other team's animals to your team members by saying the letter that comes before it in the alphabet over and over whilst doing an impression of that animal.,Live,Dara Ó Briain,5,0,0,0
14,5,5,Team Live: One member of your team must write down 10 animals in two minutes. | Team Live: Communicate the other team's animals to your team members by saying the letter that comes before it in the alphabet over and over whilst doing an impression of that animal.,Live,Fern Brady,5,0,0,0
14,5,5,Team Live: One member of your team must write down 10 animals in two minutes. | Team Live: Communicate the other team's animals to your team members by saying the letter that comes before it in the alphabet over and over whilst doing an impression of that animal.,Live,John Kearns,5,0,0,1
14,5,5,Team Live: One member of your team must write down 10 animals in two minutes. | Team Live: Communicate the other team's animals to your team members by saying the letter that comes before it in the alphabet over and over whilst doing an impression of that animal.,Live,Munya Chawawa,5,0,0,0
14,5,5,Team Live: One member of your team must write down 10 animals in two minutes. | Team Live: Communicate the other team's animals to your team members by saying the letter that comes before it in the alphabet over and over whilst doing an impression of that animal.,Live,Sarah Millican,5,0,0,0
14,6,1,Prize: Best thing you've ever received in the post.,Prize,Dara Ó Briain,2,0,0,0
14,6,1,Prize: Best thing you've ever received in the post.,Prize,Fern Brady,1,0,0,0
14,6,1,Prize: Best thing you've ever received in the post.,Prize,John Kearns,3,0,0,0
14,6,1,Prize: Best thing you've ever received in the post.,Prize,Munya Chawawa,4,0,0,0
14,6,1,Prize: Best thing you've ever received in the post.,Prize,Sarah Millican,5,0,0,1
14,6,2,"Within 30 seconds of opening this task, you must pick up both milk bottles and hold them directly above the microwaves. The clock stops when a milk bottle, hand or arm touches a microwave or is no longer directly above a microwave. Lowest number on the clock wins, but if the clock reaches zero, you are disqualified.",Normal,Dara Ó Briain,1,0,0,0
14,6,2,"Within 30 seconds of opening this task, you must pick up both milk bottles and hold them directly above the microwaves. The clock stops when a milk bottle, hand or arm touches a microwave or is no longer directly above a microwave. Lowest number on the clock wins, but if the clock reaches zero, you are disqualified.",Normal,Fern Brady,2,0,0,0
14,6,2,"Within 30 seconds of opening this task, you must pick up both milk bottles and hold them directly above the microwaves. The clock stops when a milk bottle, hand or arm touches a microwave or is no longer directly above a microwave. Lowest number on the clock wins, but if the clock reaches zero, you are disqualified.",Normal,John Kearns,4,0,0,0
14,6,2,"Within 30 seconds of opening this task, you must pick up both milk bottles and hold them directly above the microwaves. The clock stops when a milk bottle, hand or arm touches a microwave or is no longer directly above a microwave. Lowest number on the clock wins, but if the clock reaches zero, you are disqualified.",Normal,Munya Chawawa,3,0,0,0
14,6,2,"Within 30 seconds of opening this task, you must pick up both milk bottles and hold them directly above the microwaves. The clock stops when a milk bottle, hand or arm touches a microwave or is no longer directly above a microwave. Lowest number on the clock wins, but if the clock reaches zero, you are disqualified.",Normal,Sarah Millican,5,0,0,1
14,6,3,"Get to the end of the lanes in exactly the same amount of time. That time must be under one minute. Also, you must mirror yourself during your attempts.",Normal,Dara Ó Briain,2,0,0,0
14,6,3,"Get to the end of the lanes in exactly the same amount of time. That time must be under one minute. Also, you must mirror yourself during your attempts.",Normal,Fern Brady,1,0,0,0
14,6,3,"Get to the end of the lanes in exactly the same amount of time. That time must be under one minute. Also, you must mirror yourself during your attempts.",Normal,John Kearns,4,0,0,0
14,6,3,"Get to the end of the lanes in exactly the same amount of time. That time must be under one minute. Also, you must mirror yourself during your attempts.",Normal,Munya Chawawa,3,0,0,0
14,6,3,"Get to the end of the lanes in exactly the same amount of time. That time must be under one minute. Also, you must mirror yourself during your attempts.",Normal,Sarah Millican,5,0,0,1
14,6,4,"Bonus: Most stylish mirroring. | Strike the bullseye with your paint. You must only step on the stepping stones and you must step on all the stepping stones. Also, your hands must be below your waist at all times.",Normal,Dara Ó Briain,0,0,0,0
14,6,4,"Bonus: Most stylish mirroring. | Strike the bullseye with your paint. You must only step on the stepping stones and you must step on all the stepping stones. Also, your hands must be below your waist at all times.",Normal,Fern Brady,0,0,0,0
14,6,4,"Bonus: Most stylish mirroring. | Strike the bullseye with your paint. You must only step on the stepping stones and you must step on all the stepping stones. Also, your hands must be below your waist at all times.",Normal,John Kearns,1,0,0,0
14,6,4,"Bonus: Most stylish mirroring. | Strike the bullseye with your paint. You must only step on the stepping stones and you must step on all the stepping stones. Also, your hands must be below your waist at all times.",Normal,Munya Chawawa,1,0,0,0
14,6,4,"Bonus: Most stylish mirroring. | Strike the bullseye with your paint. You must only step on the stepping stones and you must step on all the stepping stones. Also, your hands must be below your waist at all times.",Normal,Sarah Millican,0,0,0,1
14,6,5,Live: Paint a picture of a unicorn using your head brush. You may not handle your head brush at any point.,Live,Dara Ó Briain,5,0,0,0
14,6,5,Live: Paint a picture of a unicorn using your head brush. You may not handle your head brush at any point.,Live,Fern Brady,2,0,0,0
14,6,5,Live: Paint a picture of a unicorn using your head brush. You may not handle your head brush at any point.,Live,John Kearns,1,0,0,0
14,6,5,Live: Paint a picture of a unicorn using your head brush. You may not handle your head brush at any point.,Live,Munya Chawawa,3,0,0,0
14,6,5,Live: Paint a picture of a unicorn using your head brush. You may not handle your head brush at any point.,Live,Sarah Millican,4,0,0,1
14,7,1,Prize: The thing you would most like to have with you on a car journey.,Prize,Dara Ó Briain,3,0,0,1
14,7,1,Prize: The thing you would most like to have with you on a car journey.,Prize,Fern Brady,4,0,0,0
14,7,1,Prize: The thing you would most like to have with you on a car journey.,Prize,John Kearns,2,0,0,0
14,7,1,Prize: The thing you would most like to have with you on a car journey.,Prize,Munya Chawawa,1,0,0,0
14,7,1,Prize: The thing you would most like to have with you on a car journey.,Prize,Sarah Millican,5,0,0,0
14,7,2,"Choose a room and a weapon, then wait further instructions. | Pop 99 red balloons. You must use your weapon to pop your 99 red balloons. Shout ""Stop it!"" when you think you've popped precisely 99 red balloons.",Normal,Dara Ó Briain,4,0,0,1
14,7,2,"Choose a room and a weapon, then wait further instructions. | Pop 99 red balloons. You must use your weapon to pop your 99 red balloons. Shout ""Stop it!"" when you think you've popped precisely 99 red balloons.",Normal,Fern Brady,0,0,0,0
14,7,2,"Choose a room and a weapon, then wait further instructions. | Pop 99 red balloons. You must use your weapon to pop your 99 red balloons. Shout ""Stop it!"" when you think you've popped precisely 99 red balloons.",Normal,John Kearns,5,0,0,0
14,7,2,"Choose a room and a weapon, then wait further instructions. | Pop 99 red balloons. You must use your weapon to pop your 99 red balloons. Shout ""Stop it!"" when you think you've popped precisely 99 red balloons.",Normal,Munya Chawawa,0,0,0,0
14,7,2,"Choose a room and a weapon, then wait further instructions. | Pop 99 red balloons. You must use your weapon to pop your 99 red balloons. Shout ""Stop it!"" when you think you've popped precisely 99 red balloons.",Normal,Sarah Millican,0,0,0,0
14,7,3,"Team: Get this feather into the bath. You must not touch the feather and the feather must not touch the ground. After the feather has left its cushion, it must not touch a single thing for more than five seconds in total. The cushion must not leave the lab. If you make any mistake at all, Alex will blow his whistle and you must start all over again. Finally, you must not say any words at any point from now on.",Live,Dara Ó Briain,5,0,0,1
14,7,3,"Team: Get this feather into the bath. You must not touch the feather and the feather must not touch the ground. After the feather has left its cushion, it must not touch a single thing for more than five seconds in total. The cushion must not leave the lab. If you make any mistake at all, Alex will blow his whistle and you must start all over again. Finally, you must not say any words at any point from now on.",Live,Fern Brady,5,0,0,0
14,7,3,"Team: Get this feather into the bath. You must not touch the feather and the feather must not touch the ground. After the feather has left its cushion, it must not touch a single thing for more than five seconds in total. The cushion must not leave the lab. If you make any mistake at all, Alex will blow his whistle and you must start all over again. Finally, you must not say any words at any point from now on.",Live,John Kearns,5,0,0,0
14,7,3,"Team: Get this feather into the bath. You must not touch the feather and the feather must not touch the ground. After the feather has left its cushion, it must not touch a single thing for more than five seconds in total. The cushion must not leave the lab. If you make any mistake at all, Alex will blow his whistle and you must start all over again. Finally, you must not say any words at any point from now on.",Live,Munya Chawawa,2,0,0,0
14,7,3,"Team: Get this feather into the bath. You must not touch the feather and the feather must not touch the ground. After the feather has left its cushion, it must not touch a single thing for more than five seconds in total. The cushion must not leave the lab. If you make any mistake at all, Alex will blow his whistle and you must start all over again. Finally, you must not say any words at any point from now on.",Live,Sarah Millican,2,0,0,0
14,7,4,Make an exercise ball touch Bernard. Bernard can't move. You may launch an exercise ball from behind the line and may not touch any balls after each launch.,Normal,Dara Ó Briain,4,0,0,1
14,7,4,Make an exercise ball touch Bernard. Bernard can't move. You may launch an exercise ball from behind the line and may not touch any balls after each launch.,Normal,Fern Brady,2,0,0,0
14,7,4,Make an exercise ball touch Bernard. Bernard can't move. You may launch an exercise ball from behind the line and may not touch any balls after each launch.,Normal,John Kearns,5,0,0,0
14,7,4,Make an exercise ball touch Bernard. Bernard can't move. You may launch an exercise ball from behind the line and may not touch any balls after each launch.,Normal,Munya Chawawa,0,1,0,0
14,7,4,Make an exercise ball touch Bernard. Bernard can't move. You may launch an exercise ball from behind the line and may not touch any balls after each launch.,Normal,Sarah Millican,3,0,0,0
14,7,5,"Live: Blow an item the furthest on the Knappett. If your item falls from the Knappett, you are disqualified. The person who blows something the least far each round is eliminated unless someone is disqualified. You must all select your blowers and items for each round before any blowing commences and you must not use the same blower or item twice.",Live,Dara Ó Briain,5,0,0,1
14,7,5,"Live: Blow an item the furthest on the Knappett. If your item falls from the Knappett, you are disqualified. The person who blows something the least far each round is eliminated unless someone is disqualified. You must all select your blowers and items for each round before any blowing commences and you must not use the same blower or item twice.",Live,Fern Brady,5,0,0,0
14,7,5,"Live: Blow an item the furthest on the Knappett. If your item falls from the Knappett, you are disqualified. The person who blows something the least far each round is eliminated unless someone is disqualified. You must all select your blowers and items for each round before any blowing commences and you must not use the same blower or item twice.",Live,John Kearns,1,0,0,0
14,7,5,"Live: Blow an item the furthest on the Knappett. If your item falls from the Knappett, you are disqualified. The person who blows something the least far each round is eliminated unless someone is disqualified. You must all select your blowers and items for each round before any blowing commences and you must not use the same blower or item twice.",Live,Munya Chawawa,5,0,0,0
14,7,5,"Live: Blow an item the furthest on the Knappett. If your item falls from the Knappett, you are disqualified. The person who blows something the least far each round is eliminated unless someone is disqualified. You must all select your blowers and items for each round before any blowing commences and you must not use the same blower or item twice.",Live,Sarah Millican,5,0,0,0
14,8,1,Prize: Best fancy dress.,Prize,Dara Ó Briain,3,0,0,0
14,8,1,Prize: Best fancy dress.,Prize,Fern Brady,5,0,0,0
14,8,1,Prize: Best fancy dress.,Prize,John Kearns,1,0,0,0
14,8,1,Prize: Best fancy dress.,Prize,Munya Chawawa,3,0,0,1
14,8,1,Prize: Best fancy dress.,Prize,Sarah Millican,2,0,0,0
14,8,2,Team: Come up with a secret language that doesn't use words. | Secretly give this instruction to your teammate. You may not say or write any of the words in the instruction. | Feed three giraffes and an elephant to the clown.,Team,Dara Ó Briain,0,0,0,0
14,8,2,Team: Come up with a secret language that doesn't use words. | Secretly give this instruction to your teammate. You may not say or write any of the words in the instruction. | Feed three giraffes and an elephant to the clown.,Team,Fern Brady,0,0,0,0
14,8,2,Team: Come up with a secret language that doesn't use words. | Secretly give this instruction to your teammate. You may not say or write any of the words in the instruction. | Feed three giraffes and an elephant to the clown.,Team,John Kearns,0,0,0,0
14,8,2,Team: Come up with a secret language that doesn't use words. | Secretly give this instruction to your teammate. You may not say or write any of the words in the instruction. | Feed three giraffes and an elephant to the clown.,Team,Munya Chawawa,5,0,0,1
14,8,2,Team: Come up with a secret language that doesn't use words. | Secretly give this instruction to your teammate. You may not say or write any of the words in the instruction. | Feed three giraffes and an elephant to the clown.,Team,Sarah Millican,5,0,0,0
14,8,3,Pin an alluring tail on the alluring animal while blindfolded.,Normal,Dara Ó Briain,4,0,0,0
14,8,3,Pin an alluring tail on the alluring animal while blindfolded.,Normal,Fern Brady,1,0,0,0
14,8,3,Pin an alluring tail on the alluring animal while blindfolded.,Normal,John Kearns,3,0,0,0
14,8,3,Pin an alluring tail on the alluring animal while blindfolded.,Normal,Munya Chawawa,5,0,0,1
14,8,3,Pin an alluring tail on the alluring animal while blindfolded.,Normal,Sarah Millican,2,0,0,0
14,8,4,Find the back of your hand.,Normal,Dara Ó Briain,0,0,0,0
14,8,4,Find the back of your hand.,Normal,Fern Brady,4,0,0,0
14,8,4,Find the back of your hand.,Normal,John Kearns,0,0,0,0
14,8,4,Find the back of your hand.,Normal,Munya Chawawa,5,0,0,1
14,8,4,Find the back of your hand.,Normal,Sarah Millican,5,0,0,0
14,8,5,Team Live: Guess the fully-extended length of the extendable item.,Live,Dara Ó Briain,2,0,0,0
14,8,5,Team Live: Guess the fully-extended length of the extendable item.,Live,Fern Brady,2,0,0,0
14,8,5,Team Live: Guess the fully-extended length of the extendable item.,Live,John Kearns,2,0,0,0
14,8,5,Team Live: Guess the fully-extended length of the extendable item.,Live,Munya Chawawa,3,0,0,1
14,8,5,Team Live: Guess the fully-extended length of the extendable item.,Live,Sarah Millican,3,0,0,0
14,9,1,Prize: Most underestimated item.,Prize,Dara Ó Briain,3,0,0,0
14,9,1,Prize: Most underestimated item.,Prize,Fern Brady,3,0,0,1
14,9,1,Prize: Most underestimated item.,Prize,John Kearns,2,0,0,0
14,9,1,Prize: Most underestimated item.,Prize,Munya Chawawa,1,0,0,0
14,9,1,Prize: Most underestimated item.,Prize,Sarah Millican,3,0,0,0
14,9,2,"Snort, then blow a raspberry, then whistle, then repeat that sequence for one minute.",Normal,Dara Ó Briain,3,0,0,0
14,9,2,"Snort, then blow a raspberry, then whistle, then repeat that sequence for one minute.",Normal,Fern Brady,2,0,0,1
14,9,2,"Snort, then blow a raspberry, then whistle, then repeat that sequence for one minute.",Normal,John Kearns,2,0,0,0
14,9,2,"Snort, then blow a raspberry, then whistle, then repeat that sequence for one minute.",Normal,Munya Chawawa,5,0,0,0
14,9,2,"Snort, then blow a raspberry, then whistle, then repeat that sequence for one minute.",Normal,Sarah Millican,4,0,0,0
14,9,3,Write a one-minute one-person play.,Normal,Dara Ó Briain,4,0,0,0
14,9,3,Write a one-minute one-person play.,Normal,Fern Brady,5,0,0,1
14,9,3,Write a one-minute one-person play.,Normal,John Kearns,5,0,0,0
14,9,3,Write a one-minute one-person play.,Normal,Munya Chawawa,1,0,0,0
14,9,3,Write a one-minute one-person play.,Normal,Sarah Millican,5,0,0,0
14,9,4,Stage and perform this one-minute one-person play.,Normal,Dara Ó Briain,5,0,0,0
14,9,4,Stage and perform this one-minute one-person play.,Normal,Fern Brady,5,0,0,1
14,9,4,Stage and perform this one-minute one-person play.,Normal,John Kearns,4,0,0,0
14,9,4,Stage and perform this one-minute one-person play.,Normal,Munya Chawawa,2,0,0,0
14,9,4,Stage and perform this one-minute one-person play.,Normal,Sarah Millican,3,0,0,0
14,9,5,"Choose one item from each plinth and bring them into the lab. | Paint a self-portrait using your brush or sausage on your other chosen object. You must use the business end of your brush or sausage and in your self-portrait, you must be wielding your brush or sausage.",Normal,Dara Ó Briain,2,0,0,0
14,9,5,"Choose one item from each plinth and bring them into the lab. | Paint a self-portrait using your brush or sausage on your other chosen object. You must use the business end of your brush or sausage and in your self-portrait, you must be wielding your brush or sausage.",Normal,Fern Brady,5,0,0,1
14,9,5,"Choose one item from each plinth and bring them into the lab. | Paint a self-portrait using your brush or sausage on your other chosen object. You must use the business end of your brush or sausage and in your self-portrait, you must be wielding your brush or sausage.",Normal,John Kearns,4,0,0,0
14,9,5,"Choose one item from each plinth and bring them into the lab. | Paint a self-portrait using your brush or sausage on your other chosen object. You must use the business end of your brush or sausage and in your self-portrait, you must be wielding your brush or sausage.",Normal,Munya Chawawa,3,0,0,0
14,9,5,"Choose one item from each plinth and bring them into the lab. | Paint a self-portrait using your brush or sausage on your other chosen object. You must use the business end of your brush or sausage and in your self-portrait, you must be wielding your brush or sausage.",Normal,Sarah Millican,1,0,0,0
14,9,6,Live: Tie your towel as tightly as possible around your body. | Live: Place your hands on your head and keep them there until the end of the task. Get your towel completely in your bucket.,Live,Dara Ó Briain,5,0,0,0
14,9,6,Live: Tie your towel as tightly as possible around your body. | Live: Place your hands on your head and keep them there until the end of the task. Get your towel completely in your bucket.,Live,Fern Brady,3,0,0,1
14,9,6,Live: Tie your towel as tightly as possible around your body. | Live: Place your hands on your head and keep them there until the end of the task. Get your towel completely in your bucket.,Live,John Kearns,2,0,0,0
14,9,6,Live: Tie your towel as tightly as possible around your body. | Live: Place your hands on your head and keep them there until the end of the task. Get your towel completely in your bucket.,Live,Munya Chawawa,4,0,0,0
14,9,6,Live: Tie your towel as tightly as possible around your body. | Live: Place your hands on your head and keep them there until the end of the task. Get your towel completely in your bucket.,Live,Sarah Millican,2,0,0,0
14,10,1,Prize: The thing of yours that the Taskmaster would most like to own.,Prize,Dara Ó Briain,2,0,0,1
14,10,1,Prize: The thing of yours that the Taskmaster would most like to own.,Prize,Fern Brady,1,0,0,0
14,10,1,Prize: The thing of yours that the Taskmaster would most like to own.,Prize,John Kearns,3,0,0,0
14,10,1,Prize: The thing of yours that the Taskmaster would most like to own.,Prize,Munya Chawawa,1,0,0,0
14,10,1,Prize: The thing of yours that the Taskmaster would most like to own.,Prize,Sarah Millican,1,0,0,0
14,10,2,Order three things for your final task. You may spend up to £50.,Live,Dara Ó Briain,0,0,0,1
14,10,2,Order three things for your final task. You may spend up to £50.,Live,Fern Brady,0,0,0,0
14,10,2,Order three things for your final task. You may spend up to £50.,Live,John Kearns,0,0,0,0
14,10,2,Order three things for your final task. You may spend up to £50.,Live,Munya Chawawa,0,0,0,0
14,10,2,Order three things for your final task. You may spend up to £50.,Live,Sarah Millican,0,0,0,0
14,10,3,Eat the grape. You must not damage the caravan or climb out the window.,Normal,Dara Ó Briain,5,0,0,1
14,10,3,Eat the grape. You must not damage the caravan or climb out the window.,Normal,Fern Brady,3,0,0,0
14,10,3,Eat the grape. You must not damage the caravan or climb out the window.,Normal,John Kearns,1,0,0,0
14,10,3,Eat the grape. You must not damage the caravan or climb out the window.,Normal,Munya Chawawa,2,0,0,0
14,10,3,Eat the grape. You must not damage the caravan or climb out the window.,Normal,Sarah Millican,4,0,0,0
14,10,4,Team: Sculpt your team. Only one person may look at the clay and that person may not touch the clay.,Team,Dara Ó Briain,3,0,0,1
14,10,4,Team: Sculpt your team. Only one person may look at the clay and that person may not touch the clay.,Team,Fern Brady,3,0,0,0
14,10,4,Team: Sculpt your team. Only one person may look at the clay and that person may not touch the clay.,Team,John Kearns,3,0,0,0
14,10,4,Team: Sculpt your team. Only one person may look at the clay and that person may not touch the clay.,Team,Munya Chawawa,5,0,0,0
14,10,4,Team: Sculpt your team. Only one person may look at the clay and that person may not touch the clay.,Team,Sarah Millican,5,0,0,0
14,10,5,Throw one of your objects over the caravan. Then completely cover one of your items with one of your other items. Then put the covered item on the wooden barrel without touching that item with your hands.,Normal,Dara Ó Briain,5,0,0,1
14,10,5,Throw one of your objects over the caravan. Then completely cover one of your items with one of your other items. Then put the covered item on the wooden barrel without touching that item with your hands.,Normal,Fern Brady,1,0,0,0
14,10,5,Throw one of your objects over the caravan. Then completely cover one of your items with one of your other items. Then put the covered item on the wooden barrel without touching that item with your hands.,Normal,John Kearns,3,0,0,0
14,10,5,Throw one of your objects over the caravan. Then completely cover one of your items with one of your other items. Then put the covered item on the wooden barrel without touching that item with your hands.,Normal,Munya Chawawa,4,0,0,0
14,10,5,Throw one of your objects over the caravan. Then completely cover one of your items with one of your other items. Then put the covered item on the wooden barrel without touching that item with your hands.,Normal,Sarah Millican,2,0,0,0
14,10,6,"Live: Land a balloon nearest the Taskmaster. You must stay on your spot at all times. If you strike the Taskmaster with a balloon, you're disqualified.",Live,Dara Ó Briain,5,0,0,1
14,10,6,"Live: Land a balloon nearest the Taskmaster. You must stay on your spot at all times. If you strike the Taskmaster with a balloon, you're disqualified.",Live,Fern Brady,0,1,0,0
14,10,6,"Live: Land a balloon nearest the Taskmaster. You must stay on your spot at all times. If you strike the Taskmaster with a balloon, you're disqualified.",Live,John Kearns,2,0,0,0
14,10,6,"Live: Land a balloon nearest the Taskmaster. You must stay on your spot at all times. If you strike the Taskmaster with a balloon, you're disqualified.",Live,Munya Chawawa,4,0,0,0
14,10,6,"Live: Land a balloon nearest the Taskmaster. You must stay on your spot at all times. If you strike the Taskmaster with a balloon, you're disqualified.",Live,Sarah Millican,3,0,0,0
15,1,1,Prize: Most dependable thing that weighs about 1kg.,Prize,Frankie Boyle,3,0,0,0
15,1,1,Prize: Most dependable thing that weighs about 1kg.,Prize,Ivo Graham,1,0,0,0
15,1,1,Prize: Most dependable thing that weighs about 1kg.,Prize,Jenny Eclair,2,0,0,0
15,1,1,Prize: Most dependable thing that weighs about 1kg.,Prize,Kiell Smith-Bynoe,4,0,0,0
15,1,1,Prize: Most dependable thing that weighs about 1kg.,Prize,Mae Martin,5,0,0,1
15,1,2,"Have the best first dance at a wedding with Alex. You can choose whatever music you want, but must be wearing these headphones throughout. Your first dance must last no more than a minute.",Normal,Frankie Boyle,1,0,0,0
15,1,2,"Have the best first dance at a wedding with Alex. You can choose whatever music you want, but must be wearing these headphones throughout. Your first dance must last no more than a minute.",Normal,Ivo Graham,2,0,0,0
15,1,2,"Have the best first dance at a wedding with Alex. You can choose whatever music you want, but must be wearing these headphones throughout. Your first dance must last no more than a minute.",Normal,Jenny Eclair,3,0,0,0
15,1,2,"Have the best first dance at a wedding with Alex. You can choose whatever music you want, but must be wearing these headphones throughout. Your first dance must last no more than a minute.",Normal,Kiell Smith-Bynoe,5,0,0,0
15,1,2,"Have the best first dance at a wedding with Alex. You can choose whatever music you want, but must be wearing these headphones throughout. Your first dance must last no more than a minute.",Normal,Mae Martin,4,0,0,1
15,1,3,Completely unwind this ball of string. Your time started when you said Alex's name. | Back: Put a neat ball of string on the cushion. You do not have to unwind the ball of string.,Normal,Frankie Boyle,1,0,0,0
15,1,3,Completely unwind this ball of string. Your time started when you said Alex's name. | Back: Put a neat ball of string on the cushion. You do not have to unwind the ball of string.,Normal,Ivo Graham,2,0,0,0
15,1,3,Completely unwind this ball of string. Your time started when you said Alex's name. | Back: Put a neat ball of string on the cushion. You do not have to unwind the ball of string.,Normal,Jenny Eclair,4,0,0,0
15,1,3,Completely unwind this ball of string. Your time started when you said Alex's name. | Back: Put a neat ball of string on the cushion. You do not have to unwind the ball of string.,Normal,Kiell Smith-Bynoe,3,0,0,0
15,1,3,Completely unwind this ball of string. Your time started when you said Alex's name. | Back: Put a neat ball of string on the cushion. You do not have to unwind the ball of string.,Normal,Mae Martin,5,0,0,1
15,1,4,Get all the rubber rings on your bargepole. You may not touch the bargepole or rubber rings at any point.,Normal,Frankie Boyle,2,0,0,0
15,1,4,Get all the rubber rings on your bargepole. You may not touch the bargepole or rubber rings at any point.,Normal,Ivo Graham,4,0,0,0
15,1,4,Get all the rubber rings on your bargepole. You may not touch the bargepole or rubber rings at any point.,Normal,Jenny Eclair,2,0,0,0
15,1,4,Get all the rubber rings on your bargepole. You may not touch the bargepole or rubber rings at any point.,Normal,Kiell Smith-Bynoe,3,0,0,0
15,1,4,Get all the rubber rings on your bargepole. You may not touch the bargepole or rubber rings at any point.,Normal,Mae Martin,5,0,0,1
15,1,5,"Live: Throw your items into your bucket. You must select one item when Alex blows his whistle. You must then throw that item when Alex blows his whistle again. If your bucket falls, you are disqualified. You must stay on your spot and you must not move your spot.",Live,Frankie Boyle,5,0,0,0
15,1,5,"Live: Throw your items into your bucket. You must select one item when Alex blows his whistle. You must then throw that item when Alex blows his whistle again. If your bucket falls, you are disqualified. You must stay on your spot and you must not move your spot.",Live,Ivo Graham,0,1,0,0
15,1,5,"Live: Throw your items into your bucket. You must select one item when Alex blows his whistle. You must then throw that item when Alex blows his whistle again. If your bucket falls, you are disqualified. You must stay on your spot and you must not move your spot.",Live,Jenny Eclair,5,0,0,0
15,1,5,"Live: Throw your items into your bucket. You must select one item when Alex blows his whistle. You must then throw that item when Alex blows his whistle again. If your bucket falls, you are disqualified. You must stay on your spot and you must not move your spot.",Live,Kiell Smith-Bynoe,0,1,0,0
15,1,5,"Live: Throw your items into your bucket. You must select one item when Alex blows his whistle. You must then throw that item when Alex blows his whistle again. If your bucket falls, you are disqualified. You must stay on your spot and you must not move your spot.",Live,Mae Martin,0,1,0,1
15,2,1,"Prize: The object which, whenever you look at it, makes you feel the weirdest.",Prize,Frankie Boyle,4,0,0,0
15,2,1,"Prize: The object which, whenever you look at it, makes you feel the weirdest.",Prize,Ivo Graham,3,0,0,1
15,2,1,"Prize: The object which, whenever you look at it, makes you feel the weirdest.",Prize,Jenny Eclair,1,0,0,0
15,2,1,"Prize: The object which, whenever you look at it, makes you feel the weirdest.",Prize,Kiell Smith-Bynoe,5,0,0,0
15,2,1,"Prize: The object which, whenever you look at it, makes you feel the weirdest.",Prize,Mae Martin,1,0,0,0
15,2,2,"Compose a solo for this musician. The solo must be original and less than 30 seconds long. | Make something that looks like this musician's musical instrument, then mime to your new solo. You may not use a musical instrument in the creation of your musical instrument.",Normal,Frankie Boyle,4,0,0,0
15,2,2,"Compose a solo for this musician. The solo must be original and less than 30 seconds long. | Make something that looks like this musician's musical instrument, then mime to your new solo. You may not use a musical instrument in the creation of your musical instrument.",Normal,Ivo Graham,5,0,0,1
15,2,2,"Compose a solo for this musician. The solo must be original and less than 30 seconds long. | Make something that looks like this musician's musical instrument, then mime to your new solo. You may not use a musical instrument in the creation of your musical instrument.",Normal,Jenny Eclair,5,0,0,0
15,2,2,"Compose a solo for this musician. The solo must be original and less than 30 seconds long. | Make something that looks like this musician's musical instrument, then mime to your new solo. You may not use a musical instrument in the creation of your musical instrument.",Normal,Kiell Smith-Bynoe,5,0,0,0
15,2,2,"Compose a solo for this musician. The solo must be original and less than 30 seconds long. | Make something that looks like this musician's musical instrument, then mime to your new solo. You may not use a musical instrument in the creation of your musical instrument.",Normal,Mae Martin,4,0,0,0
15,2,3,"Team: Build the highest bridge over the middle of the red green and balance the potato on the middle of the bridge. The potato may not be anchored in any way. If anything touches the red green, you must put everything back where you found it, tut and go back to the drawing board.",Team,Frankie Boyle,5,0,0,0
15,2,3,"Team: Build the highest bridge over the middle of the red green and balance the potato on the middle of the bridge. The potato may not be anchored in any way. If anything touches the red green, you must put everything back where you found it, tut and go back to the drawing board.",Team,Ivo Graham,5,0,0,1
15,2,3,"Team: Build the highest bridge over the middle of the red green and balance the potato on the middle of the bridge. The potato may not be anchored in any way. If anything touches the red green, you must put everything back where you found it, tut and go back to the drawing board.",Team,Jenny Eclair,3,0,0,0
15,2,3,"Team: Build the highest bridge over the middle of the red green and balance the potato on the middle of the bridge. The potato may not be anchored in any way. If anything touches the red green, you must put everything back where you found it, tut and go back to the drawing board.",Team,Kiell Smith-Bynoe,3,0,0,0
15,2,3,"Team: Build the highest bridge over the middle of the red green and balance the potato on the middle of the bridge. The potato may not be anchored in any way. If anything touches the red green, you must put everything back where you found it, tut and go back to the drawing board.",Team,Mae Martin,3,0,0,0
15,2,4,Achieve the most impressive effect with a single breath.,Normal,Frankie Boyle,3,0,0,0
15,2,4,Achieve the most impressive effect with a single breath.,Normal,Ivo Graham,1,0,0,1
15,2,4,Achieve the most impressive effect with a single breath.,Normal,Jenny Eclair,1,0,0,0
15,2,4,Achieve the most impressive effect with a single breath.,Normal,Kiell Smith-Bynoe,1,0,0,0
15,2,4,Achieve the most impressive effect with a single breath.,Normal,Mae Martin,4,0,0,0
15,2,5,"Live: Create a recognisable picture of an animal on the back of your t-shirt using the equipment provided. You must stay on your spot, and you must not move your spot. If you create the same animal as someone else, you will both be disqualified.",Live,Frankie Boyle,0,1,0,0
15,2,5,"Live: Create a recognisable picture of an animal on the back of your t-shirt using the equipment provided. You must stay on your spot, and you must not move your spot. If you create the same animal as someone else, you will both be disqualified.",Live,Ivo Graham,3,0,0,1
15,2,5,"Live: Create a recognisable picture of an animal on the back of your t-shirt using the equipment provided. You must stay on your spot, and you must not move your spot. If you create the same animal as someone else, you will both be disqualified.",Live,Jenny Eclair,5,0,0,0
15,2,5,"Live: Create a recognisable picture of an animal on the back of your t-shirt using the equipment provided. You must stay on your spot, and you must not move your spot. If you create the same animal as someone else, you will both be disqualified.",Live,Kiell Smith-Bynoe,0,1,0,0
15,2,5,"Live: Create a recognisable picture of an animal on the back of your t-shirt using the equipment provided. You must stay on your spot, and you must not move your spot. If you create the same animal as someone else, you will both be disqualified.",Live,Mae Martin,4,0,0,0
15,3,1,Prize: Most heroic thing.,Prize,Frankie Boyle,3,0,0,0
15,3,1,Prize: Most heroic thing.,Prize,Ivo Graham,4,0,0,1
15,3,1,Prize: Most heroic thing.,Prize,Jenny Eclair,5,0,0,0
15,3,1,Prize: Most heroic thing.,Prize,Kiell Smith-Bynoe,1,0,0,0
15,3,1,Prize: Most heroic thing.,Prize,Mae Martin,2,0,0,0
15,3,2,"Exit the caravan exactly 20 minutes after you entered the caravan. Also, to complete the task, you must write down and say 40 words. Each word must either be the same length or shorter than the previous word.",Normal,Frankie Boyle,4,0,0,0
15,3,2,"Exit the caravan exactly 20 minutes after you entered the caravan. Also, to complete the task, you must write down and say 40 words. Each word must either be the same length or shorter than the previous word.",Normal,Ivo Graham,5,0,0,1
15,3,2,"Exit the caravan exactly 20 minutes after you entered the caravan. Also, to complete the task, you must write down and say 40 words. Each word must either be the same length or shorter than the previous word.",Normal,Jenny Eclair,3,0,0,0
15,3,2,"Exit the caravan exactly 20 minutes after you entered the caravan. Also, to complete the task, you must write down and say 40 words. Each word must either be the same length or shorter than the previous word.",Normal,Kiell Smith-Bynoe,0,1,0,0
15,3,2,"Exit the caravan exactly 20 minutes after you entered the caravan. Also, to complete the task, you must write down and say 40 words. Each word must either be the same length or shorter than the previous word.",Normal,Mae Martin,0,1,0,0
15,3,3,Catch the potatoes in the potato hat. You must be sitting on the catching stool wearing your potato hat and you must not touch anything at any point. Anything in your hat that is not a potato will be subtracted from your potato total.,Normal,Frankie Boyle,1,0,0,0
15,3,3,Catch the potatoes in the potato hat. You must be sitting on the catching stool wearing your potato hat and you must not touch anything at any point. Anything in your hat that is not a potato will be subtracted from your potato total.,Normal,Ivo Graham,2,0,0,1
15,3,3,Catch the potatoes in the potato hat. You must be sitting on the catching stool wearing your potato hat and you must not touch anything at any point. Anything in your hat that is not a potato will be subtracted from your potato total.,Normal,Jenny Eclair,4,0,0,0
15,3,3,Catch the potatoes in the potato hat. You must be sitting on the catching stool wearing your potato hat and you must not touch anything at any point. Anything in your hat that is not a potato will be subtracted from your potato total.,Normal,Kiell Smith-Bynoe,3,0,0,0
15,3,3,Catch the potatoes in the potato hat. You must be sitting on the catching stool wearing your potato hat and you must not touch anything at any point. Anything in your hat that is not a potato will be subtracted from your potato total.,Normal,Mae Martin,5,0,0,0
15,3,4,"Team: Choreograph the most elaborate and enthralling fight scene, then perform it in slow motion. Your fight scene must take five minutes and will then be sped up so that it lasts one minute.",Team,Frankie Boyle,5,0,0,0
15,3,4,"Team: Choreograph the most elaborate and enthralling fight scene, then perform it in slow motion. Your fight scene must take five minutes and will then be sped up so that it lasts one minute.",Team,Ivo Graham,5,0,0,1
15,3,4,"Team: Choreograph the most elaborate and enthralling fight scene, then perform it in slow motion. Your fight scene must take five minutes and will then be sped up so that it lasts one minute.",Team,Jenny Eclair,4,0,0,0
15,3,4,"Team: Choreograph the most elaborate and enthralling fight scene, then perform it in slow motion. Your fight scene must take five minutes and will then be sped up so that it lasts one minute.",Team,Kiell Smith-Bynoe,4,0,0,0
15,3,4,"Team: Choreograph the most elaborate and enthralling fight scene, then perform it in slow motion. Your fight scene must take five minutes and will then be sped up so that it lasts one minute.",Team,Mae Martin,4,0,0,0
15,3,5,Live: Know the most facts about sausages.,Live,Frankie Boyle,3,0,0,0
15,3,5,Live: Know the most facts about sausages.,Live,Ivo Graham,5,0,0,1
15,3,5,Live: Know the most facts about sausages.,Live,Jenny Eclair,4,0,0,0
15,3,5,Live: Know the most facts about sausages.,Live,Kiell Smith-Bynoe,1,0,0,0
15,3,5,Live: Know the most facts about sausages.,Live,Mae Martin,3,0,0,0
15,4,1,Prize: Most fun thing to wear on your head that you aren't supposed to wear on your head.,Prize,Frankie Boyle,5,0,0,0
15,4,1,Prize: Most fun thing to wear on your head that you aren't supposed to wear on your head.,Prize,Ivo Graham,1,0,0,0
15,4,1,Prize: Most fun thing to wear on your head that you aren't supposed to wear on your head.,Prize,Jenny Eclair,4,0,0,1
15,4,1,Prize: Most fun thing to wear on your head that you aren't supposed to wear on your head.,Prize,Kiell Smith-Bynoe,3,0,0,0
15,4,1,Prize: Most fun thing to wear on your head that you aren't supposed to wear on your head.,Prize,Mae Martin,2,0,0,0
15,4,2,Strike the most drum skins and cymbals with a single throw of a bouncy ball.,Normal,Frankie Boyle,4,0,0,0
15,4,2,Strike the most drum skins and cymbals with a single throw of a bouncy ball.,Normal,Ivo Graham,1,0,0,0
15,4,2,Strike the most drum skins and cymbals with a single throw of a bouncy ball.,Normal,Jenny Eclair,3,0,0,1
15,4,2,Strike the most drum skins and cymbals with a single throw of a bouncy ball.,Normal,Kiell Smith-Bynoe,2,0,0,0
15,4,2,Strike the most drum skins and cymbals with a single throw of a bouncy ball.,Normal,Mae Martin,5,0,0,0
15,4,3,"Make the fastest egg boat. Your egg boat must look like a boat and transport an egg. If your egg boat sinks or loses its egg, you are disqualified. Also, all your materials must start with the same letter and you can't order anything boaty.",Normal,Frankie Boyle,0,1,0,0
15,4,3,"Make the fastest egg boat. Your egg boat must look like a boat and transport an egg. If your egg boat sinks or loses its egg, you are disqualified. Also, all your materials must start with the same letter and you can't order anything boaty.",Normal,Ivo Graham,3,0,0,0
15,4,3,"Make the fastest egg boat. Your egg boat must look like a boat and transport an egg. If your egg boat sinks or loses its egg, you are disqualified. Also, all your materials must start with the same letter and you can't order anything boaty.",Normal,Jenny Eclair,4,0,0,1
15,4,3,"Make the fastest egg boat. Your egg boat must look like a boat and transport an egg. If your egg boat sinks or loses its egg, you are disqualified. Also, all your materials must start with the same letter and you can't order anything boaty.",Normal,Kiell Smith-Bynoe,5,0,0,0
15,4,3,"Make the fastest egg boat. Your egg boat must look like a boat and transport an egg. If your egg boat sinks or loses its egg, you are disqualified. Also, all your materials must start with the same letter and you can't order anything boaty.",Normal,Mae Martin,2,0,0,0
15,4,4,"Complete a line or four corners. | Live: Pour your sand into the other bottle. You must pour your sand from at least a foot above your other bottle. If there is a break in your sand stream, you are disqualified.",Normal,Frankie Boyle,3,0,0,0
15,4,4,"Complete a line or four corners. | Live: Pour your sand into the other bottle. You must pour your sand from at least a foot above your other bottle. If there is a break in your sand stream, you are disqualified.",Normal,Ivo Graham,2,0,0,0
15,4,4,"Complete a line or four corners. | Live: Pour your sand into the other bottle. You must pour your sand from at least a foot above your other bottle. If there is a break in your sand stream, you are disqualified.",Normal,Jenny Eclair,4,0,0,1
15,4,4,"Complete a line or four corners. | Live: Pour your sand into the other bottle. You must pour your sand from at least a foot above your other bottle. If there is a break in your sand stream, you are disqualified.",Normal,Kiell Smith-Bynoe,3,0,0,0
15,4,4,"Complete a line or four corners. | Live: Pour your sand into the other bottle. You must pour your sand from at least a foot above your other bottle. If there is a break in your sand stream, you are disqualified.",Normal,Mae Martin,1,0,0,0
15,5,1,Prize: Luckiest thing.,Prize,Frankie Boyle,3,0,0,0
15,5,1,Prize: Luckiest thing.,Prize,Ivo Graham,3,0,0,0
15,5,1,Prize: Luckiest thing.,Prize,Jenny Eclair,2,0,0,0
15,5,1,Prize: Luckiest thing.,Prize,Kiell Smith-Bynoe,5,0,0,0
15,5,1,Prize: Luckiest thing.,Prize,Mae Martin,4,0,0,1
15,5,2,Fake something.,Normal,Frankie Boyle,5,0,0,0
15,5,2,Fake something.,Normal,Ivo Graham,4,0,0,0
15,5,2,Fake something.,Normal,Jenny Eclair,2,0,0,0
15,5,2,Fake something.,Normal,Kiell Smith-Bynoe,2,0,0,0
15,5,2,Fake something.,Normal,Mae Martin,4,0,0,1
15,5,3,"Play the instrument indicated by the light. Each time you play an instrument correctly, another will be added to the sequence until you make a mistake.",Normal,Frankie Boyle,5,0,0,0
15,5,3,"Play the instrument indicated by the light. Each time you play an instrument correctly, another will be added to the sequence until you make a mistake.",Normal,Ivo Graham,2,0,0,0
15,5,3,"Play the instrument indicated by the light. Each time you play an instrument correctly, another will be added to the sequence until you make a mistake.",Normal,Jenny Eclair,3,0,0,0
15,5,3,"Play the instrument indicated by the light. Each time you play an instrument correctly, another will be added to the sequence until you make a mistake.",Normal,Kiell Smith-Bynoe,2,0,0,0
15,5,3,"Play the instrument indicated by the light. Each time you play an instrument correctly, another will be added to the sequence until you make a mistake.",Normal,Mae Martin,5,0,0,1
15,5,4,Bonus: The person who sounds the least worst.,Normal,Frankie Boyle,0,0,0,0
15,5,4,Bonus: The person who sounds the least worst.,Normal,Ivo Graham,0,0,0,0
15,5,4,Bonus: The person who sounds the least worst.,Normal,Jenny Eclair,0,0,0,0
15,5,4,Bonus: The person who sounds the least worst.,Normal,Kiell Smith-Bynoe,1,0,0,0
15,5,4,Bonus: The person who sounds the least worst.,Normal,Mae Martin,0,0,0,1
15,5,5,"Team: Salvage the most spoons. You may not leave the lab and all spoons must be salvaged with a magnet. Your salvager must not remove their headwear. Also, from now on, you must speak in a very high-pitched voice.",Team,Frankie Boyle,0,1,0,0
15,5,5,"Team: Salvage the most spoons. You may not leave the lab and all spoons must be salvaged with a magnet. Your salvager must not remove their headwear. Also, from now on, you must speak in a very high-pitched voice.",Team,Ivo Graham,0,1,0,0
15,5,5,"Team: Salvage the most spoons. You may not leave the lab and all spoons must be salvaged with a magnet. Your salvager must not remove their headwear. Also, from now on, you must speak in a very high-pitched voice.",Team,Jenny Eclair,5,0,0,0
15,5,5,"Team: Salvage the most spoons. You may not leave the lab and all spoons must be salvaged with a magnet. Your salvager must not remove their headwear. Also, from now on, you must speak in a very high-pitched voice.",Team,Kiell Smith-Bynoe,5,0,0,0
15,5,5,"Team: Salvage the most spoons. You may not leave the lab and all spoons must be salvaged with a magnet. Your salvager must not remove their headwear. Also, from now on, you must speak in a very high-pitched voice.",Team,Mae Martin,5,0,0,1
15,5,6,"Team Live: Stuff all these things in your teammate's outfit. If you're wearing a special outfit, you must stay on your spot with your hands on your head at all times.",Live,Frankie Boyle,0,0,0,0
15,5,6,"Team Live: Stuff all these things in your teammate's outfit. If you're wearing a special outfit, you must stay on your spot with your hands on your head at all times.",Live,Ivo Graham,0,0,0,0
15,5,6,"Team Live: Stuff all these things in your teammate's outfit. If you're wearing a special outfit, you must stay on your spot with your hands on your head at all times.",Live,Jenny Eclair,5,0,0,0
15,5,6,"Team Live: Stuff all these things in your teammate's outfit. If you're wearing a special outfit, you must stay on your spot with your hands on your head at all times.",Live,Kiell Smith-Bynoe,5,0,0,0
15,5,6,"Team Live: Stuff all these things in your teammate's outfit. If you're wearing a special outfit, you must stay on your spot with your hands on your head at all times.",Live,Mae Martin,5,0,0,1
15,5,7,"Team Live: Say how many things you stuffed in your teammate's outfit. If you're correct, your points are doubled. If you're wrong, the other team gets your points.",Live,Frankie Boyle,0,0,0,0
15,5,7,"Team Live: Say how many things you stuffed in your teammate's outfit. If you're correct, your points are doubled. If you're wrong, the other team gets your points.",Live,Ivo Graham,0,0,0,0
15,5,7,"Team Live: Say how many things you stuffed in your teammate's outfit. If you're correct, your points are doubled. If you're wrong, the other team gets your points.",Live,Jenny Eclair,5,0,0,0
15,5,7,"Team Live: Say how many things you stuffed in your teammate's outfit. If you're correct, your points are doubled. If you're wrong, the other team gets your points.",Live,Kiell Smith-Bynoe,5,0,0,0
15,5,7,"Team Live: Say how many things you stuffed in your teammate's outfit. If you're correct, your points are doubled. If you're wrong, the other team gets your points.",Live,Mae Martin,5,0,0,1
15,6,1,Prize: Best thing to play about with in your bathroom.,Prize,Frankie Boyle,5,0,0,0
15,6,1,Prize: Best thing to play about with in your bathroom.,Prize,Ivo Graham,3,0,0,0
15,6,1,Prize: Best thing to play about with in your bathroom.,Prize,Jenny Eclair,1,0,0,0
15,6,1,Prize: Best thing to play about with in your bathroom.,Prize,Kiell Smith-Bynoe,4,0,0,0
15,6,1,Prize: Best thing to play about with in your bathroom.,Prize,Mae Martin,2,0,0,1
15,6,2,"Invent an imaginary companion, then complete a domestic task with your imaginary companion. Your imaginary companion must either be much taller or much littler than you.",Normal,Frankie Boyle,5,0,0,0
15,6,2,"Invent an imaginary companion, then complete a domestic task with your imaginary companion. Your imaginary companion must either be much taller or much littler than you.",Normal,Ivo Graham,4,0,0,0
15,6,2,"Invent an imaginary companion, then complete a domestic task with your imaginary companion. Your imaginary companion must either be much taller or much littler than you.",Normal,Jenny Eclair,2,0,0,0
15,6,2,"Invent an imaginary companion, then complete a domestic task with your imaginary companion. Your imaginary companion must either be much taller or much littler than you.",Normal,Kiell Smith-Bynoe,3,0,0,0
15,6,2,"Invent an imaginary companion, then complete a domestic task with your imaginary companion. Your imaginary companion must either be much taller or much littler than you.",Normal,Mae Martin,4,0,0,1
15,6,3,Efficiently shell an egg. You may not touch any part of any egg with your hands and you may only break the shell of one of the eggs.,Normal,Frankie Boyle,1,0,0,0
15,6,3,Efficiently shell an egg. You may not touch any part of any egg with your hands and you may only break the shell of one of the eggs.,Normal,Ivo Graham,3,0,0,0
15,6,3,Efficiently shell an egg. You may not touch any part of any egg with your hands and you may only break the shell of one of the eggs.,Normal,Jenny Eclair,2,0,0,0
15,6,3,Efficiently shell an egg. You may not touch any part of any egg with your hands and you may only break the shell of one of the eggs.,Normal,Kiell Smith-Bynoe,4,0,0,0
15,6,3,Efficiently shell an egg. You may not touch any part of any egg with your hands and you may only break the shell of one of the eggs.,Normal,Mae Martin,5,0,0,1
15,6,4,"Bash the big bell with the bowling ball. Fastest gets five points. Slowest gets four points. Nobody else gets any points. You must stay off the grass unless you are wearing gold shoes. If anything other than the bowling ball or gold shoes touches the grass, you are disqualified.",Normal,Frankie Boyle,4,0,0,0
15,6,4,"Bash the big bell with the bowling ball. Fastest gets five points. Slowest gets four points. Nobody else gets any points. You must stay off the grass unless you are wearing gold shoes. If anything other than the bowling ball or gold shoes touches the grass, you are disqualified.",Normal,Ivo Graham,0,1,0,0
15,6,4,"Bash the big bell with the bowling ball. Fastest gets five points. Slowest gets four points. Nobody else gets any points. You must stay off the grass unless you are wearing gold shoes. If anything other than the bowling ball or gold shoes touches the grass, you are disqualified.",Normal,Jenny Eclair,0,1,0,0
15,6,4,"Bash the big bell with the bowling ball. Fastest gets five points. Slowest gets four points. Nobody else gets any points. You must stay off the grass unless you are wearing gold shoes. If anything other than the bowling ball or gold shoes touches the grass, you are disqualified.",Normal,Kiell Smith-Bynoe,0,1,0,0
15,6,4,"Bash the big bell with the bowling ball. Fastest gets five points. Slowest gets four points. Nobody else gets any points. You must stay off the grass unless you are wearing gold shoes. If anything other than the bowling ball or gold shoes touches the grass, you are disqualified.",Normal,Mae Martin,5,0,0,1
15,6,5,"Live: Walk around the chairs listening to Greg's story, then sit on a chair when you hear a word containing two letter Ls. If you stop walking or touch a chair incorrectly, you are disqualified. If you fail to sit on a chair when you hear a word containing two letter Ls, you are disqualified.",Live,Frankie Boyle,3,0,0,0
15,6,5,"Live: Walk around the chairs listening to Greg's story, then sit on a chair when you hear a word containing two letter Ls. If you stop walking or touch a chair incorrectly, you are disqualified. If you fail to sit on a chair when you hear a word containing two letter Ls, you are disqualified.",Live,Ivo Graham,4,0,0,0
15,6,5,"Live: Walk around the chairs listening to Greg's story, then sit on a chair when you hear a word containing two letter Ls. If you stop walking or touch a chair incorrectly, you are disqualified. If you fail to sit on a chair when you hear a word containing two letter Ls, you are disqualified.",Live,Jenny Eclair,2,0,0,0
15,6,5,"Live: Walk around the chairs listening to Greg's story, then sit on a chair when you hear a word containing two letter Ls. If you stop walking or touch a chair incorrectly, you are disqualified. If you fail to sit on a chair when you hear a word containing two letter Ls, you are disqualified.",Live,Kiell Smith-Bynoe,1,0,0,0
15,6,5,"Live: Walk around the chairs listening to Greg's story, then sit on a chair when you hear a word containing two letter Ls. If you stop walking or touch a chair incorrectly, you are disqualified. If you fail to sit on a chair when you hear a word containing two letter Ls, you are disqualified.",Live,Mae Martin,5,0,0,1
15,7,1,Prize: Most brilliant thing that pops up.,Prize,Frankie Boyle,5,0,0,0
15,7,1,Prize: Most brilliant thing that pops up.,Prize,Ivo Graham,4,0,0,0
15,7,1,Prize: Most brilliant thing that pops up.,Prize,Jenny Eclair,3,0,0,0
15,7,1,Prize: Most brilliant thing that pops up.,Prize,Kiell Smith-Bynoe,2,0,0,1
15,7,1,Prize: Most brilliant thing that pops up.,Prize,Mae Martin,1,0,0,0
15,7,2,"Rotate the pulper wheel without pulping the egg. You must not move from this spot at any point. If you pulp the egg, you are disqualified.",Normal,Frankie Boyle,4,0,0,0
15,7,2,"Rotate the pulper wheel without pulping the egg. You must not move from this spot at any point. If you pulp the egg, you are disqualified.",Normal,Ivo Graham,5,0,0,0
15,7,2,"Rotate the pulper wheel without pulping the egg. You must not move from this spot at any point. If you pulp the egg, you are disqualified.",Normal,Jenny Eclair,0,1,0,0
15,7,2,"Rotate the pulper wheel without pulping the egg. You must not move from this spot at any point. If you pulp the egg, you are disqualified.",Normal,Kiell Smith-Bynoe,3,0,0,1
15,7,2,"Rotate the pulper wheel without pulping the egg. You must not move from this spot at any point. If you pulp the egg, you are disqualified.",Normal,Mae Martin,0,1,0,0
15,7,3,Team: Completely free yourselves and have a team hug.,Team,Frankie Boyle,2,0,0,0
15,7,3,Team: Completely free yourselves and have a team hug.,Team,Ivo Graham,2,0,0,0
15,7,3,Team: Completely free yourselves and have a team hug.,Team,Jenny Eclair,5,0,0,0
15,7,3,Team: Completely free yourselves and have a team hug.,Team,Kiell Smith-Bynoe,5,0,0,1
15,7,3,Team: Completely free yourselves and have a team hug.,Team,Mae Martin,5,0,0,0
15,7,4,"Write down a number between 0 and 100, a length of time between 1 minute and 20 minutes, five ingredients, a country, a noun and an adjective. | Make a [country adjectival] . You must use all these ingredients and you must also clap times.",Normal,Frankie Boyle,1,0,0,0
15,7,4,"Write down a number between 0 and 100, a length of time between 1 minute and 20 minutes, five ingredients, a country, a noun and an adjective. | Make a [country adjectival] . You must use all these ingredients and you must also clap times.",Normal,Ivo Graham,1,0,0,0
15,7,4,"Write down a number between 0 and 100, a length of time between 1 minute and 20 minutes, five ingredients, a country, a noun and an adjective. | Make a [country adjectival] . You must use all these ingredients and you must also clap times.",Normal,Jenny Eclair,1,0,0,0
15,7,4,"Write down a number between 0 and 100, a length of time between 1 minute and 20 minutes, five ingredients, a country, a noun and an adjective. | Make a [country adjectival] . You must use all these ingredients and you must also clap times.",Normal,Kiell Smith-Bynoe,5,0,0,1
15,7,4,"Write down a number between 0 and 100, a length of time between 1 minute and 20 minutes, five ingredients, a country, a noun and an adjective. | Make a [country adjectival] . You must use all these ingredients and you must also clap times.",Normal,Mae Martin,4,0,0,0
15,7,5,Live: Say the word given to you by the Taskmaster in the accent on the card you choose. The Taskmaster will guess what accent you are doing.,Live,Frankie Boyle,5,0,0,0
15,7,5,Live: Say the word given to you by the Taskmaster in the accent on the card you choose. The Taskmaster will guess what accent you are doing.,Live,Ivo Graham,2,0,0,0
15,7,5,Live: Say the word given to you by the Taskmaster in the accent on the card you choose. The Taskmaster will guess what accent you are doing.,Live,Jenny Eclair,2,0,0,0
15,7,5,Live: Say the word given to you by the Taskmaster in the accent on the card you choose. The Taskmaster will guess what accent you are doing.,Live,Kiell Smith-Bynoe,5,0,0,1
15,7,5,Live: Say the word given to you by the Taskmaster in the accent on the card you choose. The Taskmaster will guess what accent you are doing.,Live,Mae Martin,5,0,0,0
15,8,1,Prize: Best thing you take everywhere with you but struggle to fit in your bag.,Prize,Frankie Boyle,4,0,0,0
15,8,1,Prize: Best thing you take everywhere with you but struggle to fit in your bag.,Prize,Ivo Graham,4,0,0,0
15,8,1,Prize: Best thing you take everywhere with you but struggle to fit in your bag.,Prize,Jenny Eclair,5,0,0,0
15,8,1,Prize: Best thing you take everywhere with you but struggle to fit in your bag.,Prize,Kiell Smith-Bynoe,4,0,0,1
15,8,1,Prize: Best thing you take everywhere with you but struggle to fit in your bag.,Prize,Mae Martin,4,0,0,0
15,8,2,Pile the pineapples on the path. You must not get wet.,Normal,Frankie Boyle,1,0,0,0
15,8,2,Pile the pineapples on the path. You must not get wet.,Normal,Ivo Graham,4,0,0,0
15,8,2,Pile the pineapples on the path. You must not get wet.,Normal,Jenny Eclair,3,0,0,0
15,8,2,Pile the pineapples on the path. You must not get wet.,Normal,Kiell Smith-Bynoe,2,0,0,1
15,8,2,Pile the pineapples on the path. You must not get wet.,Normal,Mae Martin,5,0,0,0
15,8,3,Repurpose this umbrella and demonstrate its new purpose.,Normal,Frankie Boyle,3,0,0,0
15,8,3,Repurpose this umbrella and demonstrate its new purpose.,Normal,Ivo Graham,1,0,0,0
15,8,3,Repurpose this umbrella and demonstrate its new purpose.,Normal,Jenny Eclair,2,0,0,0
15,8,3,Repurpose this umbrella and demonstrate its new purpose.,Normal,Kiell Smith-Bynoe,5,0,0,1
15,8,3,Repurpose this umbrella and demonstrate its new purpose.,Normal,Mae Martin,4,0,0,0
15,8,4,"Put the most stuff on top of this jelly without breaking the jelly. If anything other than jelly touches the duck, you are disqualified.",Normal,Frankie Boyle,5,0,0,0
15,8,4,"Put the most stuff on top of this jelly without breaking the jelly. If anything other than jelly touches the duck, you are disqualified.",Normal,Ivo Graham,0,1,0,0
15,8,4,"Put the most stuff on top of this jelly without breaking the jelly. If anything other than jelly touches the duck, you are disqualified.",Normal,Jenny Eclair,1,0,0,0
15,8,4,"Put the most stuff on top of this jelly without breaking the jelly. If anything other than jelly touches the duck, you are disqualified.",Normal,Kiell Smith-Bynoe,4,0,0,1
15,8,4,"Put the most stuff on top of this jelly without breaking the jelly. If anything other than jelly touches the duck, you are disqualified.",Normal,Mae Martin,0,1,0,0
15,8,5,"Team Live: Using only the scratching posts, remove as many balls from your suit as possible. Your teammates may throw balls from the throwing spots throughout. The throwing spots may not be moved. Also, if you're in a team of three, the two non-suit wearers must hold hands throughout.",Live,Frankie Boyle,3,0,0,0
15,8,5,"Team Live: Using only the scratching posts, remove as many balls from your suit as possible. Your teammates may throw balls from the throwing spots throughout. The throwing spots may not be moved. Also, if you're in a team of three, the two non-suit wearers must hold hands throughout.",Live,Ivo Graham,3,0,0,0
15,8,5,"Team Live: Using only the scratching posts, remove as many balls from your suit as possible. Your teammates may throw balls from the throwing spots throughout. The throwing spots may not be moved. Also, if you're in a team of three, the two non-suit wearers must hold hands throughout.",Live,Jenny Eclair,5,0,0,0
15,8,5,"Team Live: Using only the scratching posts, remove as many balls from your suit as possible. Your teammates may throw balls from the throwing spots throughout. The throwing spots may not be moved. Also, if you're in a team of three, the two non-suit wearers must hold hands throughout.",Live,Kiell Smith-Bynoe,5,0,0,1
15,8,5,"Team Live: Using only the scratching posts, remove as many balls from your suit as possible. Your teammates may throw balls from the throwing spots throughout. The throwing spots may not be moved. Also, if you're in a team of three, the two non-suit wearers must hold hands throughout.",Live,Mae Martin,5,0,0,0
15,9,1,Prize: Sneakiest thing.,Prize,Frankie Boyle,4,0,0,0
15,9,1,Prize: Sneakiest thing.,Prize,Ivo Graham,2,0,0,0
15,9,1,Prize: Sneakiest thing.,Prize,Jenny Eclair,4,0,0,0
15,9,1,Prize: Sneakiest thing.,Prize,Kiell Smith-Bynoe,5,0,0,1
15,9,1,Prize: Sneakiest thing.,Prize,Mae Martin,4,0,0,0
15,9,2,Team: Make these things the same colour as those things. People and bottles must stay on their spots at all times. You may perform 10 bottle stamps and two bottle squeezes.,Team,Frankie Boyle,5,0,0,0
15,9,2,Team: Make these things the same colour as those things. People and bottles must stay on their spots at all times. You may perform 10 bottle stamps and two bottle squeezes.,Team,Ivo Graham,5,0,0,0
15,9,2,Team: Make these things the same colour as those things. People and bottles must stay on their spots at all times. You may perform 10 bottle stamps and two bottle squeezes.,Team,Jenny Eclair,5,0,0,0
15,9,2,Team: Make these things the same colour as those things. People and bottles must stay on their spots at all times. You may perform 10 bottle stamps and two bottle squeezes.,Team,Kiell Smith-Bynoe,5,0,0,1
15,9,2,Team: Make these things the same colour as those things. People and bottles must stay on their spots at all times. You may perform 10 bottle stamps and two bottle squeezes.,Team,Mae Martin,5,0,0,0
15,9,3,Put three single-digit numbers in the slots then open the second task. | Deliver a one-minute lecture about the year you selected. You may not leave the lab.,Normal,Frankie Boyle,4,0,0,0
15,9,3,Put three single-digit numbers in the slots then open the second task. | Deliver a one-minute lecture about the year you selected. You may not leave the lab.,Normal,Ivo Graham,5,0,0,0
15,9,3,Put three single-digit numbers in the slots then open the second task. | Deliver a one-minute lecture about the year you selected. You may not leave the lab.,Normal,Jenny Eclair,2,0,0,0
15,9,3,Put three single-digit numbers in the slots then open the second task. | Deliver a one-minute lecture about the year you selected. You may not leave the lab.,Normal,Kiell Smith-Bynoe,2,0,0,1
15,9,3,Put three single-digit numbers in the slots then open the second task. | Deliver a one-minute lecture about the year you selected. You may not leave the lab.,Normal,Mae Martin,3,0,0,0
15,9,4,"Make exactly 99 holes in this piece of paper. Your holes must have a diameter of at least three millimetres and form a recognisable picture or pattern. If you make more or fewer than 99 holes, you are disqualified. Also, if you look at Alex or speak to Alex at any point, you are disqualified.",Normal,Frankie Boyle,5,0,0,0
15,9,4,"Make exactly 99 holes in this piece of paper. Your holes must have a diameter of at least three millimetres and form a recognisable picture or pattern. If you make more or fewer than 99 holes, you are disqualified. Also, if you look at Alex or speak to Alex at any point, you are disqualified.",Normal,Ivo Graham,0,1,0,0
15,9,4,"Make exactly 99 holes in this piece of paper. Your holes must have a diameter of at least three millimetres and form a recognisable picture or pattern. If you make more or fewer than 99 holes, you are disqualified. Also, if you look at Alex or speak to Alex at any point, you are disqualified.",Normal,Jenny Eclair,0,1,0,0
15,9,4,"Make exactly 99 holes in this piece of paper. Your holes must have a diameter of at least three millimetres and form a recognisable picture or pattern. If you make more or fewer than 99 holes, you are disqualified. Also, if you look at Alex or speak to Alex at any point, you are disqualified.",Normal,Kiell Smith-Bynoe,4,0,0,1
15,9,4,"Make exactly 99 holes in this piece of paper. Your holes must have a diameter of at least three millimetres and form a recognisable picture or pattern. If you make more or fewer than 99 holes, you are disqualified. Also, if you look at Alex or speak to Alex at any point, you are disqualified.",Normal,Mae Martin,0,1,0,0
15,9,5,Live: Combine two of your things to equal the height of the thing said by Greg. You may not use any of your things twice. Worst guess each round is eliminated.,Live,Frankie Boyle,2,0,0,0
15,9,5,Live: Combine two of your things to equal the height of the thing said by Greg. You may not use any of your things twice. Worst guess each round is eliminated.,Live,Ivo Graham,4,0,0,0
15,9,5,Live: Combine two of your things to equal the height of the thing said by Greg. You may not use any of your things twice. Worst guess each round is eliminated.,Live,Jenny Eclair,1,0,0,0
15,9,5,Live: Combine two of your things to equal the height of the thing said by Greg. You may not use any of your things twice. Worst guess each round is eliminated.,Live,Kiell Smith-Bynoe,5,0,0,1
15,9,5,Live: Combine two of your things to equal the height of the thing said by Greg. You may not use any of your things twice. Worst guess each round is eliminated.,Live,Mae Martin,3,0,0,0
15,10,1,Prize: Best Greg Davies merchandise that isn't on the market but should be on the market.,Prize,Frankie Boyle,1,0,0,0
15,10,1,Prize: Best Greg Davies merchandise that isn't on the market but should be on the market.,Prize,Ivo Graham,4,0,0,0
15,10,1,Prize: Best Greg Davies merchandise that isn't on the market but should be on the market.,Prize,Jenny Eclair,3,0,0,1
15,10,1,Prize: Best Greg Davies merchandise that isn't on the market but should be on the market.,Prize,Kiell Smith-Bynoe,2,0,0,0
15,10,1,Prize: Best Greg Davies merchandise that isn't on the market but should be on the market.,Prize,Mae Martin,5,0,0,0
15,10,2,"Fill the glass up to the line from the furthest distance. If you use a hose and someone else uses a hose, both hose users are disqualified.",Normal,Frankie Boyle,0,0,0,0
15,10,2,"Fill the glass up to the line from the furthest distance. If you use a hose and someone else uses a hose, both hose users are disqualified.",Normal,Ivo Graham,0,0,0,0
15,10,2,"Fill the glass up to the line from the furthest distance. If you use a hose and someone else uses a hose, both hose users are disqualified.",Normal,Jenny Eclair,4,0,0,1
15,10,2,"Fill the glass up to the line from the furthest distance. If you use a hose and someone else uses a hose, both hose users are disqualified.",Normal,Kiell Smith-Bynoe,0,0,0,0
15,10,2,"Fill the glass up to the line from the furthest distance. If you use a hose and someone else uses a hose, both hose users are disqualified.",Normal,Mae Martin,5,0,0,0
15,10,3,"Do what Alex does immediately after Alex does it in exactly the same time as Alex does it. You must press your button when you're satisfied you have done what Alex has done. If you do not complete an activity, 10 seconds will be added to your time.",Normal,Frankie Boyle,5,0,0,0
15,10,3,"Do what Alex does immediately after Alex does it in exactly the same time as Alex does it. You must press your button when you're satisfied you have done what Alex has done. If you do not complete an activity, 10 seconds will be added to your time.",Normal,Ivo Graham,4,0,0,0
15,10,3,"Do what Alex does immediately after Alex does it in exactly the same time as Alex does it. You must press your button when you're satisfied you have done what Alex has done. If you do not complete an activity, 10 seconds will be added to your time.",Normal,Jenny Eclair,1,0,0,1
15,10,3,"Do what Alex does immediately after Alex does it in exactly the same time as Alex does it. You must press your button when you're satisfied you have done what Alex has done. If you do not complete an activity, 10 seconds will be added to your time.",Normal,Kiell Smith-Bynoe,2,0,0,0
15,10,3,"Do what Alex does immediately after Alex does it in exactly the same time as Alex does it. You must press your button when you're satisfied you have done what Alex has done. If you do not complete an activity, 10 seconds will be added to your time.",Normal,Mae Martin,3,0,0,0
15,10,4,"Team: Write the name of a profession in this hole, then open the task. | Team: Perform an original lullaby for [your profession].",Team,Frankie Boyle,4,0,0,0
15,10,4,"Team: Write the name of a profession in this hole, then open the task. | Team: Perform an original lullaby for [your profession].",Team,Ivo Graham,4,0,0,0
15,10,4,"Team: Write the name of a profession in this hole, then open the task. | Team: Perform an original lullaby for [your profession].",Team,Jenny Eclair,5,0,0,1
15,10,4,"Team: Write the name of a profession in this hole, then open the task. | Team: Perform an original lullaby for [your profession].",Team,Kiell Smith-Bynoe,5,0,0,0
15,10,4,"Team: Write the name of a profession in this hole, then open the task. | Team: Perform an original lullaby for [your profession].",Team,Mae Martin,5,0,0,0
15,10,5,"Live: Convince the Taskmaster that your feet are not in ice when they are in ice or that your feet are in ice when they aren't in ice. You must keep your feet either in ice or not in ice for 30 seconds before the Taskmaster makes his judgement. If the Taskmaster is correct, you are disqualified. | Scream the loudest with your mouth closed.",Live,Frankie Boyle,0,1,0,0
15,10,5,"Live: Convince the Taskmaster that your feet are not in ice when they are in ice or that your feet are in ice when they aren't in ice. You must keep your feet either in ice or not in ice for 30 seconds before the Taskmaster makes his judgement. If the Taskmaster is correct, you are disqualified. | Scream the loudest with your mouth closed.",Live,Ivo Graham,0,1,0,0
15,10,5,"Live: Convince the Taskmaster that your feet are not in ice when they are in ice or that your feet are in ice when they aren't in ice. You must keep your feet either in ice or not in ice for 30 seconds before the Taskmaster makes his judgement. If the Taskmaster is correct, you are disqualified. | Scream the loudest with your mouth closed.",Live,Jenny Eclair,5,0,0,1
15,10,5,"Live: Convince the Taskmaster that your feet are not in ice when they are in ice or that your feet are in ice when they aren't in ice. You must keep your feet either in ice or not in ice for 30 seconds before the Taskmaster makes his judgement. If the Taskmaster is correct, you are disqualified. | Scream the loudest with your mouth closed.",Live,Kiell Smith-Bynoe,0,1,0,0
15,10,5,"Live: Convince the Taskmaster that your feet are not in ice when they are in ice or that your feet are in ice when they aren't in ice. You must keep your feet either in ice or not in ice for 30 seconds before the Taskmaster makes his judgement. If the Taskmaster is correct, you are disqualified. | Scream the loudest with your mouth closed.",Live,Mae Martin,0,1,0,0
16,1,1,Prize: Most wonderful wooden thing that they've owned for a while.,Prize,Julian Clary,5,0,0,0
16,1,1,Prize: Most wonderful wooden thing that they've owned for a while.,Prize,Lucy Beaumont,1,0,0,0
16,1,1,Prize: Most wonderful wooden thing that they've owned for a while.,Prize,Sam Campbell,3,0,0,1
16,1,1,Prize: Most wonderful wooden thing that they've owned for a while.,Prize,Sue Perkins,4,0,0,0
16,1,1,Prize: Most wonderful wooden thing that they've owned for a while.,Prize,Susan Wokoma,2,0,0,0
16,1,2,Build a tower out of the cans in the lab. You must put on your blindfold in this room and wear it properly for the rest of the task.,Normal,Julian Clary,4,0,0,0
16,1,2,Build a tower out of the cans in the lab. You must put on your blindfold in this room and wear it properly for the rest of the task.,Normal,Lucy Beaumont,2,0,0,0
16,1,2,Build a tower out of the cans in the lab. You must put on your blindfold in this room and wear it properly for the rest of the task.,Normal,Sam Campbell,5,0,0,1
16,1,2,Build a tower out of the cans in the lab. You must put on your blindfold in this room and wear it properly for the rest of the task.,Normal,Sue Perkins,1,0,0,0
16,1,2,Build a tower out of the cans in the lab. You must put on your blindfold in this room and wear it properly for the rest of the task.,Normal,Susan Wokoma,3,0,0,0
16,1,3,Team: Connect the most individual parts of one person to individual parts of another person. All members of your team must be connected. | Team: Cross the finish line with all connections still connected.,Team,Julian Clary,5,0,0,0
16,1,3,Team: Connect the most individual parts of one person to individual parts of another person. All members of your team must be connected. | Team: Cross the finish line with all connections still connected.,Team,Lucy Beaumont,5,0,0,0
16,1,3,Team: Connect the most individual parts of one person to individual parts of another person. All members of your team must be connected. | Team: Cross the finish line with all connections still connected.,Team,Sam Campbell,5,0,0,1
16,1,3,Team: Connect the most individual parts of one person to individual parts of another person. All members of your team must be connected. | Team: Cross the finish line with all connections still connected.,Team,Sue Perkins,2,0,0,0
16,1,3,Team: Connect the most individual parts of one person to individual parts of another person. All members of your team must be connected. | Team: Cross the finish line with all connections still connected.,Team,Susan Wokoma,2,0,0,0
16,1,4,"Get the duck into the lake. You must not touch the beak. If the duck leaves the course, it must re-enter at the point it left the course. If your duck touches the boundary or a flamingo or a pineapple, one minute will be added to your time.",Normal,Julian Clary,0,1,0,0
16,1,4,"Get the duck into the lake. You must not touch the beak. If the duck leaves the course, it must re-enter at the point it left the course. If your duck touches the boundary or a flamingo or a pineapple, one minute will be added to your time.",Normal,Lucy Beaumont,0,1,0,0
16,1,4,"Get the duck into the lake. You must not touch the beak. If the duck leaves the course, it must re-enter at the point it left the course. If your duck touches the boundary or a flamingo or a pineapple, one minute will be added to your time.",Normal,Sam Campbell,3,0,0,1
16,1,4,"Get the duck into the lake. You must not touch the beak. If the duck leaves the course, it must re-enter at the point it left the course. If your duck touches the boundary or a flamingo or a pineapple, one minute will be added to your time.",Normal,Sue Perkins,4,0,0,0
16,1,4,"Get the duck into the lake. You must not touch the beak. If the duck leaves the course, it must re-enter at the point it left the course. If your duck touches the boundary or a flamingo or a pineapple, one minute will be added to your time.",Normal,Susan Wokoma,5,0,0,0
16,1,5,"Live: Say whether you think the next item is heavier or lighter than the previous item. If you are wrong, you are eliminated.",Live,Julian Clary,5,0,0,0
16,1,5,"Live: Say whether you think the next item is heavier or lighter than the previous item. If you are wrong, you are eliminated.",Live,Lucy Beaumont,5,0,0,0
16,1,5,"Live: Say whether you think the next item is heavier or lighter than the previous item. If you are wrong, you are eliminated.",Live,Sam Campbell,5,0,0,1
16,1,5,"Live: Say whether you think the next item is heavier or lighter than the previous item. If you are wrong, you are eliminated.",Live,Sue Perkins,2,0,0,0
16,1,5,"Live: Say whether you think the next item is heavier or lighter than the previous item. If you are wrong, you are eliminated.",Live,Susan Wokoma,2,0,0,0
16,2,1,Prize: Best sign.,Prize,Julian Clary,1,0,0,0
16,2,1,Prize: Best sign.,Prize,Lucy Beaumont,2,0,0,0
16,2,1,Prize: Best sign.,Prize,Sam Campbell,3,0,0,0
16,2,1,Prize: Best sign.,Prize,Sue Perkins,5,0,0,1
16,2,1,Prize: Best sign.,Prize,Susan Wokoma,4,0,0,0
16,2,2,Pull the sword from the stone. You may not force the sword or break the stone.,Normal,Julian Clary,5,0,0,0
16,2,2,Pull the sword from the stone. You may not force the sword or break the stone.,Normal,Lucy Beaumont,3,0,0,0
16,2,2,Pull the sword from the stone. You may not force the sword or break the stone.,Normal,Sam Campbell,2,0,0,0
16,2,2,Pull the sword from the stone. You may not force the sword or break the stone.,Normal,Sue Perkins,1,0,0,1
16,2,2,Pull the sword from the stone. You may not force the sword or break the stone.,Normal,Susan Wokoma,4,0,0,0
16,2,3,"Make a cheeky picture on this piece of wood using nails and one continuous piece of wire. Also, if any egg timers stop, you must stare at the camera shaking your head for 10 seconds.",Normal,Julian Clary,2,0,0,0
16,2,3,"Make a cheeky picture on this piece of wood using nails and one continuous piece of wire. Also, if any egg timers stop, you must stare at the camera shaking your head for 10 seconds.",Normal,Lucy Beaumont,1,0,0,0
16,2,3,"Make a cheeky picture on this piece of wood using nails and one continuous piece of wire. Also, if any egg timers stop, you must stare at the camera shaking your head for 10 seconds.",Normal,Sam Campbell,5,0,0,0
16,2,3,"Make a cheeky picture on this piece of wood using nails and one continuous piece of wire. Also, if any egg timers stop, you must stare at the camera shaking your head for 10 seconds.",Normal,Sue Perkins,5,0,0,1
16,2,3,"Make a cheeky picture on this piece of wood using nails and one continuous piece of wire. Also, if any egg timers stop, you must stare at the camera shaking your head for 10 seconds.",Normal,Susan Wokoma,3,0,0,0
16,2,4,Make mischief.,Normal,Julian Clary,3,0,0,0
16,2,4,Make mischief.,Normal,Lucy Beaumont,2,0,0,0
16,2,4,Make mischief.,Normal,Sam Campbell,1,0,0,0
16,2,4,Make mischief.,Normal,Sue Perkins,4,0,0,1
16,2,4,Make mischief.,Normal,Susan Wokoma,5,0,0,0
16,2,5,Live: Write down one thing you like and one thing you don't like. | Live: Draw your two things at the same time. You must be drawing with both hands and stare at the Taskmaster throughout. | Learn pi to the most decimal places.,Live,Julian Clary,5,0,0,0
16,2,5,Live: Write down one thing you like and one thing you don't like. | Live: Draw your two things at the same time. You must be drawing with both hands and stare at the Taskmaster throughout. | Learn pi to the most decimal places.,Live,Lucy Beaumont,2,0,0,0
16,2,5,Live: Write down one thing you like and one thing you don't like. | Live: Draw your two things at the same time. You must be drawing with both hands and stare at the Taskmaster throughout. | Learn pi to the most decimal places.,Live,Sam Campbell,1,0,0,0
16,2,5,Live: Write down one thing you like and one thing you don't like. | Live: Draw your two things at the same time. You must be drawing with both hands and stare at the Taskmaster throughout. | Learn pi to the most decimal places.,Live,Sue Perkins,4,0,0,1
16,2,5,Live: Write down one thing you like and one thing you don't like. | Live: Draw your two things at the same time. You must be drawing with both hands and stare at the Taskmaster throughout. | Learn pi to the most decimal places.,Live,Susan Wokoma,3,0,0,0
16,3,1,Prize: The present you've been given that raises the most questions.,Prize,Julian Clary,4,0,0,0
16,3,1,Prize: The present you've been given that raises the most questions.,Prize,Lucy Beaumont,3,0,0,0
16,3,1,Prize: The present you've been given that raises the most questions.,Prize,Sam Campbell,5,0,0,1
16,3,1,Prize: The present you've been given that raises the most questions.,Prize,Sue Perkins,2,0,0,0
16,3,1,Prize: The present you've been given that raises the most questions.,Prize,Susan Wokoma,1,0,0,0
16,3,2,"Get the ball in the hole. Nothing may touch the ball. After you touch one tool, you may not touch another tool for one minute. If you decide to touch the welly, you must only do so with your foot.",Normal,Julian Clary,5,0,0,0
16,3,2,"Get the ball in the hole. Nothing may touch the ball. After you touch one tool, you may not touch another tool for one minute. If you decide to touch the welly, you must only do so with your foot.",Normal,Lucy Beaumont,3,0,0,0
16,3,2,"Get the ball in the hole. Nothing may touch the ball. After you touch one tool, you may not touch another tool for one minute. If you decide to touch the welly, you must only do so with your foot.",Normal,Sam Campbell,4,0,0,1
16,3,2,"Get the ball in the hole. Nothing may touch the ball. After you touch one tool, you may not touch another tool for one minute. If you decide to touch the welly, you must only do so with your foot.",Normal,Sue Perkins,1,0,0,0
16,3,2,"Get the ball in the hole. Nothing may touch the ball. After you touch one tool, you may not touch another tool for one minute. If you decide to touch the welly, you must only do so with your foot.",Normal,Susan Wokoma,2,0,0,0
16,3,3,"Get underneath the most unique things. Alex will write down your things when you shout ""I'm underneath it"". If you get underneath something that someone else gets underneath, you both lose five things from your total.",Normal,Julian Clary,4,0,0,0
16,3,3,"Get underneath the most unique things. Alex will write down your things when you shout ""I'm underneath it"". If you get underneath something that someone else gets underneath, you both lose five things from your total.",Normal,Lucy Beaumont,2,0,0,0
16,3,3,"Get underneath the most unique things. Alex will write down your things when you shout ""I'm underneath it"". If you get underneath something that someone else gets underneath, you both lose five things from your total.",Normal,Sam Campbell,5,0,0,1
16,3,3,"Get underneath the most unique things. Alex will write down your things when you shout ""I'm underneath it"". If you get underneath something that someone else gets underneath, you both lose five things from your total.",Normal,Sue Perkins,4,0,0,0
16,3,3,"Get underneath the most unique things. Alex will write down your things when you shout ""I'm underneath it"". If you get underneath something that someone else gets underneath, you both lose five things from your total.",Normal,Susan Wokoma,1,0,0,0
16,3,4,Choose a new nickname based on something you do in the next 20 minutes.,Normal,Julian Clary,1,0,0,0
16,3,4,Choose a new nickname based on something you do in the next 20 minutes.,Normal,Lucy Beaumont,4,0,0,0
16,3,4,Choose a new nickname based on something you do in the next 20 minutes.,Normal,Sam Campbell,5,0,0,1
16,3,4,Choose a new nickname based on something you do in the next 20 minutes.,Normal,Sue Perkins,3,0,0,0
16,3,4,Choose a new nickname based on something you do in the next 20 minutes.,Normal,Susan Wokoma,2,0,0,0
16,3,5,"Team Live: One member of your team must lie on three of the squares and go to sleep. After they have taken their position, they must not move until the task is over. Taking it in turns, the other team members must try to land their cushion in each of the three sleep squares.",Live,Julian Clary,5,0,0,0
16,3,5,"Team Live: One member of your team must lie on three of the squares and go to sleep. After they have taken their position, they must not move until the task is over. Taking it in turns, the other team members must try to land their cushion in each of the three sleep squares.",Live,Lucy Beaumont,5,0,0,0
16,3,5,"Team Live: One member of your team must lie on three of the squares and go to sleep. After they have taken their position, they must not move until the task is over. Taking it in turns, the other team members must try to land their cushion in each of the three sleep squares.",Live,Sam Campbell,5,0,0,1
16,3,5,"Team Live: One member of your team must lie on three of the squares and go to sleep. After they have taken their position, they must not move until the task is over. Taking it in turns, the other team members must try to land their cushion in each of the three sleep squares.",Live,Sue Perkins,0,0,0,0
16,3,5,"Team Live: One member of your team must lie on three of the squares and go to sleep. After they have taken their position, they must not move until the task is over. Taking it in turns, the other team members must try to land their cushion in each of the three sleep squares.",Live,Susan Wokoma,0,0,0,0
16,4,1,Prize: Best thing for a grown-up that is meant for a child.,Prize,Julian Clary,4,0,0,0
16,4,1,Prize: Best thing for a grown-up that is meant for a child.,Prize,Lucy Beaumont,5,0,0,1
16,4,1,Prize: Best thing for a grown-up that is meant for a child.,Prize,Sam Campbell,1,0,0,0
16,4,1,Prize: Best thing for a grown-up that is meant for a child.,Prize,Sue Perkins,3,0,0,0
16,4,1,Prize: Best thing for a grown-up that is meant for a child.,Prize,Susan Wokoma,2,0,0,0
16,4,2,"Make a sausage. You can only use seven ingredients, each beginning with the letters of the word ""sausage"". You may not order sausages.",Normal,Julian Clary,4,0,0,0
16,4,2,"Make a sausage. You can only use seven ingredients, each beginning with the letters of the word ""sausage"". You may not order sausages.",Normal,Lucy Beaumont,3,0,0,1
16,4,2,"Make a sausage. You can only use seven ingredients, each beginning with the letters of the word ""sausage"". You may not order sausages.",Normal,Sam Campbell,1,0,0,0
16,4,2,"Make a sausage. You can only use seven ingredients, each beginning with the letters of the word ""sausage"". You may not order sausages.",Normal,Sue Perkins,5,0,0,0
16,4,2,"Make a sausage. You can only use seven ingredients, each beginning with the letters of the word ""sausage"". You may not order sausages.",Normal,Susan Wokoma,2,0,0,0
16,4,3,"Team: Complete all the tasks, then put the tubs back on your heads. One person must be looking at a teammate at all times during the tasks. Also, one person must be shaking their head and smiling at all times during the tasks and one person must only shout.",Team,Julian Clary,5,0,0,0
16,4,3,"Team: Complete all the tasks, then put the tubs back on your heads. One person must be looking at a teammate at all times during the tasks. Also, one person must be shaking their head and smiling at all times during the tasks and one person must only shout.",Team,Lucy Beaumont,5,0,0,1
16,4,3,"Team: Complete all the tasks, then put the tubs back on your heads. One person must be looking at a teammate at all times during the tasks. Also, one person must be shaking their head and smiling at all times during the tasks and one person must only shout.",Team,Sam Campbell,5,0,0,0
16,4,3,"Team: Complete all the tasks, then put the tubs back on your heads. One person must be looking at a teammate at all times during the tasks. Also, one person must be shaking their head and smiling at all times during the tasks and one person must only shout.",Team,Sue Perkins,2,0,0,0
16,4,3,"Team: Complete all the tasks, then put the tubs back on your heads. One person must be looking at a teammate at all times during the tasks. Also, one person must be shaking their head and smiling at all times during the tasks and one person must only shout.",Team,Susan Wokoma,2,0,0,0
16,4,4,"Recreate a well-known piece of art on these memo squares. You must draw on every memo square, but you may only look at one memo square at a time.",Normal,Julian Clary,3,0,0,0
16,4,4,"Recreate a well-known piece of art on these memo squares. You must draw on every memo square, but you may only look at one memo square at a time.",Normal,Lucy Beaumont,1,0,0,1
16,4,4,"Recreate a well-known piece of art on these memo squares. You must draw on every memo square, but you may only look at one memo square at a time.",Normal,Sam Campbell,5,0,0,0
16,4,4,"Recreate a well-known piece of art on these memo squares. You must draw on every memo square, but you may only look at one memo square at a time.",Normal,Sue Perkins,5,0,0,0
16,4,4,"Recreate a well-known piece of art on these memo squares. You must draw on every memo square, but you may only look at one memo square at a time.",Normal,Susan Wokoma,3,0,0,0
16,4,5,Live: Write the name of a different animal on each face of your dice. The most boring animal rolled will be eliminated. | Tut the loudest.,Live,Julian Clary,1,0,0,0
16,4,5,Live: Write the name of a different animal on each face of your dice. The most boring animal rolled will be eliminated. | Tut the loudest.,Live,Lucy Beaumont,4,0,0,1
16,4,5,Live: Write the name of a different animal on each face of your dice. The most boring animal rolled will be eliminated. | Tut the loudest.,Live,Sam Campbell,5,0,0,0
16,4,5,Live: Write the name of a different animal on each face of your dice. The most boring animal rolled will be eliminated. | Tut the loudest.,Live,Sue Perkins,3,0,0,0
16,4,5,Live: Write the name of a different animal on each face of your dice. The most boring animal rolled will be eliminated. | Tut the loudest.,Live,Susan Wokoma,2,0,0,0
16,5,1,Prize: Best thing that has five things on it.,Prize,Julian Clary,4,0,0,1
16,5,1,Prize: Best thing that has five things on it.,Prize,Lucy Beaumont,2,0,0,0
16,5,1,Prize: Best thing that has five things on it.,Prize,Sam Campbell,1,0,0,0
16,5,1,Prize: Best thing that has five things on it.,Prize,Sue Perkins,3,0,0,0
16,5,1,Prize: Best thing that has five things on it.,Prize,Susan Wokoma,5,0,0,0
16,5,2,Burst this balloon from the furthest distance. You must not be looking at the balloon when you burst it.,Normal,Julian Clary,3,0,0,1
16,5,2,Burst this balloon from the furthest distance. You must not be looking at the balloon when you burst it.,Normal,Lucy Beaumont,1,0,0,0
16,5,2,Burst this balloon from the furthest distance. You must not be looking at the balloon when you burst it.,Normal,Sam Campbell,4,0,0,0
16,5,2,Burst this balloon from the furthest distance. You must not be looking at the balloon when you burst it.,Normal,Sue Perkins,5,0,0,0
16,5,2,Burst this balloon from the furthest distance. You must not be looking at the balloon when you burst it.,Normal,Susan Wokoma,2,0,0,0
16,5,3,"Make the most cool but scary gang using these eyes. | Get all the water in the vase. If you spill any water from the plate, you are disqualified. You may not leave the lab.",Normal,Julian Clary,3,0,0,1
16,5,3,"Make the most cool but scary gang using these eyes. | Get all the water in the vase. If you spill any water from the plate, you are disqualified. You may not leave the lab.",Normal,Lucy Beaumont,1,0,0,0
16,5,3,"Make the most cool but scary gang using these eyes. | Get all the water in the vase. If you spill any water from the plate, you are disqualified. You may not leave the lab.",Normal,Sam Campbell,5,0,0,0
16,5,3,"Make the most cool but scary gang using these eyes. | Get all the water in the vase. If you spill any water from the plate, you are disqualified. You may not leave the lab.",Normal,Sue Perkins,2,0,0,0
16,5,3,"Make the most cool but scary gang using these eyes. | Get all the water in the vase. If you spill any water from the plate, you are disqualified. You may not leave the lab.",Normal,Susan Wokoma,4,0,0,0
16,5,4,Live: Sip your drink. You may only touch the loo roll and you may not reach over the line.,Live,Julian Clary,5,0,0,1
16,5,4,Live: Sip your drink. You may only touch the loo roll and you may not reach over the line.,Live,Lucy Beaumont,3,0,0,0
16,5,4,Live: Sip your drink. You may only touch the loo roll and you may not reach over the line.,Live,Sam Campbell,4,0,0,0
16,5,4,Live: Sip your drink. You may only touch the loo roll and you may not reach over the line.,Live,Sue Perkins,2,0,0,0
16,5,4,Live: Sip your drink. You may only touch the loo roll and you may not reach over the line.,Live,Susan Wokoma,2,0,0,0
16,6,1,Prize: Greatest thing that makes quite a loud noise when you shake it.,Prize,Julian Clary,2,0,0,0
16,6,1,Prize: Greatest thing that makes quite a loud noise when you shake it.,Prize,Lucy Beaumont,4,0,0,1
16,6,1,Prize: Greatest thing that makes quite a loud noise when you shake it.,Prize,Sam Campbell,5,0,0,0
16,6,1,Prize: Greatest thing that makes quite a loud noise when you shake it.,Prize,Sue Perkins,3,0,0,0
16,6,1,Prize: Greatest thing that makes quite a loud noise when you shake it.,Prize,Susan Wokoma,1,0,0,0
16,6,2,Avoid the rubbish robots. You may not remove your blindfold at any point and at least one of your knees must be touching the floor throughout.,Normal,Julian Clary,1,0,0,0
16,6,2,Avoid the rubbish robots. You may not remove your blindfold at any point and at least one of your knees must be touching the floor throughout.,Normal,Lucy Beaumont,5,0,0,1
16,6,2,Avoid the rubbish robots. You may not remove your blindfold at any point and at least one of your knees must be touching the floor throughout.,Normal,Sam Campbell,2,0,0,0
16,6,2,Avoid the rubbish robots. You may not remove your blindfold at any point and at least one of your knees must be touching the floor throughout.,Normal,Sue Perkins,3,0,0,0
16,6,2,Avoid the rubbish robots. You may not remove your blindfold at any point and at least one of your knees must be touching the floor throughout.,Normal,Susan Wokoma,4,0,0,0
16,6,3,Team: Recreate your teammate's garage scene.,Team,Julian Clary,3,0,0,0
16,6,3,Team: Recreate your teammate's garage scene.,Team,Lucy Beaumont,0,0,0,1
16,6,3,Team: Recreate your teammate's garage scene.,Team,Sam Campbell,3,0,0,0
16,6,3,Team: Recreate your teammate's garage scene.,Team,Sue Perkins,0,0,0,0
16,6,3,Team: Recreate your teammate's garage scene.,Team,Susan Wokoma,3,0,0,0
16,6,4,"Team: Instruct your teammates to recreate your garage scene. You may not say any of the words on any of the labels. You may not leave your location. Also, you must try on all the outfits in the basket one at a time and not mention anything about it to your teammates.",Team,Julian Clary,0,0,0,0
16,6,4,"Team: Instruct your teammates to recreate your garage scene. You may not say any of the words on any of the labels. You may not leave your location. Also, you must try on all the outfits in the basket one at a time and not mention anything about it to your teammates.",Team,Lucy Beaumont,3,0,0,1
16,6,4,"Team: Instruct your teammates to recreate your garage scene. You may not say any of the words on any of the labels. You may not leave your location. Also, you must try on all the outfits in the basket one at a time and not mention anything about it to your teammates.",Team,Sam Campbell,0,0,0,0
16,6,4,"Team: Instruct your teammates to recreate your garage scene. You may not say any of the words on any of the labels. You may not leave your location. Also, you must try on all the outfits in the basket one at a time and not mention anything about it to your teammates.",Team,Sue Perkins,3,0,0,0
16,6,4,"Team: Instruct your teammates to recreate your garage scene. You may not say any of the words on any of the labels. You may not leave your location. Also, you must try on all the outfits in the basket one at a time and not mention anything about it to your teammates.",Team,Susan Wokoma,0,0,0,0
16,6,5,"Present a piece called ""Heads, Shoulders, Knees and Toes"".",Normal,Julian Clary,2,0,0,0
16,6,5,"Present a piece called ""Heads, Shoulders, Knees and Toes"".",Normal,Lucy Beaumont,5,0,0,1
16,6,5,"Present a piece called ""Heads, Shoulders, Knees and Toes"".",Normal,Sam Campbell,5,0,0,0
16,6,5,"Present a piece called ""Heads, Shoulders, Knees and Toes"".",Normal,Sue Perkins,4,0,0,0
16,6,5,"Present a piece called ""Heads, Shoulders, Knees and Toes"".",Normal,Susan Wokoma,4,0,0,0
16,6,6,"Live: Pass the pineapples amongst you for 15 seconds while the Taskmaster shuts his eyes and has a little think. When the Taskmaster opens his eyes, he will say if he thinks you are holding a pineapple behind your back or not. If he accuses you wrongly, you will get a point.",Live,Julian Clary,1,0,0,0
16,6,6,"Live: Pass the pineapples amongst you for 15 seconds while the Taskmaster shuts his eyes and has a little think. When the Taskmaster opens his eyes, he will say if he thinks you are holding a pineapple behind your back or not. If he accuses you wrongly, you will get a point.",Live,Lucy Beaumont,3,0,0,1
16,6,6,"Live: Pass the pineapples amongst you for 15 seconds while the Taskmaster shuts his eyes and has a little think. When the Taskmaster opens his eyes, he will say if he thinks you are holding a pineapple behind your back or not. If he accuses you wrongly, you will get a point.",Live,Sam Campbell,3,0,0,0
16,6,6,"Live: Pass the pineapples amongst you for 15 seconds while the Taskmaster shuts his eyes and has a little think. When the Taskmaster opens his eyes, he will say if he thinks you are holding a pineapple behind your back or not. If he accuses you wrongly, you will get a point.",Live,Sue Perkins,4,0,0,0
16,6,6,"Live: Pass the pineapples amongst you for 15 seconds while the Taskmaster shuts his eyes and has a little think. When the Taskmaster opens his eyes, he will say if he thinks you are holding a pineapple behind your back or not. If he accuses you wrongly, you will get a point.",Live,Susan Wokoma,5,0,0,0
16,7,1,Prize: The thing that is most guaranteed to make you groan.,Prize,Julian Clary,3,0,0,0
16,7,1,Prize: The thing that is most guaranteed to make you groan.,Prize,Lucy Beaumont,2,0,0,1
16,7,1,Prize: The thing that is most guaranteed to make you groan.,Prize,Sam Campbell,2,0,0,0
16,7,1,Prize: The thing that is most guaranteed to make you groan.,Prize,Sue Perkins,5,0,0,0
16,7,1,Prize: The thing that is most guaranteed to make you groan.,Prize,Susan Wokoma,4,0,0,0
16,7,2,Do whatever you like with these switches for five minutes. You will then do a task in the lab for five minutes. The conditions in the lab will change according to when you switch the switches in here. | Balance the most tees on the shelves. You must stay on the platform throughout the task.,Normal,Julian Clary,0,1,0,0
16,7,2,Do whatever you like with these switches for five minutes. You will then do a task in the lab for five minutes. The conditions in the lab will change according to when you switch the switches in here. | Balance the most tees on the shelves. You must stay on the platform throughout the task.,Normal,Lucy Beaumont,5,0,0,1
16,7,2,Do whatever you like with these switches for five minutes. You will then do a task in the lab for five minutes. The conditions in the lab will change according to when you switch the switches in here. | Balance the most tees on the shelves. You must stay on the platform throughout the task.,Normal,Sam Campbell,0,1,0,0
16,7,2,Do whatever you like with these switches for five minutes. You will then do a task in the lab for five minutes. The conditions in the lab will change according to when you switch the switches in here. | Balance the most tees on the shelves. You must stay on the platform throughout the task.,Normal,Sue Perkins,0,1,0,0
16,7,2,Do whatever you like with these switches for five minutes. You will then do a task in the lab for five minutes. The conditions in the lab will change according to when you switch the switches in here. | Balance the most tees on the shelves. You must stay on the platform throughout the task.,Normal,Susan Wokoma,0,1,0,0
16,7,3,"Pie Wayne in the face. Wayne is outside the front door. You may not touch Wayne nor step on the red green. If you miss Wayne with the pie, you must copy Wayne's dance moves for 10 seconds.",Normal,Julian Clary,4,0,0,0
16,7,3,"Pie Wayne in the face. Wayne is outside the front door. You may not touch Wayne nor step on the red green. If you miss Wayne with the pie, you must copy Wayne's dance moves for 10 seconds.",Normal,Lucy Beaumont,0,1,0,1
16,7,3,"Pie Wayne in the face. Wayne is outside the front door. You may not touch Wayne nor step on the red green. If you miss Wayne with the pie, you must copy Wayne's dance moves for 10 seconds.",Normal,Sam Campbell,3,0,0,0
16,7,3,"Pie Wayne in the face. Wayne is outside the front door. You may not touch Wayne nor step on the red green. If you miss Wayne with the pie, you must copy Wayne's dance moves for 10 seconds.",Normal,Sue Perkins,0,1,0,0
16,7,3,"Pie Wayne in the face. Wayne is outside the front door. You may not touch Wayne nor step on the red green. If you miss Wayne with the pie, you must copy Wayne's dance moves for 10 seconds.",Normal,Susan Wokoma,5,0,0,0
16,7,4,"Put yourself somewhere within the boundary. The person furthest from everyone else wins. The people closest together both lose two points. Also, throughout the task, you must behave really weirdly.",Normal,Julian Clary,1,0,0,0
16,7,4,"Put yourself somewhere within the boundary. The person furthest from everyone else wins. The people closest together both lose two points. Also, throughout the task, you must behave really weirdly.",Normal,Lucy Beaumont,4,0,0,1
16,7,4,"Put yourself somewhere within the boundary. The person furthest from everyone else wins. The people closest together both lose two points. Also, throughout the task, you must behave really weirdly.",Normal,Sam Campbell,5,0,0,0
16,7,4,"Put yourself somewhere within the boundary. The person furthest from everyone else wins. The people closest together both lose two points. Also, throughout the task, you must behave really weirdly.",Normal,Sue Perkins,0,0,0,0
16,7,4,"Put yourself somewhere within the boundary. The person furthest from everyone else wins. The people closest together both lose two points. Also, throughout the task, you must behave really weirdly.",Normal,Susan Wokoma,1,0,0,0
16,7,5,"Live: Catch three balls on your head. After you've caught a ball, you must shout ""ball"". You may not step off your circles, move your circles, adjust your arms or touch the balls with your hands. | Live: From your seated position, fire the contents of your party popper furthest.",Live,Julian Clary,5,0,0,0
16,7,5,"Live: Catch three balls on your head. After you've caught a ball, you must shout ""ball"". You may not step off your circles, move your circles, adjust your arms or touch the balls with your hands. | Live: From your seated position, fire the contents of your party popper furthest.",Live,Lucy Beaumont,3,0,0,1
16,7,5,"Live: Catch three balls on your head. After you've caught a ball, you must shout ""ball"". You may not step off your circles, move your circles, adjust your arms or touch the balls with your hands. | Live: From your seated position, fire the contents of your party popper furthest.",Live,Sam Campbell,4,0,0,0
16,7,5,"Live: Catch three balls on your head. After you've caught a ball, you must shout ""ball"". You may not step off your circles, move your circles, adjust your arms or touch the balls with your hands. | Live: From your seated position, fire the contents of your party popper furthest.",Live,Sue Perkins,1,0,0,0
16,7,5,"Live: Catch three balls on your head. After you've caught a ball, you must shout ""ball"". You may not step off your circles, move your circles, adjust your arms or touch the balls with your hands. | Live: From your seated position, fire the contents of your party popper furthest.",Live,Susan Wokoma,2,0,0,0
16,8,1,Prize: Best single-word object you own and love that gets the best reaction when introduced following a drum roll.,Prize,Julian Clary,4,0,0,0
16,8,1,Prize: Best single-word object you own and love that gets the best reaction when introduced following a drum roll.,Prize,Lucy Beaumont,3,0,0,0
16,8,1,Prize: Best single-word object you own and love that gets the best reaction when introduced following a drum roll.,Prize,Sam Campbell,2,0,0,0
16,8,1,Prize: Best single-word object you own and love that gets the best reaction when introduced following a drum roll.,Prize,Sue Perkins,5,0,0,0
16,8,1,Prize: Best single-word object you own and love that gets the best reaction when introduced following a drum roll.,Prize,Susan Wokoma,4,0,0,1
16,8,2,"This is not a team task. Find the secret task. You must never be in the same room as each other. Whenever the air horn sounds, you must replace anything you are holding and change rooms. Everyone must find the secret task before the task ends. | This is the secret task. If you found this task fastest, you must choose one contestant who will lose five points. If you found it second fastest, you must choose one contestant who will lose one point. If you found it third fastest, you must choose one contestant who will get a special hat. If you found it fourth fastest, you must choose a contestant who will gain a point. If you found it slowest, you must choose one contestant who will gain five points. You must not choose yourself. You must shout the name of your contestant in 10 seconds from now.",Team,Julian Clary,0,0,0,0
16,8,2,"This is not a team task. Find the secret task. You must never be in the same room as each other. Whenever the air horn sounds, you must replace anything you are holding and change rooms. Everyone must find the secret task before the task ends. | This is the secret task. If you found this task fastest, you must choose one contestant who will lose five points. If you found it second fastest, you must choose one contestant who will lose one point. If you found it third fastest, you must choose one contestant who will get a special hat. If you found it fourth fastest, you must choose a contestant who will gain a point. If you found it slowest, you must choose one contestant who will gain five points. You must not choose yourself. You must shout the name of your contestant in 10 seconds from now.",Team,Lucy Beaumont,0,0,0,0
16,8,2,"This is not a team task. Find the secret task. You must never be in the same room as each other. Whenever the air horn sounds, you must replace anything you are holding and change rooms. Everyone must find the secret task before the task ends. | This is the secret task. If you found this task fastest, you must choose one contestant who will lose five points. If you found it second fastest, you must choose one contestant who will lose one point. If you found it third fastest, you must choose one contestant who will get a special hat. If you found it fourth fastest, you must choose a contestant who will gain a point. If you found it slowest, you must choose one contestant who will gain five points. You must not choose yourself. You must shout the name of your contestant in 10 seconds from now.",Team,Sam Campbell,1,0,0,0
16,8,2,"This is not a team task. Find the secret task. You must never be in the same room as each other. Whenever the air horn sounds, you must replace anything you are holding and change rooms. Everyone must find the secret task before the task ends. | This is the secret task. If you found this task fastest, you must choose one contestant who will lose five points. If you found it second fastest, you must choose one contestant who will lose one point. If you found it third fastest, you must choose one contestant who will get a special hat. If you found it fourth fastest, you must choose a contestant who will gain a point. If you found it slowest, you must choose one contestant who will gain five points. You must not choose yourself. You must shout the name of your contestant in 10 seconds from now.",Team,Sue Perkins,-1,0,0,0
16,8,2,"This is not a team task. Find the secret task. You must never be in the same room as each other. Whenever the air horn sounds, you must replace anything you are holding and change rooms. Everyone must find the secret task before the task ends. | This is the secret task. If you found this task fastest, you must choose one contestant who will lose five points. If you found it second fastest, you must choose one contestant who will lose one point. If you found it third fastest, you must choose one contestant who will get a special hat. If you found it fourth fastest, you must choose a contestant who will gain a point. If you found it slowest, you must choose one contestant who will gain five points. You must not choose yourself. You must shout the name of your contestant in 10 seconds from now.",Team,Susan Wokoma,0,0,0,1
16,8,3,Complete the fortune trail.,Normal,Julian Clary,5,0,0,0
16,8,3,Complete the fortune trail.,Normal,Lucy Beaumont,0,1,0,0
16,8,3,Complete the fortune trail.,Normal,Sam Campbell,4,0,0,0
16,8,3,Complete the fortune trail.,Normal,Sue Perkins,0,1,0,0
16,8,3,Complete the fortune trail.,Normal,Susan Wokoma,3,0,0,1
16,8,4,"Convince a child you're asleep. You must either have a nap lasting one minute with your face visible throughout - during this nap, you must snore and sleepwalk - or you must have a nap lasting one minute where you are not in bed at all, but the child thinks you are. During this nap, you must snore and sleeptalk.",Normal,Julian Clary,3,0,0,0
16,8,4,"Convince a child you're asleep. You must either have a nap lasting one minute with your face visible throughout - during this nap, you must snore and sleepwalk - or you must have a nap lasting one minute where you are not in bed at all, but the child thinks you are. During this nap, you must snore and sleeptalk.",Normal,Lucy Beaumont,1,0,0,0
16,8,4,"Convince a child you're asleep. You must either have a nap lasting one minute with your face visible throughout - during this nap, you must snore and sleepwalk - or you must have a nap lasting one minute where you are not in bed at all, but the child thinks you are. During this nap, you must snore and sleeptalk.",Normal,Sam Campbell,5,0,0,0
16,8,4,"Convince a child you're asleep. You must either have a nap lasting one minute with your face visible throughout - during this nap, you must snore and sleepwalk - or you must have a nap lasting one minute where you are not in bed at all, but the child thinks you are. During this nap, you must snore and sleeptalk.",Normal,Sue Perkins,2,0,0,0
16,8,4,"Convince a child you're asleep. You must either have a nap lasting one minute with your face visible throughout - during this nap, you must snore and sleepwalk - or you must have a nap lasting one minute where you are not in bed at all, but the child thinks you are. During this nap, you must snore and sleeptalk.",Normal,Susan Wokoma,5,0,0,1
16,8,5,"Team Live: Mime the proverb on your card. There will be three minute-long rounds. You must be waving at each other throughout your attempt, but you can make a single noise of the Taskmaster's choosing.",Live,Julian Clary,3,0,0,0
16,8,5,"Team Live: Mime the proverb on your card. There will be three minute-long rounds. You must be waving at each other throughout your attempt, but you can make a single noise of the Taskmaster's choosing.",Live,Lucy Beaumont,3,0,0,0
16,8,5,"Team Live: Mime the proverb on your card. There will be three minute-long rounds. You must be waving at each other throughout your attempt, but you can make a single noise of the Taskmaster's choosing.",Live,Sam Campbell,3,0,0,0
16,8,5,"Team Live: Mime the proverb on your card. There will be three minute-long rounds. You must be waving at each other throughout your attempt, but you can make a single noise of the Taskmaster's choosing.",Live,Sue Perkins,5,0,0,0
16,8,5,"Team Live: Mime the proverb on your card. There will be three minute-long rounds. You must be waving at each other throughout your attempt, but you can make a single noise of the Taskmaster's choosing.",Live,Susan Wokoma,5,0,0,1
16,9,1,Prize: The bit of old crap that Greg likes the best.,Prize,Julian Clary,3,0,0,0
16,9,1,Prize: The bit of old crap that Greg likes the best.,Prize,Lucy Beaumont,1,0,0,0
16,9,1,Prize: The bit of old crap that Greg likes the best.,Prize,Sam Campbell,4,0,0,0
16,9,1,Prize: The bit of old crap that Greg likes the best.,Prize,Sue Perkins,5,0,0,1
16,9,1,Prize: The bit of old crap that Greg likes the best.,Prize,Susan Wokoma,2,0,0,0
16,9,2,"Drive across the finish line. You must obey all the rules of the road and must only stop your vehicle at a traffic signal. If you disobey a rule, Alex will blow his whistle and you must return to the start for a 10-second driving lesson.",Normal,Julian Clary,0,1,0,0
16,9,2,"Drive across the finish line. You must obey all the rules of the road and must only stop your vehicle at a traffic signal. If you disobey a rule, Alex will blow his whistle and you must return to the start for a 10-second driving lesson.",Normal,Lucy Beaumont,3,0,0,0
16,9,2,"Drive across the finish line. You must obey all the rules of the road and must only stop your vehicle at a traffic signal. If you disobey a rule, Alex will blow his whistle and you must return to the start for a 10-second driving lesson.",Normal,Sam Campbell,2,0,0,0
16,9,2,"Drive across the finish line. You must obey all the rules of the road and must only stop your vehicle at a traffic signal. If you disobey a rule, Alex will blow his whistle and you must return to the start for a 10-second driving lesson.",Normal,Sue Perkins,5,0,0,1
16,9,2,"Drive across the finish line. You must obey all the rules of the road and must only stop your vehicle at a traffic signal. If you disobey a rule, Alex will blow his whistle and you must return to the start for a 10-second driving lesson.",Normal,Susan Wokoma,4,0,0,0
16,9,3,Make Greg the best gift. Your items must cost no more than £50.,Normal,Julian Clary,4,0,0,0
16,9,3,Make Greg the best gift. Your items must cost no more than £50.,Normal,Lucy Beaumont,4,0,0,0
16,9,3,Make Greg the best gift. Your items must cost no more than £50.,Normal,Sam Campbell,2,0,0,0
16,9,3,Make Greg the best gift. Your items must cost no more than £50.,Normal,Sue Perkins,5,0,0,1
16,9,3,Make Greg the best gift. Your items must cost no more than £50.,Normal,Susan Wokoma,3,0,0,0
16,9,4,Feed the clown the most cards. No part of you must cross the threshold of the stage.,Normal,Julian Clary,5,0,0,0
16,9,4,Feed the clown the most cards. No part of you must cross the threshold of the stage.,Normal,Lucy Beaumont,0,1,0,0
16,9,4,Feed the clown the most cards. No part of you must cross the threshold of the stage.,Normal,Sam Campbell,0,1,0,0
16,9,4,Feed the clown the most cards. No part of you must cross the threshold of the stage.,Normal,Sue Perkins,0,1,0,1
16,9,4,Feed the clown the most cards. No part of you must cross the threshold of the stage.,Normal,Susan Wokoma,0,1,0,0
16,9,5,Live: Watch Alex's parade then answer the questions. You may not make any notes during the parade.,Live,Julian Clary,3,0,0,0
16,9,5,Live: Watch Alex's parade then answer the questions. You may not make any notes during the parade.,Live,Lucy Beaumont,1,0,0,0
16,9,5,Live: Watch Alex's parade then answer the questions. You may not make any notes during the parade.,Live,Sam Campbell,2,0,0,0
16,9,5,Live: Watch Alex's parade then answer the questions. You may not make any notes during the parade.,Live,Sue Perkins,5,0,0,1
16,9,5,Live: Watch Alex's parade then answer the questions. You may not make any notes during the parade.,Live,Susan Wokoma,5,0,0,0
16,10,1,"Prize: The thing that, when you turn it round, gives you the biggest shock.",Prize,Julian Clary,5,0,0,1
16,10,1,"Prize: The thing that, when you turn it round, gives you the biggest shock.",Prize,Lucy Beaumont,4,0,0,0
16,10,1,"Prize: The thing that, when you turn it round, gives you the biggest shock.",Prize,Sam Campbell,2,0,0,0
16,10,1,"Prize: The thing that, when you turn it round, gives you the biggest shock.",Prize,Sue Perkins,1,0,0,0
16,10,1,"Prize: The thing that, when you turn it round, gives you the biggest shock.",Prize,Susan Wokoma,3,0,0,0
16,10,2,Do something shocking but family-friendly with this doughnut.,Normal,Julian Clary,4,0,0,1
16,10,2,Do something shocking but family-friendly with this doughnut.,Normal,Lucy Beaumont,5,0,0,0
16,10,2,Do something shocking but family-friendly with this doughnut.,Normal,Sam Campbell,3,0,0,0
16,10,2,Do something shocking but family-friendly with this doughnut.,Normal,Sue Perkins,1,0,0,0
16,10,2,Do something shocking but family-friendly with this doughnut.,Normal,Susan Wokoma,4,0,0,0
16,10,3,"Demonstrate the most effective high-intensity four-part exercise routine. Each of your four exercises must be original and must take place on this mat. The first must last eight seconds, the second four, the third two and the fourth one second long. [ 2 ]",Normal,Julian Clary,5,0,0,1
16,10,3,"Demonstrate the most effective high-intensity four-part exercise routine. Each of your four exercises must be original and must take place on this mat. The first must last eight seconds, the second four, the third two and the fourth one second long. [ 2 ]",Normal,Lucy Beaumont,2,0,0,0
16,10,3,"Demonstrate the most effective high-intensity four-part exercise routine. Each of your four exercises must be original and must take place on this mat. The first must last eight seconds, the second four, the third two and the fourth one second long. [ 2 ]",Normal,Sam Campbell,4,0,0,0
16,10,3,"Demonstrate the most effective high-intensity four-part exercise routine. Each of your four exercises must be original and must take place on this mat. The first must last eight seconds, the second four, the third two and the fourth one second long. [ 2 ]",Normal,Sue Perkins,3,0,0,0
16,10,3,"Demonstrate the most effective high-intensity four-part exercise routine. Each of your four exercises must be original and must take place on this mat. The first must last eight seconds, the second four, the third two and the fourth one second long. [ 2 ]",Normal,Susan Wokoma,3,0,0,0
16,10,4,Team: Give your guest the best service.,Team,Julian Clary,2,0,0,1
16,10,4,Team: Give your guest the best service.,Team,Lucy Beaumont,2,0,0,0
16,10,4,Team: Give your guest the best service.,Team,Sam Campbell,2,0,0,0
16,10,4,Team: Give your guest the best service.,Team,Sue Perkins,5,0,0,0
16,10,4,Team: Give your guest the best service.,Team,Susan Wokoma,5,0,0,0
16,10,5,"Live: Throw a ball into the bathtub from behind the rope. You may not touch the rope. If a ball ends up not in the bathtub, you are eliminated.",Live,Julian Clary,1,0,0,1
16,10,5,"Live: Throw a ball into the bathtub from behind the rope. You may not touch the rope. If a ball ends up not in the bathtub, you are eliminated.",Live,Lucy Beaumont,1,0,0,0
16,10,5,"Live: Throw a ball into the bathtub from behind the rope. You may not touch the rope. If a ball ends up not in the bathtub, you are eliminated.",Live,Sam Campbell,5,0,0,0
16,10,5,"Live: Throw a ball into the bathtub from behind the rope. You may not touch the rope. If a ball ends up not in the bathtub, you are eliminated.",Live,Sue Perkins,1,0,0,0
16,10,5,"Live: Throw a ball into the bathtub from behind the rope. You may not touch the rope. If a ball ends up not in the bathtub, you are eliminated.",Live,Susan Wokoma,1,0,0,0
17,1,1,"Prize: Most glorious thing that sounds a bit like ""Greg Davies"" if you mumble it.",Prize,Joanne McNally,1,0,0,1
17,1,1,"Prize: Most glorious thing that sounds a bit like ""Greg Davies"" if you mumble it.",Prize,John Robins,4,0,0,0
17,1,1,"Prize: Most glorious thing that sounds a bit like ""Greg Davies"" if you mumble it.",Prize,Nick Mohammed,2,0,0,0
17,1,1,"Prize: Most glorious thing that sounds a bit like ""Greg Davies"" if you mumble it.",Prize,Sophie Willan,3,0,0,0
17,1,1,"Prize: Most glorious thing that sounds a bit like ""Greg Davies"" if you mumble it.",Prize,Steve Pemberton,5,0,0,0
17,1,2,Do the riskiest thing involving this egg without breaking this egg.,Normal,Joanne McNally,4,0,0,1
17,1,2,Do the riskiest thing involving this egg without breaking this egg.,Normal,John Robins,5,0,0,0
17,1,2,Do the riskiest thing involving this egg without breaking this egg.,Normal,Nick Mohammed,0,1,0,0
17,1,2,Do the riskiest thing involving this egg without breaking this egg.,Normal,Sophie Willan,0,1,0,0
17,1,2,Do the riskiest thing involving this egg without breaking this egg.,Normal,Steve Pemberton,0,1,0,0
17,1,3,"Team: Create the best single picture of an animal doing something surprising. All six blinds must be fully and equally involved in your picture. You may not see each other's work and you may only say two words at a time. After the task, your pieces will be lined up next to each other in this order: 1) Shortest Wikipedia entry, 2) Best show at the Edinburgh Fringe winner, 3) Smallest shoe size, 4) The person whom Alex said ""hello"" to first, 5) Most Twitter followers, 6) Lowest-scoring full name in Scrabble. You may not move outside of your segment.",Team,Joanne McNally,3,0,0,1
17,1,3,"Team: Create the best single picture of an animal doing something surprising. All six blinds must be fully and equally involved in your picture. You may not see each other's work and you may only say two words at a time. After the task, your pieces will be lined up next to each other in this order: 1) Shortest Wikipedia entry, 2) Best show at the Edinburgh Fringe winner, 3) Smallest shoe size, 4) The person whom Alex said ""hello"" to first, 5) Most Twitter followers, 6) Lowest-scoring full name in Scrabble. You may not move outside of your segment.",Team,John Robins,3,0,0,0
17,1,3,"Team: Create the best single picture of an animal doing something surprising. All six blinds must be fully and equally involved in your picture. You may not see each other's work and you may only say two words at a time. After the task, your pieces will be lined up next to each other in this order: 1) Shortest Wikipedia entry, 2) Best show at the Edinburgh Fringe winner, 3) Smallest shoe size, 4) The person whom Alex said ""hello"" to first, 5) Most Twitter followers, 6) Lowest-scoring full name in Scrabble. You may not move outside of your segment.",Team,Nick Mohammed,5,0,0,0
17,1,3,"Team: Create the best single picture of an animal doing something surprising. All six blinds must be fully and equally involved in your picture. You may not see each other's work and you may only say two words at a time. After the task, your pieces will be lined up next to each other in this order: 1) Shortest Wikipedia entry, 2) Best show at the Edinburgh Fringe winner, 3) Smallest shoe size, 4) The person whom Alex said ""hello"" to first, 5) Most Twitter followers, 6) Lowest-scoring full name in Scrabble. You may not move outside of your segment.",Team,Sophie Willan,3,0,0,0
17,1,3,"Team: Create the best single picture of an animal doing something surprising. All six blinds must be fully and equally involved in your picture. You may not see each other's work and you may only say two words at a time. After the task, your pieces will be lined up next to each other in this order: 1) Shortest Wikipedia entry, 2) Best show at the Edinburgh Fringe winner, 3) Smallest shoe size, 4) The person whom Alex said ""hello"" to first, 5) Most Twitter followers, 6) Lowest-scoring full name in Scrabble. You may not move outside of your segment.",Team,Steve Pemberton,5,0,0,0
17,1,4,Hoopla Gary before he crosses the finish line. Your time is doubled every time one of your limbs gets wet.,Normal,Joanne McNally,5,0,0,1
17,1,4,Hoopla Gary before he crosses the finish line. Your time is doubled every time one of your limbs gets wet.,Normal,John Robins,3,0,0,0
17,1,4,Hoopla Gary before he crosses the finish line. Your time is doubled every time one of your limbs gets wet.,Normal,Nick Mohammed,2,0,0,0
17,1,4,Hoopla Gary before he crosses the finish line. Your time is doubled every time one of your limbs gets wet.,Normal,Sophie Willan,0,0,0,0
17,1,4,Hoopla Gary before he crosses the finish line. Your time is doubled every time one of your limbs gets wet.,Normal,Steve Pemberton,4,0,0,0
17,1,5,Live: Bring your sausage to life. You may not write any words on your drawing. | Which chess piece is not in the peas chest?,Live,Joanne McNally,5,0,0,1
17,1,5,Live: Bring your sausage to life. You may not write any words on your drawing. | Which chess piece is not in the peas chest?,Live,John Robins,3,0,0,0
17,1,5,Live: Bring your sausage to life. You may not write any words on your drawing. | Which chess piece is not in the peas chest?,Live,Nick Mohammed,1,0,0,0
17,1,5,Live: Bring your sausage to life. You may not write any words on your drawing. | Which chess piece is not in the peas chest?,Live,Sophie Willan,2,0,0,0
17,1,5,Live: Bring your sausage to life. You may not write any words on your drawing. | Which chess piece is not in the peas chest?,Live,Steve Pemberton,4,0,0,0
17,2,1,Prize: Most fun thing to turn upside down.,Prize,Joanne McNally,5,0,0,0
17,2,1,Prize: Most fun thing to turn upside down.,Prize,John Robins,3,0,0,0
17,2,1,Prize: Most fun thing to turn upside down.,Prize,Nick Mohammed,4,0,0,0
17,2,1,Prize: Most fun thing to turn upside down.,Prize,Sophie Willan,1,0,0,0
17,2,1,Prize: Most fun thing to turn upside down.,Prize,Steve Pemberton,5,0,0,1
17,2,2,Rescue the cat. The cat must come out of the top hole. Your head may not enter the dome. The door must remain closed.,Normal,Joanne McNally,2,0,0,0
17,2,2,Rescue the cat. The cat must come out of the top hole. Your head may not enter the dome. The door must remain closed.,Normal,John Robins,4,0,0,0
17,2,2,Rescue the cat. The cat must come out of the top hole. Your head may not enter the dome. The door must remain closed.,Normal,Nick Mohammed,3,0,0,0
17,2,2,Rescue the cat. The cat must come out of the top hole. Your head may not enter the dome. The door must remain closed.,Normal,Sophie Willan,1,0,0,0
17,2,2,Rescue the cat. The cat must come out of the top hole. Your head may not enter the dome. The door must remain closed.,Normal,Steve Pemberton,5,0,0,1
17,2,3,Team: Do the most epic thing using green material and this green screen onesie.,Team,Joanne McNally,5,0,0,0
17,2,3,Team: Do the most epic thing using green material and this green screen onesie.,Team,John Robins,5,0,0,0
17,2,3,Team: Do the most epic thing using green material and this green screen onesie.,Team,Nick Mohammed,4,0,0,0
17,2,3,Team: Do the most epic thing using green material and this green screen onesie.,Team,Sophie Willan,5,0,0,0
17,2,3,Team: Do the most epic thing using green material and this green screen onesie.,Team,Steve Pemberton,4,0,0,1
17,2,4,"Stick the heaviest thing to the board using three of the ingredients on the shelves. Once you've chosen your ingredients, you may not change your mind. You must choose your thing in the first two minutes.",Normal,Joanne McNally,3,0,0,0
17,2,4,"Stick the heaviest thing to the board using three of the ingredients on the shelves. Once you've chosen your ingredients, you may not change your mind. You must choose your thing in the first two minutes.",Normal,John Robins,0,1,0,0
17,2,4,"Stick the heaviest thing to the board using three of the ingredients on the shelves. Once you've chosen your ingredients, you may not change your mind. You must choose your thing in the first two minutes.",Normal,Nick Mohammed,0,1,0,0
17,2,4,"Stick the heaviest thing to the board using three of the ingredients on the shelves. Once you've chosen your ingredients, you may not change your mind. You must choose your thing in the first two minutes.",Normal,Sophie Willan,5,0,0,0
17,2,4,"Stick the heaviest thing to the board using three of the ingredients on the shelves. Once you've chosen your ingredients, you may not change your mind. You must choose your thing in the first two minutes.",Normal,Steve Pemberton,4,0,0,1
17,2,5,Team Live: Guess the movie that your teammate is saying. Your teammate can only say the first three letters of each word of the movie title.,Live,Joanne McNally,5,0,0,0
17,2,5,Team Live: Guess the movie that your teammate is saying. Your teammate can only say the first three letters of each word of the movie title.,Live,John Robins,5,0,0,0
17,2,5,Team Live: Guess the movie that your teammate is saying. Your teammate can only say the first three letters of each word of the movie title.,Live,Nick Mohammed,3,0,0,0
17,2,5,Team Live: Guess the movie that your teammate is saying. Your teammate can only say the first three letters of each word of the movie title.,Live,Sophie Willan,5,0,0,0
17,2,5,Team Live: Guess the movie that your teammate is saying. Your teammate can only say the first three letters of each word of the movie title.,Live,Steve Pemberton,3,0,0,1
17,3,1,Prize: Best thing for a person that is meant for an animal.,Prize,Joanne McNally,4,0,0,0
17,3,1,Prize: Best thing for a person that is meant for an animal.,Prize,John Robins,5,0,0,1
17,3,1,Prize: Best thing for a person that is meant for an animal.,Prize,Nick Mohammed,1,0,0,0
17,3,1,Prize: Best thing for a person that is meant for an animal.,Prize,Sophie Willan,3,0,0,0
17,3,1,Prize: Best thing for a person that is meant for an animal.,Prize,Steve Pemberton,2,0,0,0
17,3,2,"Work out who is following you. You must stare at the duck at all times and take an average-length step towards the duck every time it quacks. If the person following you agrees with you, they will say the name of a mammal. If the person following you disagrees with you, they will say the name of a bird. If the person following you doesn't know if they agree or disagree with you, they will say the name of an amphibian.",Normal,Joanne McNally,5,0,0,0
17,3,2,"Work out who is following you. You must stare at the duck at all times and take an average-length step towards the duck every time it quacks. If the person following you agrees with you, they will say the name of a mammal. If the person following you disagrees with you, they will say the name of a bird. If the person following you doesn't know if they agree or disagree with you, they will say the name of an amphibian.",Normal,John Robins,4,0,0,1
17,3,2,"Work out who is following you. You must stare at the duck at all times and take an average-length step towards the duck every time it quacks. If the person following you agrees with you, they will say the name of a mammal. If the person following you disagrees with you, they will say the name of a bird. If the person following you doesn't know if they agree or disagree with you, they will say the name of an amphibian.",Normal,Nick Mohammed,2,0,0,0
17,3,2,"Work out who is following you. You must stare at the duck at all times and take an average-length step towards the duck every time it quacks. If the person following you agrees with you, they will say the name of a mammal. If the person following you disagrees with you, they will say the name of a bird. If the person following you doesn't know if they agree or disagree with you, they will say the name of an amphibian.",Normal,Sophie Willan,0,1,0,0
17,3,2,"Work out who is following you. You must stare at the duck at all times and take an average-length step towards the duck every time it quacks. If the person following you agrees with you, they will say the name of a mammal. If the person following you disagrees with you, they will say the name of a bird. If the person following you doesn't know if they agree or disagree with you, they will say the name of an amphibian.",Normal,Steve Pemberton,3,0,0,0
17,3,3,Complete the jobstacle course. Each job must be completed to a satisfactory-quality level. The baby must remain in the baby carrier at all times except during nappy change.,Normal,Joanne McNally,3,0,0,0
17,3,3,Complete the jobstacle course. Each job must be completed to a satisfactory-quality level. The baby must remain in the baby carrier at all times except during nappy change.,Normal,John Robins,5,0,0,1
17,3,3,Complete the jobstacle course. Each job must be completed to a satisfactory-quality level. The baby must remain in the baby carrier at all times except during nappy change.,Normal,Nick Mohammed,1,0,0,0
17,3,3,Complete the jobstacle course. Each job must be completed to a satisfactory-quality level. The baby must remain in the baby carrier at all times except during nappy change.,Normal,Sophie Willan,2,0,0,0
17,3,3,Complete the jobstacle course. Each job must be completed to a satisfactory-quality level. The baby must remain in the baby carrier at all times except during nappy change.,Normal,Steve Pemberton,4,0,0,0
17,3,4,Create tension.,Normal,Joanne McNally,5,0,0,0
17,3,4,Create tension.,Normal,John Robins,3,0,0,1
17,3,4,Create tension.,Normal,Nick Mohammed,4,0,0,0
17,3,4,Create tension.,Normal,Sophie Willan,1,0,0,0
17,3,4,Create tension.,Normal,Steve Pemberton,4,0,0,0
17,3,5,Live: Catch the most monsters in your boxes. The monsters must propel themselves from the table.,Live,Joanne McNally,1,0,0,0
17,3,5,Live: Catch the most monsters in your boxes. The monsters must propel themselves from the table.,Live,John Robins,5,0,0,1
17,3,5,Live: Catch the most monsters in your boxes. The monsters must propel themselves from the table.,Live,Nick Mohammed,2,0,0,0
17,3,5,Live: Catch the most monsters in your boxes. The monsters must propel themselves from the table.,Live,Sophie Willan,3,0,0,0
17,3,5,Live: Catch the most monsters in your boxes. The monsters must propel themselves from the table.,Live,Steve Pemberton,4,0,0,0
17,4,1,Prize: Greatest thing to give to a granny.,Prize,Joanne McNally,1,0,0,0
17,4,1,Prize: Greatest thing to give to a granny.,Prize,John Robins,5,0,0,1
17,4,1,Prize: Greatest thing to give to a granny.,Prize,Nick Mohammed,3,0,0,0
17,4,1,Prize: Greatest thing to give to a granny.,Prize,Sophie Willan,2,0,0,0
17,4,1,Prize: Greatest thing to give to a granny.,Prize,Steve Pemberton,4,0,0,0
17,4,2,"Work out who you are shaking hands with. You must only shake hands with the hands and you may not handle the hands in any other way. You may chop off a total of three fingers and one thumb but if you set off the health and safety emergency alarm, you are disqualified. Also, you may not look around, over, under or through the fence.",Normal,Joanne McNally,4,0,0,0
17,4,2,"Work out who you are shaking hands with. You must only shake hands with the hands and you may not handle the hands in any other way. You may chop off a total of three fingers and one thumb but if you set off the health and safety emergency alarm, you are disqualified. Also, you may not look around, over, under or through the fence.",Normal,John Robins,3,0,0,1
17,4,2,"Work out who you are shaking hands with. You must only shake hands with the hands and you may not handle the hands in any other way. You may chop off a total of three fingers and one thumb but if you set off the health and safety emergency alarm, you are disqualified. Also, you may not look around, over, under or through the fence.",Normal,Nick Mohammed,5,0,0,0
17,4,2,"Work out who you are shaking hands with. You must only shake hands with the hands and you may not handle the hands in any other way. You may chop off a total of three fingers and one thumb but if you set off the health and safety emergency alarm, you are disqualified. Also, you may not look around, over, under or through the fence.",Normal,Sophie Willan,2,0,0,0
17,4,2,"Work out who you are shaking hands with. You must only shake hands with the hands and you may not handle the hands in any other way. You may chop off a total of three fingers and one thumb but if you set off the health and safety emergency alarm, you are disqualified. Also, you may not look around, over, under or through the fence.",Normal,Steve Pemberton,1,0,0,0
17,4,3,Create the biggest and best dot-to-dot picture.,Normal,Joanne McNally,2,0,0,0
17,4,3,Create the biggest and best dot-to-dot picture.,Normal,John Robins,5,0,0,1
17,4,3,Create the biggest and best dot-to-dot picture.,Normal,Nick Mohammed,1,0,0,0
17,4,3,Create the biggest and best dot-to-dot picture.,Normal,Sophie Willan,5,0,0,0
17,4,3,Create the biggest and best dot-to-dot picture.,Normal,Steve Pemberton,3,0,0,0
17,4,4,"Team: Fastest team to (go to the lab,) discover the (cake, eat one half, put the) other half (in the post box, put a flower on top) of this (task and then sit on top of this) task wins (five points.) You must (not necessarily) always hold hands. (That's up to you.)",Team,Joanne McNally,5,0,0,0
17,4,4,"Team: Fastest team to (go to the lab,) discover the (cake, eat one half, put the) other half (in the post box, put a flower on top) of this (task and then sit on top of this) task wins (five points.) You must (not necessarily) always hold hands. (That's up to you.)",Team,John Robins,5,0,0,1
17,4,4,"Team: Fastest team to (go to the lab,) discover the (cake, eat one half, put the) other half (in the post box, put a flower on top) of this (task and then sit on top of this) task wins (five points.) You must (not necessarily) always hold hands. (That's up to you.)",Team,Nick Mohammed,4,0,0,0
17,4,4,"Team: Fastest team to (go to the lab,) discover the (cake, eat one half, put the) other half (in the post box, put a flower on top) of this (task and then sit on top of this) task wins (five points.) You must (not necessarily) always hold hands. (That's up to you.)",Team,Sophie Willan,5,0,0,0
17,4,4,"Team: Fastest team to (go to the lab,) discover the (cake, eat one half, put the) other half (in the post box, put a flower on top) of this (task and then sit on top of this) task wins (five points.) You must (not necessarily) always hold hands. (That's up to you.)",Team,Steve Pemberton,4,0,0,0
17,4,5,"Live: Pass all your loo roll through your loo roll inner tube. If your loo roll breaks at any point, you must put down your loo roll and put both your hands in the air for 10 seconds before carrying on.",Live,Joanne McNally,5,0,0,0
17,4,5,"Live: Pass all your loo roll through your loo roll inner tube. If your loo roll breaks at any point, you must put down your loo roll and put both your hands in the air for 10 seconds before carrying on.",Live,John Robins,0,1,0,1
17,4,5,"Live: Pass all your loo roll through your loo roll inner tube. If your loo roll breaks at any point, you must put down your loo roll and put both your hands in the air for 10 seconds before carrying on.",Live,Nick Mohammed,0,1,0,0
17,4,5,"Live: Pass all your loo roll through your loo roll inner tube. If your loo roll breaks at any point, you must put down your loo roll and put both your hands in the air for 10 seconds before carrying on.",Live,Sophie Willan,0,1,0,0
17,4,5,"Live: Pass all your loo roll through your loo roll inner tube. If your loo roll breaks at any point, you must put down your loo roll and put both your hands in the air for 10 seconds before carrying on.",Live,Steve Pemberton,0,1,0,0
17,5,1,Prize: Most extraordinary picture.,Prize,Joanne McNally,1,0,0,0
17,5,1,Prize: Most extraordinary picture.,Prize,John Robins,5,0,0,1
17,5,1,Prize: Most extraordinary picture.,Prize,Nick Mohammed,4,0,0,0
17,5,1,Prize: Most extraordinary picture.,Prize,Sophie Willan,3,0,0,0
17,5,1,Prize: Most extraordinary picture.,Prize,Steve Pemberton,2,0,0,0
17,5,2,"Be the most impressive load bearer. You must stand on the doormat, wave with one hand above your head and give a nice big thumbs up with the other whilst bearing the most impressive load. Your load must not be touching anything other than you.",Normal,Joanne McNally,1,0,0,0
17,5,2,"Be the most impressive load bearer. You must stand on the doormat, wave with one hand above your head and give a nice big thumbs up with the other whilst bearing the most impressive load. Your load must not be touching anything other than you.",Normal,John Robins,4,0,0,1
17,5,2,"Be the most impressive load bearer. You must stand on the doormat, wave with one hand above your head and give a nice big thumbs up with the other whilst bearing the most impressive load. Your load must not be touching anything other than you.",Normal,Nick Mohammed,5,0,0,0
17,5,2,"Be the most impressive load bearer. You must stand on the doormat, wave with one hand above your head and give a nice big thumbs up with the other whilst bearing the most impressive load. Your load must not be touching anything other than you.",Normal,Sophie Willan,2,0,0,0
17,5,2,"Be the most impressive load bearer. You must stand on the doormat, wave with one hand above your head and give a nice big thumbs up with the other whilst bearing the most impressive load. Your load must not be touching anything other than you.",Normal,Steve Pemberton,3,0,0,0
17,5,3,Take the most dramatic photo of yourself in mid-air. You may take five photos.,Normal,Joanne McNally,4,0,0,0
17,5,3,Take the most dramatic photo of yourself in mid-air. You may take five photos.,Normal,John Robins,4,0,0,1
17,5,3,Take the most dramatic photo of yourself in mid-air. You may take five photos.,Normal,Nick Mohammed,1,0,0,0
17,5,3,Take the most dramatic photo of yourself in mid-air. You may take five photos.,Normal,Sophie Willan,5,0,0,0
17,5,3,Take the most dramatic photo of yourself in mid-air. You may take five photos.,Normal,Steve Pemberton,4,0,0,0
17,5,4,"Tie yourself to the bed. You must be horizontal whilst in the lab. If you pull down the terrible tie, you are disqualified.",Normal,Joanne McNally,4,0,0,0
17,5,4,"Tie yourself to the bed. You must be horizontal whilst in the lab. If you pull down the terrible tie, you are disqualified.",Normal,John Robins,3,0,0,1
17,5,4,"Tie yourself to the bed. You must be horizontal whilst in the lab. If you pull down the terrible tie, you are disqualified.",Normal,Nick Mohammed,2,0,0,0
17,5,4,"Tie yourself to the bed. You must be horizontal whilst in the lab. If you pull down the terrible tie, you are disqualified.",Normal,Sophie Willan,5,0,0,0
17,5,4,"Tie yourself to the bed. You must be horizontal whilst in the lab. If you pull down the terrible tie, you are disqualified.",Normal,Steve Pemberton,0,1,0,0
17,5,5,Live: Park a vehicle in the parking bay. Your vehicle must be rolled whilst standing on the spot and the worst parker each round is eliminated.,Live,Joanne McNally,2,0,0,0
17,5,5,Live: Park a vehicle in the parking bay. Your vehicle must be rolled whilst standing on the spot and the worst parker each round is eliminated.,Live,John Robins,4,0,0,1
17,5,5,Live: Park a vehicle in the parking bay. Your vehicle must be rolled whilst standing on the spot and the worst parker each round is eliminated.,Live,Nick Mohammed,3,0,0,0
17,5,5,Live: Park a vehicle in the parking bay. Your vehicle must be rolled whilst standing on the spot and the worst parker each round is eliminated.,Live,Sophie Willan,1,0,0,0
17,5,5,Live: Park a vehicle in the parking bay. Your vehicle must be rolled whilst standing on the spot and the worst parker each round is eliminated.,Live,Steve Pemberton,5,0,0,0
17,6,1,Prize: Best thing that you can get into.,Prize,Joanne McNally,4,0,0,1
17,6,1,Prize: Best thing that you can get into.,Prize,John Robins,2,0,0,0
17,6,1,Prize: Best thing that you can get into.,Prize,Nick Mohammed,1,0,0,0
17,6,1,Prize: Best thing that you can get into.,Prize,Sophie Willan,3,0,0,0
17,6,1,Prize: Best thing that you can get into.,Prize,Steve Pemberton,5,0,0,0
17,6,2,Make a bespoke personal hamper for [the contestant before you in the alphabet].,Normal,Joanne McNally,0,0,0,1
17,6,2,Make a bespoke personal hamper for [the contestant before you in the alphabet].,Normal,John Robins,0,0,0,0
17,6,2,Make a bespoke personal hamper for [the contestant before you in the alphabet].,Normal,Nick Mohammed,0,0,0,0
17,6,2,Make a bespoke personal hamper for [the contestant before you in the alphabet].,Normal,Sophie Willan,0,0,0,0
17,6,2,Make a bespoke personal hamper for [the contestant before you in the alphabet].,Normal,Steve Pemberton,0,0,0,0
17,6,3,Have the most exciting thumb war with Alex.,Normal,Joanne McNally,4,0,0,1
17,6,3,Have the most exciting thumb war with Alex.,Normal,John Robins,3,0,0,0
17,6,3,Have the most exciting thumb war with Alex.,Normal,Nick Mohammed,3,0,0,0
17,6,3,Have the most exciting thumb war with Alex.,Normal,Sophie Willan,1,0,0,0
17,6,3,Have the most exciting thumb war with Alex.,Normal,Steve Pemberton,5,0,0,0
17,6,4,"Team: Make the most moves on the movement circles. Your teammate must flip a bottle, then throw a dart at each dartboard to create a move. If they get a bulls-eye, you have free choice. Also, if they successfully land the bottle flip, your teammate may place a dart anywhere in the dartboard.",Team,Joanne McNally,5,0,0,1
17,6,4,"Team: Make the most moves on the movement circles. Your teammate must flip a bottle, then throw a dart at each dartboard to create a move. If they get a bulls-eye, you have free choice. Also, if they successfully land the bottle flip, your teammate may place a dart anywhere in the dartboard.",Team,John Robins,5,0,0,0
17,6,4,"Team: Make the most moves on the movement circles. Your teammate must flip a bottle, then throw a dart at each dartboard to create a move. If they get a bulls-eye, you have free choice. Also, if they successfully land the bottle flip, your teammate may place a dart anywhere in the dartboard.",Team,Nick Mohammed,2,0,0,0
17,6,4,"Team: Make the most moves on the movement circles. Your teammate must flip a bottle, then throw a dart at each dartboard to create a move. If they get a bulls-eye, you have free choice. Also, if they successfully land the bottle flip, your teammate may place a dart anywhere in the dartboard.",Team,Sophie Willan,5,0,0,0
17,6,4,"Team: Make the most moves on the movement circles. Your teammate must flip a bottle, then throw a dart at each dartboard to create a move. If they get a bulls-eye, you have free choice. Also, if they successfully land the bottle flip, your teammate may place a dart anywhere in the dartboard.",Team,Steve Pemberton,2,0,0,0
17,6,5,Create a picture of the person who gave you this hamper using the contents of this hamper.,Normal,Joanne McNally,2,0,0,1
17,6,5,Create a picture of the person who gave you this hamper using the contents of this hamper.,Normal,John Robins,3,0,0,0
17,6,5,Create a picture of the person who gave you this hamper using the contents of this hamper.,Normal,Nick Mohammed,4,0,0,0
17,6,5,Create a picture of the person who gave you this hamper using the contents of this hamper.,Normal,Sophie Willan,5,0,0,0
17,6,5,Create a picture of the person who gave you this hamper using the contents of this hamper.,Normal,Steve Pemberton,4,0,0,0
17,6,6,Team Live: Completely cover your teammate in rubber rings. Catchers must face the Taskmaster at all times with their hands above their head. Throwers must stay behind the white line.,Live,Joanne McNally,5,0,0,1
17,6,6,Team Live: Completely cover your teammate in rubber rings. Catchers must face the Taskmaster at all times with their hands above their head. Throwers must stay behind the white line.,Live,John Robins,5,0,0,0
17,6,6,Team Live: Completely cover your teammate in rubber rings. Catchers must face the Taskmaster at all times with their hands above their head. Throwers must stay behind the white line.,Live,Nick Mohammed,0,1,0,0
17,6,6,Team Live: Completely cover your teammate in rubber rings. Catchers must face the Taskmaster at all times with their hands above their head. Throwers must stay behind the white line.,Live,Sophie Willan,5,0,0,0
17,6,6,Team Live: Completely cover your teammate in rubber rings. Catchers must face the Taskmaster at all times with their hands above their head. Throwers must stay behind the white line.,Live,Steve Pemberton,0,1,0,0
17,7,1,Prize: Snazziest hollow thing.,Prize,Joanne McNally,2,0,0,0
17,7,1,Prize: Snazziest hollow thing.,Prize,John Robins,1,0,0,0
17,7,1,Prize: Snazziest hollow thing.,Prize,Nick Mohammed,3,0,0,1
17,7,1,Prize: Snazziest hollow thing.,Prize,Sophie Willan,5,0,0,0
17,7,1,Prize: Snazziest hollow thing.,Prize,Steve Pemberton,4,0,0,0
17,7,2,What have you caught? You may only give one answer.,Normal,Joanne McNally,3,0,0,0
17,7,2,What have you caught? You may only give one answer.,Normal,John Robins,4,0,0,0
17,7,2,What have you caught? You may only give one answer.,Normal,Nick Mohammed,5,0,0,1
17,7,2,What have you caught? You may only give one answer.,Normal,Sophie Willan,2,0,0,0
17,7,2,What have you caught? You may only give one answer.,Normal,Steve Pemberton,0,0,0,0
17,7,3,"Perform a recognisable piece of classical music without using any musical instrument. You may not hum, sing, whistle or that sort of thing.",Normal,Joanne McNally,3,0,0,0
17,7,3,"Perform a recognisable piece of classical music without using any musical instrument. You may not hum, sing, whistle or that sort of thing.",Normal,John Robins,4,0,0,0
17,7,3,"Perform a recognisable piece of classical music without using any musical instrument. You may not hum, sing, whistle or that sort of thing.",Normal,Nick Mohammed,5,0,0,1
17,7,3,"Perform a recognisable piece of classical music without using any musical instrument. You may not hum, sing, whistle or that sort of thing.",Normal,Sophie Willan,2,0,0,0
17,7,3,"Perform a recognisable piece of classical music without using any musical instrument. You may not hum, sing, whistle or that sort of thing.",Normal,Steve Pemberton,1,0,0,0
17,7,4,"Take Alex to one side and do the following things to him: Confess your favourite piece of kitchen equipment, scream a body part of your choice in his face, declare a gardening tool in a silly voice. | Get the most orange juice in the vase. Only your chosen items may touch oranges.",Normal,Joanne McNally,4,0,0,0
17,7,4,"Take Alex to one side and do the following things to him: Confess your favourite piece of kitchen equipment, scream a body part of your choice in his face, declare a gardening tool in a silly voice. | Get the most orange juice in the vase. Only your chosen items may touch oranges.",Normal,John Robins,5,0,0,0
17,7,4,"Take Alex to one side and do the following things to him: Confess your favourite piece of kitchen equipment, scream a body part of your choice in his face, declare a gardening tool in a silly voice. | Get the most orange juice in the vase. Only your chosen items may touch oranges.",Normal,Nick Mohammed,3,0,0,1
17,7,4,"Take Alex to one side and do the following things to him: Confess your favourite piece of kitchen equipment, scream a body part of your choice in his face, declare a gardening tool in a silly voice. | Get the most orange juice in the vase. Only your chosen items may touch oranges.",Normal,Sophie Willan,2,0,0,0
17,7,4,"Take Alex to one side and do the following things to him: Confess your favourite piece of kitchen equipment, scream a body part of your choice in his face, declare a gardening tool in a silly voice. | Get the most orange juice in the vase. Only your chosen items may touch oranges.",Normal,Steve Pemberton,1,0,0,0
17,7,5,"Live: Paint a face on your ball. You may not touch your balls with anything other than your tools. Also, you may not remove your helmet.",Live,Joanne McNally,1,0,0,0
17,7,5,"Live: Paint a face on your ball. You may not touch your balls with anything other than your tools. Also, you may not remove your helmet.",Live,John Robins,4,0,0,0
17,7,5,"Live: Paint a face on your ball. You may not touch your balls with anything other than your tools. Also, you may not remove your helmet.",Live,Nick Mohammed,3,0,0,1
17,7,5,"Live: Paint a face on your ball. You may not touch your balls with anything other than your tools. Also, you may not remove your helmet.",Live,Sophie Willan,5,0,0,0
17,7,5,"Live: Paint a face on your ball. You may not touch your balls with anything other than your tools. Also, you may not remove your helmet.",Live,Steve Pemberton,2,0,0,0
17,8,1,Prize: The thing of yours Greg would most like to squeeze in his mighty hands.,Prize,Joanne McNally,4,0,0,0
17,8,1,Prize: The thing of yours Greg would most like to squeeze in his mighty hands.,Prize,John Robins,2,0,0,1
17,8,1,Prize: The thing of yours Greg would most like to squeeze in his mighty hands.,Prize,Nick Mohammed,5,0,0,0
17,8,1,Prize: The thing of yours Greg would most like to squeeze in his mighty hands.,Prize,Sophie Willan,2,0,0,0
17,8,1,Prize: The thing of yours Greg would most like to squeeze in his mighty hands.,Prize,Steve Pemberton,3,0,0,0
17,8,2,"Flick, flip and flap a flip-flop, flan and flapjack. You may only flick, flip and flap once.",Normal,Joanne McNally,3,0,0,0
17,8,2,"Flick, flip and flap a flip-flop, flan and flapjack. You may only flick, flip and flap once.",Normal,John Robins,5,0,0,1
17,8,2,"Flick, flip and flap a flip-flop, flan and flapjack. You may only flick, flip and flap once.",Normal,Nick Mohammed,1,0,0,0
17,8,2,"Flick, flip and flap a flip-flop, flan and flapjack. You may only flick, flip and flap once.",Normal,Sophie Willan,2,0,0,0
17,8,2,"Flick, flip and flap a flip-flop, flan and flapjack. You may only flick, flip and flap once.",Normal,Steve Pemberton,4,0,0,0
17,8,3,"In the next task, you must say the word ""umbrella"" five times. If you say the word ""umbrella"" five times and no-one else says the word ""umbrella"", you get two bonus points. Your teammates must hear you say your umbrellas and you must not mention the concept of a bonus task. If you fail, you lose two points.",Team,Joanne McNally,0,0,0,0
17,8,3,"In the next task, you must say the word ""umbrella"" five times. If you say the word ""umbrella"" five times and no-one else says the word ""umbrella"", you get two bonus points. Your teammates must hear you say your umbrellas and you must not mention the concept of a bonus task. If you fail, you lose two points.",Team,John Robins,0,0,0,1
17,8,3,"In the next task, you must say the word ""umbrella"" five times. If you say the word ""umbrella"" five times and no-one else says the word ""umbrella"", you get two bonus points. Your teammates must hear you say your umbrellas and you must not mention the concept of a bonus task. If you fail, you lose two points.",Team,Nick Mohammed,2,0,0,0
17,8,3,"In the next task, you must say the word ""umbrella"" five times. If you say the word ""umbrella"" five times and no-one else says the word ""umbrella"", you get two bonus points. Your teammates must hear you say your umbrellas and you must not mention the concept of a bonus task. If you fail, you lose two points.",Team,Sophie Willan,2,0,0,0
17,8,3,"In the next task, you must say the word ""umbrella"" five times. If you say the word ""umbrella"" five times and no-one else says the word ""umbrella"", you get two bonus points. Your teammates must hear you say your umbrellas and you must not mention the concept of a bonus task. If you fail, you lose two points.",Team,Steve Pemberton,0,0,0,0
17,8,4,"In the next task, you must lie on the floor for 30 seconds. If you lie on the floor for 30 seconds without anyone questioning why you're lying on the floor, you get two bonus points. If you fail, you lose two points.",Normal,Joanne McNally,2,0,0,0
17,8,4,"In the next task, you must lie on the floor for 30 seconds. If you lie on the floor for 30 seconds without anyone questioning why you're lying on the floor, you get two bonus points. If you fail, you lose two points.",Normal,John Robins,0,0,0,1
17,8,4,"In the next task, you must lie on the floor for 30 seconds. If you lie on the floor for 30 seconds without anyone questioning why you're lying on the floor, you get two bonus points. If you fail, you lose two points.",Normal,Nick Mohammed,0,0,0,0
17,8,4,"In the next task, you must lie on the floor for 30 seconds. If you lie on the floor for 30 seconds without anyone questioning why you're lying on the floor, you get two bonus points. If you fail, you lose two points.",Normal,Sophie Willan,0,0,0,0
17,8,4,"In the next task, you must lie on the floor for 30 seconds. If you lie on the floor for 30 seconds without anyone questioning why you're lying on the floor, you get two bonus points. If you fail, you lose two points.",Normal,Steve Pemberton,2,0,0,0
17,8,5,"In the next task, you must get something from the caravan, the shed, the hutch and the toilet before the task is finished. If you get something from all those places without anyone questioning why you're getting something from all those places, you get two bonus points. If you fail, you lose two points.",Normal,Joanne McNally,0,0,0,0
17,8,5,"In the next task, you must get something from the caravan, the shed, the hutch and the toilet before the task is finished. If you get something from all those places without anyone questioning why you're getting something from all those places, you get two bonus points. If you fail, you lose two points.",Normal,John Robins,2,0,0,1
17,8,5,"In the next task, you must get something from the caravan, the shed, the hutch and the toilet before the task is finished. If you get something from all those places without anyone questioning why you're getting something from all those places, you get two bonus points. If you fail, you lose two points.",Normal,Nick Mohammed,0,0,0,0
17,8,5,"In the next task, you must get something from the caravan, the shed, the hutch and the toilet before the task is finished. If you get something from all those places without anyone questioning why you're getting something from all those places, you get two bonus points. If you fail, you lose two points.",Normal,Sophie Willan,0,0,0,0
17,8,5,"In the next task, you must get something from the caravan, the shed, the hutch and the toilet before the task is finished. If you get something from all those places without anyone questioning why you're getting something from all those places, you get two bonus points. If you fail, you lose two points.",Normal,Steve Pemberton,0,0,0,0
17,8,6,"Team: Put the watermelon on this table. The table may not be moved. Once you leave this room, you may not re-enter this room. Also, you may not step on the stage and the watermelon may not touch the stage, floor or ground. Finally, you must speak into your hand-held microphones at all times.",Live,Joanne McNally,5,0,0,0
17,8,6,"Team: Put the watermelon on this table. The table may not be moved. Once you leave this room, you may not re-enter this room. Also, you may not step on the stage and the watermelon may not touch the stage, floor or ground. Finally, you must speak into your hand-held microphones at all times.",Live,John Robins,5,0,0,1
17,8,6,"Team: Put the watermelon on this table. The table may not be moved. Once you leave this room, you may not re-enter this room. Also, you may not step on the stage and the watermelon may not touch the stage, floor or ground. Finally, you must speak into your hand-held microphones at all times.",Live,Nick Mohammed,0,1,0,0
17,8,6,"Team: Put the watermelon on this table. The table may not be moved. Once you leave this room, you may not re-enter this room. Also, you may not step on the stage and the watermelon may not touch the stage, floor or ground. Finally, you must speak into your hand-held microphones at all times.",Live,Sophie Willan,5,0,0,0
17,8,6,"Team: Put the watermelon on this table. The table may not be moved. Once you leave this room, you may not re-enter this room. Also, you may not step on the stage and the watermelon may not touch the stage, floor or ground. Finally, you must speak into your hand-held microphones at all times.",Live,Steve Pemberton,0,1,0,0
17,8,7,Make this mannequin come alive.,Live,Joanne McNally,1,0,0,0
17,8,7,Make this mannequin come alive.,Live,John Robins,3,0,0,1
17,8,7,Make this mannequin come alive.,Live,Nick Mohammed,3,0,0,0
17,8,7,Make this mannequin come alive.,Live,Sophie Willan,2,0,0,0
17,8,7,Make this mannequin come alive.,Live,Steve Pemberton,5,0,0,0
17,8,8,"Live: Write down a letter of the alphabet. | Live: Every time Greg asks you a question, you must write down an answer. Last correct answer placed on the board is eliminated.",Live,Joanne McNally,2,0,0,0
17,8,8,"Live: Write down a letter of the alphabet. | Live: Every time Greg asks you a question, you must write down an answer. Last correct answer placed on the board is eliminated.",Live,John Robins,5,0,0,1
17,8,8,"Live: Write down a letter of the alphabet. | Live: Every time Greg asks you a question, you must write down an answer. Last correct answer placed on the board is eliminated.",Live,Nick Mohammed,4,0,0,0
17,8,8,"Live: Write down a letter of the alphabet. | Live: Every time Greg asks you a question, you must write down an answer. Last correct answer placed on the board is eliminated.",Live,Sophie Willan,1,0,0,0
17,8,8,"Live: Write down a letter of the alphabet. | Live: Every time Greg asks you a question, you must write down an answer. Last correct answer placed on the board is eliminated.",Live,Steve Pemberton,3,0,0,0
17,9,1,Prize: Most splendid spherical thing.,Prize,Joanne McNally,3,0,0,0
17,9,1,Prize: Most splendid spherical thing.,Prize,John Robins,4,0,0,1
17,9,1,Prize: Most splendid spherical thing.,Prize,Nick Mohammed,1,0,0,0
17,9,1,Prize: Most splendid spherical thing.,Prize,Sophie Willan,2,0,0,0
17,9,1,Prize: Most splendid spherical thing.,Prize,Steve Pemberton,5,0,0,0
17,9,2,Create a new tradition to celebrate Assistant's Day.,Normal,Joanne McNally,4,0,0,0
17,9,2,Create a new tradition to celebrate Assistant's Day.,Normal,John Robins,3,0,0,1
17,9,2,Create a new tradition to celebrate Assistant's Day.,Normal,Nick Mohammed,5,0,0,0
17,9,2,Create a new tradition to celebrate Assistant's Day.,Normal,Sophie Willan,1,0,0,0
17,9,2,Create a new tradition to celebrate Assistant's Day.,Normal,Steve Pemberton,2,0,0,0
17,9,3,"Peg a sock, bin a sock, then don a sock on an appendage. Each single action must take place between bleeps.",Normal,Joanne McNally,4,0,0,0
17,9,3,"Peg a sock, bin a sock, then don a sock on an appendage. Each single action must take place between bleeps.",Normal,John Robins,5,0,0,1
17,9,3,"Peg a sock, bin a sock, then don a sock on an appendage. Each single action must take place between bleeps.",Normal,Nick Mohammed,2,0,0,0
17,9,3,"Peg a sock, bin a sock, then don a sock on an appendage. Each single action must take place between bleeps.",Normal,Sophie Willan,3,0,0,0
17,9,3,"Peg a sock, bin a sock, then don a sock on an appendage. Each single action must take place between bleeps.",Normal,Steve Pemberton,1,0,0,0
17,9,4,Make the back of your head look like the front of a head. You may not just make a mask. You must demonstrate your new front-of-head in action.,Normal,Joanne McNally,3,0,0,0
17,9,4,Make the back of your head look like the front of a head. You may not just make a mask. You must demonstrate your new front-of-head in action.,Normal,John Robins,5,0,0,1
17,9,4,Make the back of your head look like the front of a head. You may not just make a mask. You must demonstrate your new front-of-head in action.,Normal,Nick Mohammed,2,0,0,0
17,9,4,Make the back of your head look like the front of a head. You may not just make a mask. You must demonstrate your new front-of-head in action.,Normal,Sophie Willan,2,0,0,0
17,9,4,Make the back of your head look like the front of a head. You may not just make a mask. You must demonstrate your new front-of-head in action.,Normal,Steve Pemberton,4,0,0,0
17,9,5,"Live: Bounce a ball on the bar. In round one, your ball must bounce once before falling off the bar. In round two, your ball must bounce twice before falling off the bar, and so on. Each player has one life.",Live,Joanne McNally,5,0,0,0
17,9,5,"Live: Bounce a ball on the bar. In round one, your ball must bounce once before falling off the bar. In round two, your ball must bounce twice before falling off the bar, and so on. Each player has one life.",Live,John Robins,4,0,0,1
17,9,5,"Live: Bounce a ball on the bar. In round one, your ball must bounce once before falling off the bar. In round two, your ball must bounce twice before falling off the bar, and so on. Each player has one life.",Live,Nick Mohammed,4,0,0,0
17,9,5,"Live: Bounce a ball on the bar. In round one, your ball must bounce once before falling off the bar. In round two, your ball must bounce twice before falling off the bar, and so on. Each player has one life.",Live,Sophie Willan,2,0,0,0
17,9,5,"Live: Bounce a ball on the bar. In round one, your ball must bounce once before falling off the bar. In round two, your ball must bounce twice before falling off the bar, and so on. Each player has one life.",Live,Steve Pemberton,2,0,0,0
17,10,1,Prize: The thing that gives the most hope for the future of the human race.,Prize,Joanne McNally,5,0,0,0
17,10,1,Prize: The thing that gives the most hope for the future of the human race.,Prize,John Robins,1,0,0,0
17,10,1,Prize: The thing that gives the most hope for the future of the human race.,Prize,Nick Mohammed,2,0,0,0
17,10,1,Prize: The thing that gives the most hope for the future of the human race.,Prize,Sophie Willan,3,0,0,1
17,10,1,Prize: The thing that gives the most hope for the future of the human race.,Prize,Steve Pemberton,4,0,0,0
17,10,2,Find and complete the real task. Each task has a 1% chance of being the real task. | Peg all the tasks to the washing line.,Normal,Joanne McNally,0,1,0,0
17,10,2,Find and complete the real task. Each task has a 1% chance of being the real task. | Peg all the tasks to the washing line.,Normal,John Robins,4,0,0,0
17,10,2,Find and complete the real task. Each task has a 1% chance of being the real task. | Peg all the tasks to the washing line.,Normal,Nick Mohammed,0,1,0,0
17,10,2,Find and complete the real task. Each task has a 1% chance of being the real task. | Peg all the tasks to the washing line.,Normal,Sophie Willan,3,0,0,1
17,10,2,Find and complete the real task. Each task has a 1% chance of being the real task. | Peg all the tasks to the washing line.,Normal,Steve Pemberton,5,0,0,0
17,10,3,"Hug your special friend. Every time you touch a letter, you must turn it over and one minute will be added to your time.",Normal,Joanne McNally,4,0,0,0
17,10,3,"Hug your special friend. Every time you touch a letter, you must turn it over and one minute will be added to your time.",Normal,John Robins,3,0,0,0
17,10,3,"Hug your special friend. Every time you touch a letter, you must turn it over and one minute will be added to your time.",Normal,Nick Mohammed,1,0,0,0
17,10,3,"Hug your special friend. Every time you touch a letter, you must turn it over and one minute will be added to your time.",Normal,Sophie Willan,5,0,0,1
17,10,3,"Hug your special friend. Every time you touch a letter, you must turn it over and one minute will be added to your time.",Normal,Steve Pemberton,2,0,0,0
17,10,4,"Team: Present the best new short-form shiny floor American gameshow. Alex will be the contestant, one of you must be his rival and somebody must win.",Team,Joanne McNally,5,0,0,0
17,10,4,"Team: Present the best new short-form shiny floor American gameshow. Alex will be the contestant, one of you must be his rival and somebody must win.",Team,John Robins,5,0,0,0
17,10,4,"Team: Present the best new short-form shiny floor American gameshow. Alex will be the contestant, one of you must be his rival and somebody must win.",Team,Nick Mohammed,3,0,0,0
17,10,4,"Team: Present the best new short-form shiny floor American gameshow. Alex will be the contestant, one of you must be his rival and somebody must win.",Team,Sophie Willan,5,0,0,1
17,10,4,"Team: Present the best new short-form shiny floor American gameshow. Alex will be the contestant, one of you must be his rival and somebody must win.",Team,Steve Pemberton,3,0,0,0
17,10,5,Bonus: Best new gameshow catchphrase.,Normal,Joanne McNally,1,0,0,0
17,10,5,Bonus: Best new gameshow catchphrase.,Normal,John Robins,1,0,0,0
17,10,5,Bonus: Best new gameshow catchphrase.,Normal,Nick Mohammed,0,0,0,0
17,10,5,Bonus: Best new gameshow catchphrase.,Normal,Sophie Willan,1,0,0,1
17,10,5,Bonus: Best new gameshow catchphrase.,Normal,Steve Pemberton,0,0,0,0
17,10,6,"Live: Crawl around behind the wall for 20 seconds. On Greg's command, you must then pop up from behind the wall. If Greg correctly predicts where you will pop up, you will be eliminated. If there is a tie in the final, the round is replayed.",Live,Joanne McNally,2,0,0,0
17,10,6,"Live: Crawl around behind the wall for 20 seconds. On Greg's command, you must then pop up from behind the wall. If Greg correctly predicts where you will pop up, you will be eliminated. If there is a tie in the final, the round is replayed.",Live,John Robins,4,0,0,0
17,10,6,"Live: Crawl around behind the wall for 20 seconds. On Greg's command, you must then pop up from behind the wall. If Greg correctly predicts where you will pop up, you will be eliminated. If there is a tie in the final, the round is replayed.",Live,Nick Mohammed,5,0,0,0
17,10,6,"Live: Crawl around behind the wall for 20 seconds. On Greg's command, you must then pop up from behind the wall. If Greg correctly predicts where you will pop up, you will be eliminated. If there is a tie in the final, the round is replayed.",Live,Sophie Willan,4,0,0,1
17,10,6,"Live: Crawl around behind the wall for 20 seconds. On Greg's command, you must then pop up from behind the wall. If Greg correctly predicts where you will pop up, you will be eliminated. If there is a tie in the final, the round is replayed.",Live,Steve Pemberton,2,0,0,0
18,1,1,Prize: Best thing that has been inside you.,Prize,Andy Zaltzman,1,0,0,0
18,1,1,Prize: Best thing that has been inside you.,Prize,Babátúndé Aléshé,2,0,0,0
18,1,1,Prize: Best thing that has been inside you.,Prize,Emma Sidi,4,0,0,0
18,1,1,Prize: Best thing that has been inside you.,Prize,Jack Dee,3,0,0,0
18,1,1,Prize: Best thing that has been inside you.,Prize,Rosie Jones,5,0,0,1
18,1,2,"Do not say any of this out loud. Carry out each instruction before reading the next. You must remain silent until you've completed all four instructions. Stare at camera number one for at least thirty seconds without smiling. Eat an imaginary fly that has just landed on you. Act like you don't like how it feels in your stomach at all. Look under the 6th, 33rd, 56th, and 91st letters of this task. | Say a word beginning with Q.",Normal,Andy Zaltzman,3,0,0,0
18,1,2,"Do not say any of this out loud. Carry out each instruction before reading the next. You must remain silent until you've completed all four instructions. Stare at camera number one for at least thirty seconds without smiling. Eat an imaginary fly that has just landed on you. Act like you don't like how it feels in your stomach at all. Look under the 6th, 33rd, 56th, and 91st letters of this task. | Say a word beginning with Q.",Normal,Babátúndé Aléshé,1,0,0,0
18,1,2,"Do not say any of this out loud. Carry out each instruction before reading the next. You must remain silent until you've completed all four instructions. Stare at camera number one for at least thirty seconds without smiling. Eat an imaginary fly that has just landed on you. Act like you don't like how it feels in your stomach at all. Look under the 6th, 33rd, 56th, and 91st letters of this task. | Say a word beginning with Q.",Normal,Emma Sidi,4,0,0,0
18,1,2,"Do not say any of this out loud. Carry out each instruction before reading the next. You must remain silent until you've completed all four instructions. Stare at camera number one for at least thirty seconds without smiling. Eat an imaginary fly that has just landed on you. Act like you don't like how it feels in your stomach at all. Look under the 6th, 33rd, 56th, and 91st letters of this task. | Say a word beginning with Q.",Normal,Jack Dee,5,0,0,0
18,1,2,"Do not say any of this out loud. Carry out each instruction before reading the next. You must remain silent until you've completed all four instructions. Stare at camera number one for at least thirty seconds without smiling. Eat an imaginary fly that has just landed on you. Act like you don't like how it feels in your stomach at all. Look under the 6th, 33rd, 56th, and 91st letters of this task. | Say a word beginning with Q.",Normal,Rosie Jones,2,0,0,1
18,1,3,Knock over exactly 100 cans. You must throw all five balls and pull one rope nice and hard. You must stay on the spot at all times and you may not move the spot.,Normal,Andy Zaltzman,0,1,0,0
18,1,3,Knock over exactly 100 cans. You must throw all five balls and pull one rope nice and hard. You must stay on the spot at all times and you may not move the spot.,Normal,Babátúndé Aléshé,2,0,0,0
18,1,3,Knock over exactly 100 cans. You must throw all five balls and pull one rope nice and hard. You must stay on the spot at all times and you may not move the spot.,Normal,Emma Sidi,3,0,0,0
18,1,3,Knock over exactly 100 cans. You must throw all five balls and pull one rope nice and hard. You must stay on the spot at all times and you may not move the spot.,Normal,Jack Dee,5,0,0,0
18,1,3,Knock over exactly 100 cans. You must throw all five balls and pull one rope nice and hard. You must stay on the spot at all times and you may not move the spot.,Normal,Rosie Jones,4,0,0,1
18,1,4,Do the most beautiful thing with bubbles.,Normal,Andy Zaltzman,5,0,0,0
18,1,4,Do the most beautiful thing with bubbles.,Normal,Babátúndé Aléshé,4,0,0,0
18,1,4,Do the most beautiful thing with bubbles.,Normal,Emma Sidi,2,0,0,0
18,1,4,Do the most beautiful thing with bubbles.,Normal,Jack Dee,3,0,0,0
18,1,4,Do the most beautiful thing with bubbles.,Normal,Rosie Jones,1,0,0,1
18,1,5,"Live: Drink the vinegar. On your turn, you can either drink from one straw or not drink at all and get a clue from Alex instead. You must stand on the spot when choosing your straw and you must never stray from the spot. Only the vinegar drinker wins.",Live,Andy Zaltzman,0,0,0,0
18,1,5,"Live: Drink the vinegar. On your turn, you can either drink from one straw or not drink at all and get a clue from Alex instead. You must stand on the spot when choosing your straw and you must never stray from the spot. Only the vinegar drinker wins.",Live,Babátúndé Aléshé,0,0,0,0
18,1,5,"Live: Drink the vinegar. On your turn, you can either drink from one straw or not drink at all and get a clue from Alex instead. You must stand on the spot when choosing your straw and you must never stray from the spot. Only the vinegar drinker wins.",Live,Emma Sidi,0,0,0,0
18,1,5,"Live: Drink the vinegar. On your turn, you can either drink from one straw or not drink at all and get a clue from Alex instead. You must stand on the spot when choosing your straw and you must never stray from the spot. Only the vinegar drinker wins.",Live,Jack Dee,0,0,0,0
18,1,5,"Live: Drink the vinegar. On your turn, you can either drink from one straw or not drink at all and get a clue from Alex instead. You must stand on the spot when choosing your straw and you must never stray from the spot. Only the vinegar drinker wins.",Live,Rosie Jones,5,0,0,1
18,2,1,Prize: Most serious object that looks quite silly.,Prize,Andy Zaltzman,4,0,0,0
18,2,1,Prize: Most serious object that looks quite silly.,Prize,Babátúndé Aléshé,1,0,0,0
18,2,1,Prize: Most serious object that looks quite silly.,Prize,Emma Sidi,2,0,0,0
18,2,1,Prize: Most serious object that looks quite silly.,Prize,Jack Dee,3,0,0,1
18,2,1,Prize: Most serious object that looks quite silly.,Prize,Rosie Jones,5,0,0,0
18,2,2,Wear this outfit throughout one future task and your points will be doubled for that task.,Normal,Andy Zaltzman,0,0,0,0
18,2,2,Wear this outfit throughout one future task and your points will be doubled for that task.,Normal,Babátúndé Aléshé,0,0,0,0
18,2,2,Wear this outfit throughout one future task and your points will be doubled for that task.,Normal,Emma Sidi,0,0,0,0
18,2,2,Wear this outfit throughout one future task and your points will be doubled for that task.,Normal,Jack Dee,0,0,0,1
18,2,2,Wear this outfit throughout one future task and your points will be doubled for that task.,Normal,Rosie Jones,0,0,0,0
18,2,3,Remember these 10 fine people.,Normal,Andy Zaltzman,0,0,0,0
18,2,3,Remember these 10 fine people.,Normal,Babátúndé Aléshé,0,0,0,0
18,2,3,Remember these 10 fine people.,Normal,Emma Sidi,0,0,0,0
18,2,3,Remember these 10 fine people.,Normal,Jack Dee,0,0,0,1
18,2,3,Remember these 10 fine people.,Normal,Rosie Jones,0,0,0,0
18,2,4,"Team: Become the best multi-headed creature. Your creature must prove they are the best by doing something impressive. Also, during that impressive thing, they must speak one word at a time and explain what it is they are doing and why it is impressive.",Team,Andy Zaltzman,2,0,0,0
18,2,4,"Team: Become the best multi-headed creature. Your creature must prove they are the best by doing something impressive. Also, during that impressive thing, they must speak one word at a time and explain what it is they are doing and why it is impressive.",Team,Babátúndé Aléshé,2,0,0,0
18,2,4,"Team: Become the best multi-headed creature. Your creature must prove they are the best by doing something impressive. Also, during that impressive thing, they must speak one word at a time and explain what it is they are doing and why it is impressive.",Team,Emma Sidi,2,0,0,0
18,2,4,"Team: Become the best multi-headed creature. Your creature must prove they are the best by doing something impressive. Also, during that impressive thing, they must speak one word at a time and explain what it is they are doing and why it is impressive.",Team,Jack Dee,2,0,0,1
18,2,4,"Team: Become the best multi-headed creature. Your creature must prove they are the best by doing something impressive. Also, during that impressive thing, they must speak one word at a time and explain what it is they are doing and why it is impressive.",Team,Rosie Jones,2,0,0,0
18,2,5,Capture the most remarkable footage on this doorbell camera.,Normal,Andy Zaltzman,2,0,0,0
18,2,5,Capture the most remarkable footage on this doorbell camera.,Normal,Babátúndé Aléshé,2,0,0,0
18,2,5,Capture the most remarkable footage on this doorbell camera.,Normal,Emma Sidi,3,0,0,0
18,2,5,Capture the most remarkable footage on this doorbell camera.,Normal,Jack Dee,4,0,0,1
18,2,5,Capture the most remarkable footage on this doorbell camera.,Normal,Rosie Jones,5,0,0,0
18,2,6,Identify these 10 fine people.,Normal,Andy Zaltzman,2,0,0,0
18,2,6,Identify these 10 fine people.,Normal,Babátúndé Aléshé,3,0,0,0
18,2,6,Identify these 10 fine people.,Normal,Emma Sidi,5,0,0,0
18,2,6,Identify these 10 fine people.,Normal,Jack Dee,8,0,0,1
18,2,6,Identify these 10 fine people.,Normal,Rosie Jones,2,0,0,0
18,2,7,"Live: Spin the wheel the same number of times or more as the person before you. You must land on the same color each time or else you're eliminated. If you land on gold, you are automatically through to the next round and the next person has to spin it one more time than the previous person.",Live,Andy Zaltzman,2,0,0,0
18,2,7,"Live: Spin the wheel the same number of times or more as the person before you. You must land on the same color each time or else you're eliminated. If you land on gold, you are automatically through to the next round and the next person has to spin it one more time than the previous person.",Live,Babátúndé Aléshé,5,0,0,0
18,2,7,"Live: Spin the wheel the same number of times or more as the person before you. You must land on the same color each time or else you're eliminated. If you land on gold, you are automatically through to the next round and the next person has to spin it one more time than the previous person.",Live,Emma Sidi,4,0,0,0
18,2,7,"Live: Spin the wheel the same number of times or more as the person before you. You must land on the same color each time or else you're eliminated. If you land on gold, you are automatically through to the next round and the next person has to spin it one more time than the previous person.",Live,Jack Dee,3,0,0,1
18,2,7,"Live: Spin the wheel the same number of times or more as the person before you. You must land on the same color each time or else you're eliminated. If you land on gold, you are automatically through to the next round and the next person has to spin it one more time than the previous person.",Live,Rosie Jones,1,0,0,0
18,3,1,Prize: The object with the most soul.,Prize,Andy Zaltzman,4,0,0,1
18,3,1,Prize: The object with the most soul.,Prize,Babátúndé Aléshé,5,0,0,0
18,3,1,Prize: The object with the most soul.,Prize,Emma Sidi,2,0,0,0
18,3,1,Prize: The object with the most soul.,Prize,Jack Dee,3,0,0,0
18,3,1,Prize: The object with the most soul.,Prize,Rosie Jones,1,0,0,0
18,3,2,"Put a rocket in your pocket. | If you draw, make or write your own rocket, that doesn't count as an actual rocket unless you are a rocket scientist. If you are not a rocket scientist, you must now put two rockets in your pockets. | If you swear at any point after drawing, making or writing your own rocket, you must now put three rockets in your pockets.",Normal,Andy Zaltzman,2,0,0,1
18,3,2,"Put a rocket in your pocket. | If you draw, make or write your own rocket, that doesn't count as an actual rocket unless you are a rocket scientist. If you are not a rocket scientist, you must now put two rockets in your pockets. | If you swear at any point after drawing, making or writing your own rocket, you must now put three rockets in your pockets.",Normal,Babátúndé Aléshé,3,0,0,0
18,3,2,"Put a rocket in your pocket. | If you draw, make or write your own rocket, that doesn't count as an actual rocket unless you are a rocket scientist. If you are not a rocket scientist, you must now put two rockets in your pockets. | If you swear at any point after drawing, making or writing your own rocket, you must now put three rockets in your pockets.",Normal,Emma Sidi,1,0,0,0
18,3,2,"Put a rocket in your pocket. | If you draw, make or write your own rocket, that doesn't count as an actual rocket unless you are a rocket scientist. If you are not a rocket scientist, you must now put two rockets in your pockets. | If you swear at any point after drawing, making or writing your own rocket, you must now put three rockets in your pockets.",Normal,Jack Dee,5,0,0,0
18,3,2,"Put a rocket in your pocket. | If you draw, make or write your own rocket, that doesn't count as an actual rocket unless you are a rocket scientist. If you are not a rocket scientist, you must now put two rockets in your pockets. | If you swear at any point after drawing, making or writing your own rocket, you must now put three rockets in your pockets.",Normal,Rosie Jones,4,0,0,0
18,3,3,Recreate a famous 2D piece of art in 3D.,Normal,Andy Zaltzman,5,0,0,1
18,3,3,Recreate a famous 2D piece of art in 3D.,Normal,Babátúndé Aléshé,5,0,0,0
18,3,3,Recreate a famous 2D piece of art in 3D.,Normal,Emma Sidi,5,0,0,0
18,3,3,Recreate a famous 2D piece of art in 3D.,Normal,Jack Dee,5,0,0,0
18,3,3,Recreate a famous 2D piece of art in 3D.,Normal,Rosie Jones,5,0,0,0
18,3,4,"Team: Win the pub quiz by cheating. If the quizmaster notices you cheating, you will lose a point and you must use a different method of cheating.",Team,Andy Zaltzman,5,0,0,1
18,3,4,"Team: Win the pub quiz by cheating. If the quizmaster notices you cheating, you will lose a point and you must use a different method of cheating.",Team,Babátúndé Aléshé,5,0,0,0
18,3,4,"Team: Win the pub quiz by cheating. If the quizmaster notices you cheating, you will lose a point and you must use a different method of cheating.",Team,Emma Sidi,5,0,0,0
18,3,4,"Team: Win the pub quiz by cheating. If the quizmaster notices you cheating, you will lose a point and you must use a different method of cheating.",Team,Jack Dee,4,0,0,0
18,3,4,"Team: Win the pub quiz by cheating. If the quizmaster notices you cheating, you will lose a point and you must use a different method of cheating.",Team,Rosie Jones,4,0,0,0
18,3,5,"Live: Rustle Russell, fill Phil, mark Mark, rob Rob and pat Pat. When Alex blows his whistle, you must all either immediately say one word to the person next to you or perform one action. The people may only say yes or no. If you perform the wrong action, you are disqualified. You will then meet a new person.",Live,Andy Zaltzman,5,0,0,1
18,3,5,"Live: Rustle Russell, fill Phil, mark Mark, rob Rob and pat Pat. When Alex blows his whistle, you must all either immediately say one word to the person next to you or perform one action. The people may only say yes or no. If you perform the wrong action, you are disqualified. You will then meet a new person.",Live,Babátúndé Aléshé,0,1,0,0
18,3,5,"Live: Rustle Russell, fill Phil, mark Mark, rob Rob and pat Pat. When Alex blows his whistle, you must all either immediately say one word to the person next to you or perform one action. The people may only say yes or no. If you perform the wrong action, you are disqualified. You will then meet a new person.",Live,Emma Sidi,0,0,0,0
18,3,5,"Live: Rustle Russell, fill Phil, mark Mark, rob Rob and pat Pat. When Alex blows his whistle, you must all either immediately say one word to the person next to you or perform one action. The people may only say yes or no. If you perform the wrong action, you are disqualified. You will then meet a new person.",Live,Jack Dee,0,1,0,0
18,3,5,"Live: Rustle Russell, fill Phil, mark Mark, rob Rob and pat Pat. When Alex blows his whistle, you must all either immediately say one word to the person next to you or perform one action. The people may only say yes or no. If you perform the wrong action, you are disqualified. You will then meet a new person.",Live,Rosie Jones,0,0,0,0
18,4,1,"Prize: The thing most likely to make Greg say ""Oh, Christ, now that is badass!"".",Prize,Andy Zaltzman,5,0,0,0
18,4,1,"Prize: The thing most likely to make Greg say ""Oh, Christ, now that is badass!"".",Prize,Babátúndé Aléshé,2,0,0,1
18,4,1,"Prize: The thing most likely to make Greg say ""Oh, Christ, now that is badass!"".",Prize,Emma Sidi,2,0,0,0
18,4,1,"Prize: The thing most likely to make Greg say ""Oh, Christ, now that is badass!"".",Prize,Jack Dee,2,0,0,0
18,4,1,"Prize: The thing most likely to make Greg say ""Oh, Christ, now that is badass!"".",Prize,Rosie Jones,4,0,0,0
18,4,2,Push the envelope the furthest.,Normal,Andy Zaltzman,4,0,0,0
18,4,2,Push the envelope the furthest.,Normal,Babátúndé Aléshé,2,0,0,1
18,4,2,Push the envelope the furthest.,Normal,Emma Sidi,1,0,0,0
18,4,2,Push the envelope the furthest.,Normal,Jack Dee,5,0,0,0
18,4,2,Push the envelope the furthest.,Normal,Rosie Jones,3,0,0,0
18,4,3,Take a bite out of Alex's carrot. Alex will ring his bell every 10 seconds. You must laugh constantly throughout. You must both only walk at gentle pace.,Normal,Andy Zaltzman,4,0,0,0
18,4,3,Take a bite out of Alex's carrot. Alex will ring his bell every 10 seconds. You must laugh constantly throughout. You must both only walk at gentle pace.,Normal,Babátúndé Aléshé,10,0,0,1
18,4,3,Take a bite out of Alex's carrot. Alex will ring his bell every 10 seconds. You must laugh constantly throughout. You must both only walk at gentle pace.,Normal,Emma Sidi,1,0,0,0
18,4,3,Take a bite out of Alex's carrot. Alex will ring his bell every 10 seconds. You must laugh constantly throughout. You must both only walk at gentle pace.,Normal,Jack Dee,3,0,0,0
18,4,3,Take a bite out of Alex's carrot. Alex will ring his bell every 10 seconds. You must laugh constantly throughout. You must both only walk at gentle pace.,Normal,Rosie Jones,2,0,0,0
18,4,4,"Pick the Taskmaster's locket from its pocket. Every time you pick an incorrect pocket, you must high-five Alex. If you touch, tamper or peek into a pocket you must pick it.",Normal,Andy Zaltzman,0,0,0,0
18,4,4,"Pick the Taskmaster's locket from its pocket. Every time you pick an incorrect pocket, you must high-five Alex. If you touch, tamper or peek into a pocket you must pick it.",Normal,Babátúndé Aléshé,3,0,0,1
18,4,4,"Pick the Taskmaster's locket from its pocket. Every time you pick an incorrect pocket, you must high-five Alex. If you touch, tamper or peek into a pocket you must pick it.",Normal,Emma Sidi,5,0,0,0
18,4,4,"Pick the Taskmaster's locket from its pocket. Every time you pick an incorrect pocket, you must high-five Alex. If you touch, tamper or peek into a pocket you must pick it.",Normal,Jack Dee,2,0,0,0
18,4,4,"Pick the Taskmaster's locket from its pocket. Every time you pick an incorrect pocket, you must high-five Alex. If you touch, tamper or peek into a pocket you must pick it.",Normal,Rosie Jones,4,0,0,0
18,4,5,"Team Live: Gather a herd of animals with exactly 22 legs. You may not harm any animals. You may only use animals on this side of the wall and you may not use each other. On Alex's whistle, you must hurl one of your herd over the wall. When your herd has 22 legs, only then may you don your tutus.",Live,Andy Zaltzman,5,0,0,0
18,4,5,"Team Live: Gather a herd of animals with exactly 22 legs. You may not harm any animals. You may only use animals on this side of the wall and you may not use each other. On Alex's whistle, you must hurl one of your herd over the wall. When your herd has 22 legs, only then may you don your tutus.",Live,Babátúndé Aléshé,5,0,0,1
18,4,5,"Team Live: Gather a herd of animals with exactly 22 legs. You may not harm any animals. You may only use animals on this side of the wall and you may not use each other. On Alex's whistle, you must hurl one of your herd over the wall. When your herd has 22 legs, only then may you don your tutus.",Live,Emma Sidi,5,0,0,0
18,4,5,"Team Live: Gather a herd of animals with exactly 22 legs. You may not harm any animals. You may only use animals on this side of the wall and you may not use each other. On Alex's whistle, you must hurl one of your herd over the wall. When your herd has 22 legs, only then may you don your tutus.",Live,Jack Dee,0,0,0,0
18,4,5,"Team Live: Gather a herd of animals with exactly 22 legs. You may not harm any animals. You may only use animals on this side of the wall and you may not use each other. On Alex's whistle, you must hurl one of your herd over the wall. When your herd has 22 legs, only then may you don your tutus.",Live,Rosie Jones,0,0,0,0
18,5,1,Prize: The thing that is best when you add liquid to it.,Prize,Andy Zaltzman,4,0,0,0
18,5,1,Prize: The thing that is best when you add liquid to it.,Prize,Babátúndé Aléshé,1,0,0,0
18,5,1,Prize: The thing that is best when you add liquid to it.,Prize,Emma Sidi,5,0,0,1
18,5,1,Prize: The thing that is best when you add liquid to it.,Prize,Jack Dee,3,0,0,0
18,5,1,Prize: The thing that is best when you add liquid to it.,Prize,Rosie Jones,2,0,0,0
18,5,2,Direct the robot to its charging station and plug it in. You must give the robot an instruction every 10 seconds. The robot will ignore any instructions that contain the letter O or E. You may not touch the robot.,Normal,Andy Zaltzman,1,0,0,0
18,5,2,Direct the robot to its charging station and plug it in. You must give the robot an instruction every 10 seconds. The robot will ignore any instructions that contain the letter O or E. You may not touch the robot.,Normal,Babátúndé Aléshé,4,0,0,0
18,5,2,Direct the robot to its charging station and plug it in. You must give the robot an instruction every 10 seconds. The robot will ignore any instructions that contain the letter O or E. You may not touch the robot.,Normal,Emma Sidi,5,0,0,1
18,5,2,Direct the robot to its charging station and plug it in. You must give the robot an instruction every 10 seconds. The robot will ignore any instructions that contain the letter O or E. You may not touch the robot.,Normal,Jack Dee,3,0,0,0
18,5,2,Direct the robot to its charging station and plug it in. You must give the robot an instruction every 10 seconds. The robot will ignore any instructions that contain the letter O or E. You may not touch the robot.,Normal,Rosie Jones,2,0,0,0
18,5,3,"Make the strongest smell. You must seal your smell in this jar and the Taskmaster will open it in the studio. | You must smell your smell in the studio before the Taskmaster smells your smell. If you refuse to smell your smell, the Taskmaster will not smell your smell and you will receive zero points.",Normal,Andy Zaltzman,3,0,0,0
18,5,3,"Make the strongest smell. You must seal your smell in this jar and the Taskmaster will open it in the studio. | You must smell your smell in the studio before the Taskmaster smells your smell. If you refuse to smell your smell, the Taskmaster will not smell your smell and you will receive zero points.",Normal,Babátúndé Aléshé,4,0,0,0
18,5,3,"Make the strongest smell. You must seal your smell in this jar and the Taskmaster will open it in the studio. | You must smell your smell in the studio before the Taskmaster smells your smell. If you refuse to smell your smell, the Taskmaster will not smell your smell and you will receive zero points.",Normal,Emma Sidi,2,0,0,1
18,5,3,"Make the strongest smell. You must seal your smell in this jar and the Taskmaster will open it in the studio. | You must smell your smell in the studio before the Taskmaster smells your smell. If you refuse to smell your smell, the Taskmaster will not smell your smell and you will receive zero points.",Normal,Jack Dee,5,0,0,0
18,5,3,"Make the strongest smell. You must seal your smell in this jar and the Taskmaster will open it in the studio. | You must smell your smell in the studio before the Taskmaster smells your smell. If you refuse to smell your smell, the Taskmaster will not smell your smell and you will receive zero points.",Normal,Rosie Jones,1,0,0,0
18,5,4,Team: Present the most heart-warming final story for a local news programme.,Live,Andy Zaltzman,4,0,0,0
18,5,4,Team: Present the most heart-warming final story for a local news programme.,Live,Babátúndé Aléshé,4,0,0,0
18,5,4,Team: Present the most heart-warming final story for a local news programme.,Live,Emma Sidi,4,0,0,1
18,5,4,Team: Present the most heart-warming final story for a local news programme.,Live,Jack Dee,3,0,0,0
18,5,4,Team: Present the most heart-warming final story for a local news programme.,Live,Rosie Jones,3,0,0,0
18,5,5,Live: Land your skydiver closest to the seal. You must catapult your skydiver with the catapult. Furthest from the target each round is eliminated. | Work out how many days old Alex will be on Christmas Day 2024. You must make eye contact with Alex the whole time and can only give one answer.,Live,Andy Zaltzman,1,0,0,0
18,5,5,Live: Land your skydiver closest to the seal. You must catapult your skydiver with the catapult. Furthest from the target each round is eliminated. | Work out how many days old Alex will be on Christmas Day 2024. You must make eye contact with Alex the whole time and can only give one answer.,Live,Babátúndé Aléshé,2,0,0,0
18,5,5,Live: Land your skydiver closest to the seal. You must catapult your skydiver with the catapult. Furthest from the target each round is eliminated. | Work out how many days old Alex will be on Christmas Day 2024. You must make eye contact with Alex the whole time and can only give one answer.,Live,Emma Sidi,3,0,0,1
18,5,5,Live: Land your skydiver closest to the seal. You must catapult your skydiver with the catapult. Furthest from the target each round is eliminated. | Work out how many days old Alex will be on Christmas Day 2024. You must make eye contact with Alex the whole time and can only give one answer.,Live,Jack Dee,5,0,0,0
18,5,5,Live: Land your skydiver closest to the seal. You must catapult your skydiver with the catapult. Furthest from the target each round is eliminated. | Work out how many days old Alex will be on Christmas Day 2024. You must make eye contact with Alex the whole time and can only give one answer.,Live,Rosie Jones,4,0,0,0
18,6,1,Prize: Most fun thing to put in Alex's pocket without him knowing.,Prize,Andy Zaltzman,5,0,0,1
18,6,1,Prize: Most fun thing to put in Alex's pocket without him knowing.,Prize,Babátúndé Aléshé,4,0,0,0
18,6,1,Prize: Most fun thing to put in Alex's pocket without him knowing.,Prize,Emma Sidi,4,0,0,0
18,6,1,Prize: Most fun thing to put in Alex's pocket without him knowing.,Prize,Jack Dee,3,0,0,0
18,6,1,Prize: Most fun thing to put in Alex's pocket without him knowing.,Prize,Rosie Jones,3,0,0,0
18,6,2,Put one fish in the frying pan. Dottiest fish wins. Your task ends when you put a fish in the frying pan.,Normal,Andy Zaltzman,5,0,0,1
18,6,2,Put one fish in the frying pan. Dottiest fish wins. Your task ends when you put a fish in the frying pan.,Normal,Babátúndé Aléshé,4,0,0,0
18,6,2,Put one fish in the frying pan. Dottiest fish wins. Your task ends when you put a fish in the frying pan.,Normal,Emma Sidi,3,0,0,0
18,6,2,Put one fish in the frying pan. Dottiest fish wins. Your task ends when you put a fish in the frying pan.,Normal,Jack Dee,1,0,0,0
18,6,2,Put one fish in the frying pan. Dottiest fish wins. Your task ends when you put a fish in the frying pan.,Normal,Rosie Jones,2,0,0,0
18,6,3,"Create, handle and voice the most charismatic new children's television puppet sidekick for Alex.",Normal,Andy Zaltzman,3,0,0,1
18,6,3,"Create, handle and voice the most charismatic new children's television puppet sidekick for Alex.",Normal,Babátúndé Aléshé,5,0,0,0
18,6,3,"Create, handle and voice the most charismatic new children's television puppet sidekick for Alex.",Normal,Emma Sidi,1,0,0,0
18,6,3,"Create, handle and voice the most charismatic new children's television puppet sidekick for Alex.",Normal,Jack Dee,4,0,0,0
18,6,3,"Create, handle and voice the most charismatic new children's television puppet sidekick for Alex.",Normal,Rosie Jones,2,0,0,0
18,6,4,"Defuse the robot. You must cut all the wires but one. If you cut the danger wire, the robot will spew and you will be disqualified. You must keep your goggles on at all times.",Normal,Andy Zaltzman,5,0,0,1
18,6,4,"Defuse the robot. You must cut all the wires but one. If you cut the danger wire, the robot will spew and you will be disqualified. You must keep your goggles on at all times.",Normal,Babátúndé Aléshé,0,1,0,0
18,6,4,"Defuse the robot. You must cut all the wires but one. If you cut the danger wire, the robot will spew and you will be disqualified. You must keep your goggles on at all times.",Normal,Emma Sidi,0,1,0,0
18,6,4,"Defuse the robot. You must cut all the wires but one. If you cut the danger wire, the robot will spew and you will be disqualified. You must keep your goggles on at all times.",Normal,Jack Dee,4,0,0,0
18,6,4,"Defuse the robot. You must cut all the wires but one. If you cut the danger wire, the robot will spew and you will be disqualified. You must keep your goggles on at all times.",Normal,Rosie Jones,3,0,0,0
18,6,5,"Live: Correctly guess this person's job. You must ask a yes or no question on your turn. If you take more than 10 seconds to ask your question, you miss a go.",Live,Andy Zaltzman,0,0,0,1
18,6,5,"Live: Correctly guess this person's job. You must ask a yes or no question on your turn. If you take more than 10 seconds to ask your question, you miss a go.",Live,Babátúndé Aléshé,0,0,0,0
18,6,5,"Live: Correctly guess this person's job. You must ask a yes or no question on your turn. If you take more than 10 seconds to ask your question, you miss a go.",Live,Emma Sidi,0,0,0,0
18,6,5,"Live: Correctly guess this person's job. You must ask a yes or no question on your turn. If you take more than 10 seconds to ask your question, you miss a go.",Live,Jack Dee,5,0,0,0
18,6,5,"Live: Correctly guess this person's job. You must ask a yes or no question on your turn. If you take more than 10 seconds to ask your question, you miss a go.",Live,Rosie Jones,0,0,0,0
18,7,1,Prize: The object that is bigger than your head that you would most like to carry with you for the rest of your life if you had to carry an object with you for the rest of your life.,Prize,Andy Zaltzman,4,0,0,0
18,7,1,Prize: The object that is bigger than your head that you would most like to carry with you for the rest of your life if you had to carry an object with you for the rest of your life.,Prize,Babátúndé Aléshé,2,0,0,0
18,7,1,Prize: The object that is bigger than your head that you would most like to carry with you for the rest of your life if you had to carry an object with you for the rest of your life.,Prize,Emma Sidi,5,0,0,1
18,7,1,Prize: The object that is bigger than your head that you would most like to carry with you for the rest of your life if you had to carry an object with you for the rest of your life.,Prize,Jack Dee,3,0,0,0
18,7,1,Prize: The object that is bigger than your head that you would most like to carry with you for the rest of your life if you had to carry an object with you for the rest of your life.,Prize,Rosie Jones,4,0,0,0
18,7,2,Ring the bell. You may not look up.,Normal,Andy Zaltzman,0,0,0,0
18,7,2,Ring the bell. You may not look up.,Normal,Babátúndé Aléshé,3,0,0,0
18,7,2,Ring the bell. You may not look up.,Normal,Emma Sidi,4,0,0,1
18,7,2,Ring the bell. You may not look up.,Normal,Jack Dee,3,0,0,0
18,7,2,Ring the bell. You may not look up.,Normal,Rosie Jones,5,0,0,0
18,7,3,"You must lie throughout the next task. Every time you tell the truth, everyone in your team will lose an actual Taskmaster point.",Team,Andy Zaltzman,5,0,0,0
18,7,3,"You must lie throughout the next task. Every time you tell the truth, everyone in your team will lose an actual Taskmaster point.",Team,Babátúndé Aléshé,0,0,0,0
18,7,3,"You must lie throughout the next task. Every time you tell the truth, everyone in your team will lose an actual Taskmaster point.",Team,Emma Sidi,0,0,0,1
18,7,3,"You must lie throughout the next task. Every time you tell the truth, everyone in your team will lose an actual Taskmaster point.",Team,Jack Dee,-3,0,0,0
18,7,3,"You must lie throughout the next task. Every time you tell the truth, everyone in your team will lose an actual Taskmaster point.",Team,Rosie Jones,0,0,0,0
18,7,4,"Team: Work out what is in the box. You must not look, feel or inspect the box in any way. Your teammate must not show you the contents of the box. They may only make silent facial expressions unless answering Alex's questions. Your teammate must not nod or shake their head.",Team,Andy Zaltzman,0,0,0,0
18,7,4,"Team: Work out what is in the box. You must not look, feel or inspect the box in any way. Your teammate must not show you the contents of the box. They may only make silent facial expressions unless answering Alex's questions. Your teammate must not nod or shake their head.",Team,Babátúndé Aléshé,5,0,0,0
18,7,4,"Team: Work out what is in the box. You must not look, feel or inspect the box in any way. Your teammate must not show you the contents of the box. They may only make silent facial expressions unless answering Alex's questions. Your teammate must not nod or shake their head.",Team,Emma Sidi,5,0,0,1
18,7,4,"Team: Work out what is in the box. You must not look, feel or inspect the box in any way. Your teammate must not show you the contents of the box. They may only make silent facial expressions unless answering Alex's questions. Your teammate must not nod or shake their head.",Team,Jack Dee,0,0,0,0
18,7,4,"Team: Work out what is in the box. You must not look, feel or inspect the box in any way. Your teammate must not show you the contents of the box. They may only make silent facial expressions unless answering Alex's questions. Your teammate must not nod or shake their head.",Team,Rosie Jones,-3,0,0,0
18,7,5,Eat and obey five fortune cookies.,Normal,Andy Zaltzman,2,0,0,0
18,7,5,Eat and obey five fortune cookies.,Normal,Babátúndé Aléshé,1,0,0,0
18,7,5,Eat and obey five fortune cookies.,Normal,Emma Sidi,5,0,0,1
18,7,5,Eat and obey five fortune cookies.,Normal,Jack Dee,4,0,0,0
18,7,5,Eat and obey five fortune cookies.,Normal,Rosie Jones,3,0,0,0
18,7,6,"Live: Throw a beanbag onto the island. If you knock over a can, you are disqualified. If you miss the island, you are disqualified.",Live,Andy Zaltzman,5,0,0,0
18,7,6,"Live: Throw a beanbag onto the island. If you knock over a can, you are disqualified. If you miss the island, you are disqualified.",Live,Babátúndé Aléshé,4,0,0,0
18,7,6,"Live: Throw a beanbag onto the island. If you knock over a can, you are disqualified. If you miss the island, you are disqualified.",Live,Emma Sidi,3,0,0,1
18,7,6,"Live: Throw a beanbag onto the island. If you knock over a can, you are disqualified. If you miss the island, you are disqualified.",Live,Jack Dee,3,0,0,0
18,7,6,"Live: Throw a beanbag onto the island. If you knock over a can, you are disqualified. If you miss the island, you are disqualified.",Live,Rosie Jones,3,0,0,0
18,8,1,Prize: The thing that most makes Greg scratch his chin.,Prize,Andy Zaltzman,4,0,0,1
18,8,1,Prize: The thing that most makes Greg scratch his chin.,Prize,Babátúndé Aléshé,3,0,0,0
18,8,1,Prize: The thing that most makes Greg scratch his chin.,Prize,Emma Sidi,1,0,0,0
18,8,1,Prize: The thing that most makes Greg scratch his chin.,Prize,Jack Dee,3,0,0,0
18,8,1,Prize: The thing that most makes Greg scratch his chin.,Prize,Rosie Jones,5,0,0,0
18,8,2,Put on the special glasses.,Normal,Andy Zaltzman,5,0,0,1
18,8,2,Put on the special glasses.,Normal,Babátúndé Aléshé,2,0,0,0
18,8,2,Put on the special glasses.,Normal,Emma Sidi,3,0,0,0
18,8,2,Put on the special glasses.,Normal,Jack Dee,1,0,0,0
18,8,2,Put on the special glasses.,Normal,Rosie Jones,4,0,0,0
18,8,3,"Be at the highest number barrel when Alex blows his whistle again. You may only move to the next barrel when you have completed the challenge at the previous barrel. If you fail a barrel challenge twice in a row, you must move back to the first barrel. If you are at an even-numbered barrel at the end of the barrel task, you are disqualified.",Normal,Andy Zaltzman,5,0,0,1
18,8,3,"Be at the highest number barrel when Alex blows his whistle again. You may only move to the next barrel when you have completed the challenge at the previous barrel. If you fail a barrel challenge twice in a row, you must move back to the first barrel. If you are at an even-numbered barrel at the end of the barrel task, you are disqualified.",Normal,Babátúndé Aléshé,3,0,0,0
18,8,3,"Be at the highest number barrel when Alex blows his whistle again. You may only move to the next barrel when you have completed the challenge at the previous barrel. If you fail a barrel challenge twice in a row, you must move back to the first barrel. If you are at an even-numbered barrel at the end of the barrel task, you are disqualified.",Normal,Emma Sidi,1,0,0,0
18,8,3,"Be at the highest number barrel when Alex blows his whistle again. You may only move to the next barrel when you have completed the challenge at the previous barrel. If you fail a barrel challenge twice in a row, you must move back to the first barrel. If you are at an even-numbered barrel at the end of the barrel task, you are disqualified.",Normal,Jack Dee,5,0,0,0
18,8,3,"Be at the highest number barrel when Alex blows his whistle again. You may only move to the next barrel when you have completed the challenge at the previous barrel. If you fail a barrel challenge twice in a row, you must move back to the first barrel. If you are at an even-numbered barrel at the end of the barrel task, you are disqualified.",Normal,Rosie Jones,3,0,0,0
18,8,4,"Label a part of your body, make a surprising noise and do something interesting with your legs. | Do these three things again and again and again in that same order.",Normal,Andy Zaltzman,3,0,0,1
18,8,4,"Label a part of your body, make a surprising noise and do something interesting with your legs. | Do these three things again and again and again in that same order.",Normal,Babátúndé Aléshé,4,0,0,0
18,8,4,"Label a part of your body, make a surprising noise and do something interesting with your legs. | Do these three things again and again and again in that same order.",Normal,Emma Sidi,2,0,0,0
18,8,4,"Label a part of your body, make a surprising noise and do something interesting with your legs. | Do these three things again and again and again in that same order.",Normal,Jack Dee,5,0,0,0
18,8,4,"Label a part of your body, make a surprising noise and do something interesting with your legs. | Do these three things again and again and again in that same order.",Normal,Rosie Jones,2,0,0,0
18,8,5,"Team Live: Say the same word at the same time. Alex will give you a category. Taking it in turns, team members must both say one word that fits the category at the same time. If both team members say the same word at the same time, they win the round. Also, you must not say word that has been said before.",Live,Andy Zaltzman,2,0,0,1
18,8,5,"Team Live: Say the same word at the same time. Alex will give you a category. Taking it in turns, team members must both say one word that fits the category at the same time. If both team members say the same word at the same time, they win the round. Also, you must not say word that has been said before.",Live,Babátúndé Aléshé,2,0,0,0
18,8,5,"Team Live: Say the same word at the same time. Alex will give you a category. Taking it in turns, team members must both say one word that fits the category at the same time. If both team members say the same word at the same time, they win the round. Also, you must not say word that has been said before.",Live,Emma Sidi,2,0,0,0
18,8,5,"Team Live: Say the same word at the same time. Alex will give you a category. Taking it in turns, team members must both say one word that fits the category at the same time. If both team members say the same word at the same time, they win the round. Also, you must not say word that has been said before.",Live,Jack Dee,3,0,0,0
18,8,5,"Team Live: Say the same word at the same time. Alex will give you a category. Taking it in turns, team members must both say one word that fits the category at the same time. If both team members say the same word at the same time, they win the round. Also, you must not say word that has been said before.",Live,Rosie Jones,3,0,0,0
18,9,1,Prize: Best item for keeping things in that isn't just a regular item for keeping things in.,Prize,Andy Zaltzman,4,0,0,0
18,9,1,Prize: Best item for keeping things in that isn't just a regular item for keeping things in.,Prize,Babátúndé Aléshé,1,0,0,0
18,9,1,Prize: Best item for keeping things in that isn't just a regular item for keeping things in.,Prize,Emma Sidi,5,0,0,1
18,9,1,Prize: Best item for keeping things in that isn't just a regular item for keeping things in.,Prize,Jack Dee,2,0,0,0
18,9,1,Prize: Best item for keeping things in that isn't just a regular item for keeping things in.,Prize,Rosie Jones,3,0,0,0
18,9,2,"Walk exactly one furlong in exactly 10 minutes. You may not make use of technology except to make three five-second phone calls. Also, you may not remove the hat.",Normal,Andy Zaltzman,4,0,0,0
18,9,2,"Walk exactly one furlong in exactly 10 minutes. You may not make use of technology except to make three five-second phone calls. Also, you may not remove the hat.",Normal,Babátúndé Aléshé,5,0,0,0
18,9,2,"Walk exactly one furlong in exactly 10 minutes. You may not make use of technology except to make three five-second phone calls. Also, you may not remove the hat.",Normal,Emma Sidi,3,0,0,1
18,9,2,"Walk exactly one furlong in exactly 10 minutes. You may not make use of technology except to make three five-second phone calls. Also, you may not remove the hat.",Normal,Jack Dee,2,0,0,0
18,9,2,"Walk exactly one furlong in exactly 10 minutes. You may not make use of technology except to make three five-second phone calls. Also, you may not remove the hat.",Normal,Rosie Jones,1,0,0,0
18,9,3,Clean the most profound picture of majestic nature on a dirty thing.,Normal,Andy Zaltzman,2,0,0,0
18,9,3,Clean the most profound picture of majestic nature on a dirty thing.,Normal,Babátúndé Aléshé,4,0,0,0
18,9,3,Clean the most profound picture of majestic nature on a dirty thing.,Normal,Emma Sidi,5,0,0,1
18,9,3,Clean the most profound picture of majestic nature on a dirty thing.,Normal,Jack Dee,4,0,0,0
18,9,3,Clean the most profound picture of majestic nature on a dirty thing.,Normal,Rosie Jones,3,0,0,0
18,9,4,"Team: Place all the balls in the gutter and the gutter on the cow. The gutter must not enter the dome. You must not use anything floppy during your attempt. For every ball you touch, one minute will be added to your time. For every ball that touches the floor, 10 minutes will be added to your time. The task is over when the full gutter of balls is balancing by itself on the cow.",Team,Andy Zaltzman,5,0,0,0
18,9,4,"Team: Place all the balls in the gutter and the gutter on the cow. The gutter must not enter the dome. You must not use anything floppy during your attempt. For every ball you touch, one minute will be added to your time. For every ball that touches the floor, 10 minutes will be added to your time. The task is over when the full gutter of balls is balancing by itself on the cow.",Team,Babátúndé Aléshé,5,0,0,0
18,9,4,"Team: Place all the balls in the gutter and the gutter on the cow. The gutter must not enter the dome. You must not use anything floppy during your attempt. For every ball you touch, one minute will be added to your time. For every ball that touches the floor, 10 minutes will be added to your time. The task is over when the full gutter of balls is balancing by itself on the cow.",Team,Emma Sidi,5,0,0,1
18,9,4,"Team: Place all the balls in the gutter and the gutter on the cow. The gutter must not enter the dome. You must not use anything floppy during your attempt. For every ball you touch, one minute will be added to your time. For every ball that touches the floor, 10 minutes will be added to your time. The task is over when the full gutter of balls is balancing by itself on the cow.",Team,Jack Dee,3,0,0,0
18,9,4,"Team: Place all the balls in the gutter and the gutter on the cow. The gutter must not enter the dome. You must not use anything floppy during your attempt. For every ball you touch, one minute will be added to your time. For every ball that touches the floor, 10 minutes will be added to your time. The task is over when the full gutter of balls is balancing by itself on the cow.",Team,Rosie Jones,3,0,0,0
18,9,5,Live: Predict whether each item will float or not float.,Live,Andy Zaltzman,5,0,0,0
18,9,5,Live: Predict whether each item will float or not float.,Live,Babátúndé Aléshé,3,0,0,0
18,9,5,Live: Predict whether each item will float or not float.,Live,Emma Sidi,3,0,0,1
18,9,5,Live: Predict whether each item will float or not float.,Live,Jack Dee,4,0,0,0
18,9,5,Live: Predict whether each item will float or not float.,Live,Rosie Jones,3,0,0,0
18,10,1,Prize: The thing most likely to make your buttocks clench.,Prize,Andy Zaltzman,3,0,0,0
18,10,1,Prize: The thing most likely to make your buttocks clench.,Prize,Babátúndé Aléshé,2,0,0,0
18,10,1,Prize: The thing most likely to make your buttocks clench.,Prize,Emma Sidi,5,0,0,1
18,10,1,Prize: The thing most likely to make your buttocks clench.,Prize,Jack Dee,5,0,0,0
18,10,1,Prize: The thing most likely to make your buttocks clench.,Prize,Rosie Jones,4,0,0,0
18,10,2,"Say how many chairs are in this cinema. You may only give one answer. You must not say any numbers until you give your answer and you must say the name of every object that appears on the screen. If you miss an object, one minute will be added to your time. For every chair you get wrong, one minute will be added to your time.",Normal,Andy Zaltzman,4,0,0,0
18,10,2,"Say how many chairs are in this cinema. You may only give one answer. You must not say any numbers until you give your answer and you must say the name of every object that appears on the screen. If you miss an object, one minute will be added to your time. For every chair you get wrong, one minute will be added to your time.",Normal,Babátúndé Aléshé,5,0,0,0
18,10,2,"Say how many chairs are in this cinema. You may only give one answer. You must not say any numbers until you give your answer and you must say the name of every object that appears on the screen. If you miss an object, one minute will be added to your time. For every chair you get wrong, one minute will be added to your time.",Normal,Emma Sidi,3,0,0,1
18,10,2,"Say how many chairs are in this cinema. You may only give one answer. You must not say any numbers until you give your answer and you must say the name of every object that appears on the screen. If you miss an object, one minute will be added to your time. For every chair you get wrong, one minute will be added to your time.",Normal,Jack Dee,1,0,0,0
18,10,2,"Say how many chairs are in this cinema. You may only give one answer. You must not say any numbers until you give your answer and you must say the name of every object that appears on the screen. If you miss an object, one minute will be added to your time. For every chair you get wrong, one minute will be added to your time.",Normal,Rosie Jones,2,0,0,0
18,10,3,Either throw five fives in a row or do 100 press-ups or eat a raw onion or find the needle in the haystack or sit silently for 10 minutes. You may only attempt two of these things.,Normal,Andy Zaltzman,4,0,0,0
18,10,3,Either throw five fives in a row or do 100 press-ups or eat a raw onion or find the needle in the haystack or sit silently for 10 minutes. You may only attempt two of these things.,Normal,Babátúndé Aléshé,2,0,0,0
18,10,3,Either throw five fives in a row or do 100 press-ups or eat a raw onion or find the needle in the haystack or sit silently for 10 minutes. You may only attempt two of these things.,Normal,Emma Sidi,5,0,0,1
18,10,3,Either throw five fives in a row or do 100 press-ups or eat a raw onion or find the needle in the haystack or sit silently for 10 minutes. You may only attempt two of these things.,Normal,Jack Dee,1,0,0,0
18,10,3,Either throw five fives in a row or do 100 press-ups or eat a raw onion or find the needle in the haystack or sit silently for 10 minutes. You may only attempt two of these things.,Normal,Rosie Jones,3,0,0,0
18,10,4,"Present ""The Goose"".",Normal,Andy Zaltzman,3,0,0,0
18,10,4,"Present ""The Goose"".",Normal,Babátúndé Aléshé,1,0,0,0
18,10,4,"Present ""The Goose"".",Normal,Emma Sidi,4,0,0,1
18,10,4,"Present ""The Goose"".",Normal,Jack Dee,2,0,0,0
18,10,4,"Present ""The Goose"".",Normal,Rosie Jones,5,0,0,0
18,10,5,"Live: When Greg says ""eyes down"", you must look down. When Greg says ""eyes up"", you must immediately look at another contestant. If the contestant is also looking at you, you are both eliminated.",Live,Andy Zaltzman,0,0,0,0
18,10,5,"Live: When Greg says ""eyes down"", you must look down. When Greg says ""eyes up"", you must immediately look at another contestant. If the contestant is also looking at you, you are both eliminated.",Live,Babátúndé Aléshé,0,0,0,0
18,10,5,"Live: When Greg says ""eyes down"", you must look down. When Greg says ""eyes up"", you must immediately look at another contestant. If the contestant is also looking at you, you are both eliminated.",Live,Emma Sidi,0,0,0,1
18,10,5,"Live: When Greg says ""eyes down"", you must look down. When Greg says ""eyes up"", you must immediately look at another contestant. If the contestant is also looking at you, you are both eliminated.",Live,Jack Dee,5,0,0,0
18,10,5,"Live: When Greg says ""eyes down"", you must look down. When Greg says ""eyes up"", you must immediately look at another contestant. If the contestant is also looking at you, you are both eliminated.",Live,Rosie Jones,0,0,0,0
19,1,1,Prize: The object that reminds you of school the most in a good way.,Prize,Fatiha El-Ghorri,1,0,0,0
19,1,1,Prize: The object that reminds you of school the most in a good way.,Prize,Jason Mantzoukas,5,0,0,0
19,1,1,Prize: The object that reminds you of school the most in a good way.,Prize,Mathew Baynton,4,0,0,1
19,1,1,Prize: The object that reminds you of school the most in a good way.,Prize,Rosie Ramsey,3,0,0,0
19,1,1,Prize: The object that reminds you of school the most in a good way.,Prize,Stevie Martin,2,0,0,0
19,1,2,"Put your hands on the hands, shut your eyes and keep them shut until you hear the whistle. | Pour all the vinegar into the fish tank. For every millilitre spilt, one second will be added to your time.",Normal,Fatiha El-Ghorri,4,0,0,0
19,1,2,"Put your hands on the hands, shut your eyes and keep them shut until you hear the whistle. | Pour all the vinegar into the fish tank. For every millilitre spilt, one second will be added to your time.",Normal,Jason Mantzoukas,1,0,0,0
19,1,2,"Put your hands on the hands, shut your eyes and keep them shut until you hear the whistle. | Pour all the vinegar into the fish tank. For every millilitre spilt, one second will be added to your time.",Normal,Mathew Baynton,3,0,0,1
19,1,2,"Put your hands on the hands, shut your eyes and keep them shut until you hear the whistle. | Pour all the vinegar into the fish tank. For every millilitre spilt, one second will be added to your time.",Normal,Rosie Ramsey,2,0,0,0
19,1,2,"Put your hands on the hands, shut your eyes and keep them shut until you hear the whistle. | Pour all the vinegar into the fish tank. For every millilitre spilt, one second will be added to your time.",Normal,Stevie Martin,5,0,0,0
19,1,3,Do something really cool. | Do your cool thing backwards.,Normal,Fatiha El-Ghorri,1,0,0,0
19,1,3,Do something really cool. | Do your cool thing backwards.,Normal,Jason Mantzoukas,3,0,0,0
19,1,3,Do something really cool. | Do your cool thing backwards.,Normal,Mathew Baynton,5,0,0,1
19,1,3,Do something really cool. | Do your cool thing backwards.,Normal,Rosie Ramsey,2,0,0,0
19,1,3,Do something really cool. | Do your cool thing backwards.,Normal,Stevie Martin,4,0,0,0
19,1,4,Win the Pealympics. There are five events. The top two performers in each event get a medal.,Normal,Fatiha El-Ghorri,3,0,0,0
19,1,4,Win the Pealympics. There are five events. The top two performers in each event get a medal.,Normal,Jason Mantzoukas,5,0,0,0
19,1,4,Win the Pealympics. There are five events. The top two performers in each event get a medal.,Normal,Mathew Baynton,2,0,0,1
19,1,4,Win the Pealympics. There are five events. The top two performers in each event get a medal.,Normal,Rosie Ramsey,5,0,0,0
19,1,4,Win the Pealympics. There are five events. The top two performers in each event get a medal.,Normal,Stevie Martin,2,0,0,0
19,1,5,"Live: Get the most raisins in your wine glass. You may only touch raisins with your mouth. You must not bend at the waist and your hands must be behind your back at all times. Also, every time you drop a raisin into your wine glass, you must shout the name of one of your competitors. That competitor must immediately shout their name too. If they don't, Alex will empty their wine glass.",Live,Fatiha El-Ghorri,1,0,0,0
19,1,5,"Live: Get the most raisins in your wine glass. You may only touch raisins with your mouth. You must not bend at the waist and your hands must be behind your back at all times. Also, every time you drop a raisin into your wine glass, you must shout the name of one of your competitors. That competitor must immediately shout their name too. If they don't, Alex will empty their wine glass.",Live,Jason Mantzoukas,2,0,0,0
19,1,5,"Live: Get the most raisins in your wine glass. You may only touch raisins with your mouth. You must not bend at the waist and your hands must be behind your back at all times. Also, every time you drop a raisin into your wine glass, you must shout the name of one of your competitors. That competitor must immediately shout their name too. If they don't, Alex will empty their wine glass.",Live,Mathew Baynton,5,0,0,1
19,1,5,"Live: Get the most raisins in your wine glass. You may only touch raisins with your mouth. You must not bend at the waist and your hands must be behind your back at all times. Also, every time you drop a raisin into your wine glass, you must shout the name of one of your competitors. That competitor must immediately shout their name too. If they don't, Alex will empty their wine glass.",Live,Rosie Ramsey,4,0,0,0
19,1,5,"Live: Get the most raisins in your wine glass. You may only touch raisins with your mouth. You must not bend at the waist and your hands must be behind your back at all times. Also, every time you drop a raisin into your wine glass, you must shout the name of one of your competitors. That competitor must immediately shout their name too. If they don't, Alex will empty their wine glass.",Live,Stevie Martin,4,0,0,0
19,2,1,Prize: Snootiest thing.,Prize,Fatiha El-Ghorri,1,0,0,0
19,2,1,Prize: Snootiest thing.,Prize,Jason Mantzoukas,3,0,0,0
19,2,1,Prize: Snootiest thing.,Prize,Mathew Baynton,5,0,0,1
19,2,1,Prize: Snootiest thing.,Prize,Rosie Ramsey,2,0,0,0
19,2,1,Prize: Snootiest thing.,Prize,Stevie Martin,4,0,0,0
19,2,2,"Commentate on yourself achieving something really tricky, then achieve that really tricky thing.",Normal,Fatiha El-Ghorri,4,0,0,0
19,2,2,"Commentate on yourself achieving something really tricky, then achieve that really tricky thing.",Normal,Jason Mantzoukas,1,0,0,0
19,2,2,"Commentate on yourself achieving something really tricky, then achieve that really tricky thing.",Normal,Mathew Baynton,5,0,0,1
19,2,2,"Commentate on yourself achieving something really tricky, then achieve that really tricky thing.",Normal,Rosie Ramsey,3,0,0,0
19,2,2,"Commentate on yourself achieving something really tricky, then achieve that really tricky thing.",Normal,Stevie Martin,2,0,0,0
19,2,3,"Team: Give Alex exactly 100 marbles on a plate and an eggcup full of tepid water. One of you must always be sitting down, one of you must always be jumping and one of you must always be clapping your hands. You must each change your action every 30 seconds and no-one may hold anything for more than five seconds at a time.",Team,Fatiha El-Ghorri,5,0,0,0
19,2,3,"Team: Give Alex exactly 100 marbles on a plate and an eggcup full of tepid water. One of you must always be sitting down, one of you must always be jumping and one of you must always be clapping your hands. You must each change your action every 30 seconds and no-one may hold anything for more than five seconds at a time.",Team,Jason Mantzoukas,1,0,0,0
19,2,3,"Team: Give Alex exactly 100 marbles on a plate and an eggcup full of tepid water. One of you must always be sitting down, one of you must always be jumping and one of you must always be clapping your hands. You must each change your action every 30 seconds and no-one may hold anything for more than five seconds at a time.",Team,Mathew Baynton,5,0,0,1
19,2,3,"Team: Give Alex exactly 100 marbles on a plate and an eggcup full of tepid water. One of you must always be sitting down, one of you must always be jumping and one of you must always be clapping your hands. You must each change your action every 30 seconds and no-one may hold anything for more than five seconds at a time.",Team,Rosie Ramsey,5,0,0,0
19,2,3,"Team: Give Alex exactly 100 marbles on a plate and an eggcup full of tepid water. One of you must always be sitting down, one of you must always be jumping and one of you must always be clapping your hands. You must each change your action every 30 seconds and no-one may hold anything for more than five seconds at a time.",Team,Stevie Martin,1,0,0,0
19,2,4,Get the most liquid in this can. You may not leave the Submaravan.,Normal,Fatiha El-Ghorri,3,0,0,0
19,2,4,Get the most liquid in this can. You may not leave the Submaravan.,Normal,Jason Mantzoukas,5,0,0,0
19,2,4,Get the most liquid in this can. You may not leave the Submaravan.,Normal,Mathew Baynton,4,0,0,1
19,2,4,Get the most liquid in this can. You may not leave the Submaravan.,Normal,Rosie Ramsey,2,0,0,0
19,2,4,Get the most liquid in this can. You may not leave the Submaravan.,Normal,Stevie Martin,1,0,0,0
19,2,5,"Live: Choose an item from each box and place them on the corresponding half of your table. | Live: One at a time, pass the item on your right to the person on your right and the item on your left to the person on your left. | Live: Put one of your items completely inside the other item.",Live,Fatiha El-Ghorri,2,0,0,0
19,2,5,"Live: Choose an item from each box and place them on the corresponding half of your table. | Live: One at a time, pass the item on your right to the person on your right and the item on your left to the person on your left. | Live: Put one of your items completely inside the other item.",Live,Jason Mantzoukas,3,0,0,0
19,2,5,"Live: Choose an item from each box and place them on the corresponding half of your table. | Live: One at a time, pass the item on your right to the person on your right and the item on your left to the person on your left. | Live: Put one of your items completely inside the other item.",Live,Mathew Baynton,4,0,0,1
19,2,5,"Live: Choose an item from each box and place them on the corresponding half of your table. | Live: One at a time, pass the item on your right to the person on your right and the item on your left to the person on your left. | Live: Put one of your items completely inside the other item.",Live,Rosie Ramsey,1,0,0,0
19,2,5,"Live: Choose an item from each box and place them on the corresponding half of your table. | Live: One at a time, pass the item on your right to the person on your right and the item on your left to the person on your left. | Live: Put one of your items completely inside the other item.",Live,Stevie Martin,5,0,0,0
19,3,1,Prize: Best thing for a middle-aged man to keep on his bedside table.,Prize,Fatiha El-Ghorri,4,0,0,0
19,3,1,Prize: Best thing for a middle-aged man to keep on his bedside table.,Prize,Jason Mantzoukas,5,0,0,0
19,3,1,Prize: Best thing for a middle-aged man to keep on his bedside table.,Prize,Mathew Baynton,3,0,0,1
19,3,1,Prize: Best thing for a middle-aged man to keep on his bedside table.,Prize,Rosie Ramsey,2,0,0,0
19,3,1,Prize: Best thing for a middle-aged man to keep on his bedside table.,Prize,Stevie Martin,1,0,0,0
19,3,2,"Answer the cheese phone. Every time you move, Alex will play the French horn. If you choose to only use your sense of smell, Alex will not play the French horn and your final time will be halved. | Read this out loud and in full. If you fail to read this out loud and in full, you will fail the current task. | Congratulations, you have discovered the magic moustache and must wear it until the end of the task. | Move the most cushions from one bin to the other bin without Alex correctly saying what colour cape you're wearing. You must be wearing a cape on the outside of your clothes throughout. You may not move the bins. If a cushion touches the ground, the task is over. Alex will alternately open then shut his eyes for as many seconds as there are letters in each of the words of this task.",Live,Fatiha El-Ghorri,3,0,0,0
19,3,2,"Answer the cheese phone. Every time you move, Alex will play the French horn. If you choose to only use your sense of smell, Alex will not play the French horn and your final time will be halved. | Read this out loud and in full. If you fail to read this out loud and in full, you will fail the current task. | Congratulations, you have discovered the magic moustache and must wear it until the end of the task. | Move the most cushions from one bin to the other bin without Alex correctly saying what colour cape you're wearing. You must be wearing a cape on the outside of your clothes throughout. You may not move the bins. If a cushion touches the ground, the task is over. Alex will alternately open then shut his eyes for as many seconds as there are letters in each of the words of this task.",Live,Jason Mantzoukas,1,0,0,0
19,3,2,"Answer the cheese phone. Every time you move, Alex will play the French horn. If you choose to only use your sense of smell, Alex will not play the French horn and your final time will be halved. | Read this out loud and in full. If you fail to read this out loud and in full, you will fail the current task. | Congratulations, you have discovered the magic moustache and must wear it until the end of the task. | Move the most cushions from one bin to the other bin without Alex correctly saying what colour cape you're wearing. You must be wearing a cape on the outside of your clothes throughout. You may not move the bins. If a cushion touches the ground, the task is over. Alex will alternately open then shut his eyes for as many seconds as there are letters in each of the words of this task.",Live,Mathew Baynton,4,0,0,1
19,3,2,"Answer the cheese phone. Every time you move, Alex will play the French horn. If you choose to only use your sense of smell, Alex will not play the French horn and your final time will be halved. | Read this out loud and in full. If you fail to read this out loud and in full, you will fail the current task. | Congratulations, you have discovered the magic moustache and must wear it until the end of the task. | Move the most cushions from one bin to the other bin without Alex correctly saying what colour cape you're wearing. You must be wearing a cape on the outside of your clothes throughout. You may not move the bins. If a cushion touches the ground, the task is over. Alex will alternately open then shut his eyes for as many seconds as there are letters in each of the words of this task.",Live,Rosie Ramsey,2,0,0,0
19,3,2,"Answer the cheese phone. Every time you move, Alex will play the French horn. If you choose to only use your sense of smell, Alex will not play the French horn and your final time will be halved. | Read this out loud and in full. If you fail to read this out loud and in full, you will fail the current task. | Congratulations, you have discovered the magic moustache and must wear it until the end of the task. | Move the most cushions from one bin to the other bin without Alex correctly saying what colour cape you're wearing. You must be wearing a cape on the outside of your clothes throughout. You may not move the bins. If a cushion touches the ground, the task is over. Alex will alternately open then shut his eyes for as many seconds as there are letters in each of the words of this task.",Live,Stevie Martin,5,0,0,0
19,3,3,Paint the best picture of the Taskmaster and his assistant having fun on the canvas in the lab. You may only enter the lab when there are 30 seconds left in the task.,Normal,Fatiha El-Ghorri,4,0,0,0
19,3,3,Paint the best picture of the Taskmaster and his assistant having fun on the canvas in the lab. You may only enter the lab when there are 30 seconds left in the task.,Normal,Jason Mantzoukas,1,0,0,0
19,3,3,Paint the best picture of the Taskmaster and his assistant having fun on the canvas in the lab. You may only enter the lab when there are 30 seconds left in the task.,Normal,Mathew Baynton,5,0,0,1
19,3,3,Paint the best picture of the Taskmaster and his assistant having fun on the canvas in the lab. You may only enter the lab when there are 30 seconds left in the task.,Normal,Rosie Ramsey,3,0,0,0
19,3,3,Paint the best picture of the Taskmaster and his assistant having fun on the canvas in the lab. You may only enter the lab when there are 30 seconds left in the task.,Normal,Stevie Martin,2,0,0,0
19,3,4,"Team Live: Take it in turns as teams to obey Greg's previous order. If you hesitate, your team loses the round.",Live,Fatiha El-Ghorri,1,0,0,0
19,3,4,"Team Live: Take it in turns as teams to obey Greg's previous order. If you hesitate, your team loses the round.",Live,Jason Mantzoukas,3,0,0,0
19,3,4,"Team Live: Take it in turns as teams to obey Greg's previous order. If you hesitate, your team loses the round.",Live,Mathew Baynton,1,0,0,1
19,3,4,"Team Live: Take it in turns as teams to obey Greg's previous order. If you hesitate, your team loses the round.",Live,Rosie Ramsey,1,0,0,0
19,3,4,"Team Live: Take it in turns as teams to obey Greg's previous order. If you hesitate, your team loses the round.",Live,Stevie Martin,3,0,0,0
19,4,1,Prize: The thing that least suits its name if you shout it loudly while we're all looking at it on the screen.,Prize,Fatiha El-Ghorri,3,0,0,0
19,4,1,Prize: The thing that least suits its name if you shout it loudly while we're all looking at it on the screen.,Prize,Jason Mantzoukas,1,0,0,0
19,4,1,Prize: The thing that least suits its name if you shout it loudly while we're all looking at it on the screen.,Prize,Mathew Baynton,2,0,0,0
19,4,1,Prize: The thing that least suits its name if you shout it loudly while we're all looking at it on the screen.,Prize,Rosie Ramsey,4,0,0,1
19,4,1,Prize: The thing that least suits its name if you shout it loudly while we're all looking at it on the screen.,Prize,Stevie Martin,5,0,0,0
19,4,2,"Put the most wetsuits on mannequins. The mannequins must be wearing their wetsuits properly. Also, you must tiptoe throughout and put your finger on your lips and say ""shhh"" at least once every 20 seconds.",Normal,Fatiha El-Ghorri,2,0,0,0
19,4,2,"Put the most wetsuits on mannequins. The mannequins must be wearing their wetsuits properly. Also, you must tiptoe throughout and put your finger on your lips and say ""shhh"" at least once every 20 seconds.",Normal,Jason Mantzoukas,3,0,0,0
19,4,2,"Put the most wetsuits on mannequins. The mannequins must be wearing their wetsuits properly. Also, you must tiptoe throughout and put your finger on your lips and say ""shhh"" at least once every 20 seconds.",Normal,Mathew Baynton,1,0,0,0
19,4,2,"Put the most wetsuits on mannequins. The mannequins must be wearing their wetsuits properly. Also, you must tiptoe throughout and put your finger on your lips and say ""shhh"" at least once every 20 seconds.",Normal,Rosie Ramsey,5,0,0,1
19,4,2,"Put the most wetsuits on mannequins. The mannequins must be wearing their wetsuits properly. Also, you must tiptoe throughout and put your finger on your lips and say ""shhh"" at least once every 20 seconds.",Normal,Stevie Martin,4,0,0,0
19,4,3,Team: Convince the other team that the following things are the opposite of what they are.,Team,Fatiha El-Ghorri,5,0,0,0
19,4,3,Team: Convince the other team that the following things are the opposite of what they are.,Team,Jason Mantzoukas,3,0,0,0
19,4,3,Team: Convince the other team that the following things are the opposite of what they are.,Team,Mathew Baynton,5,0,0,0
19,4,3,Team: Convince the other team that the following things are the opposite of what they are.,Team,Rosie Ramsey,5,0,0,1
19,4,3,Team: Convince the other team that the following things are the opposite of what they are.,Team,Stevie Martin,3,0,0,0
19,4,4,"Tell Alex why the light bulb turns on. You may not touch or tamper with the light bulb. | Read this out loud and in full. If you fail to read this out loud and in full, you will fail the current task.",Normal,Fatiha El-Ghorri,5,0,0,0
19,4,4,"Tell Alex why the light bulb turns on. You may not touch or tamper with the light bulb. | Read this out loud and in full. If you fail to read this out loud and in full, you will fail the current task.",Normal,Jason Mantzoukas,1,0,0,0
19,4,4,"Tell Alex why the light bulb turns on. You may not touch or tamper with the light bulb. | Read this out loud and in full. If you fail to read this out loud and in full, you will fail the current task.",Normal,Mathew Baynton,4,0,0,0
19,4,4,"Tell Alex why the light bulb turns on. You may not touch or tamper with the light bulb. | Read this out loud and in full. If you fail to read this out loud and in full, you will fail the current task.",Normal,Rosie Ramsey,3,0,0,1
19,4,4,"Tell Alex why the light bulb turns on. You may not touch or tamper with the light bulb. | Read this out loud and in full. If you fail to read this out loud and in full, you will fail the current task.",Normal,Stevie Martin,2,0,0,0
19,4,5,"Live: Win a game of Front Ham. One at a time, each person must discard three socks from the washing line and add one. If all your coloured socks are removed, you are eliminated.",Live,Fatiha El-Ghorri,5,0,0,0
19,4,5,"Live: Win a game of Front Ham. One at a time, each person must discard three socks from the washing line and add one. If all your coloured socks are removed, you are eliminated.",Live,Jason Mantzoukas,2,0,0,0
19,4,5,"Live: Win a game of Front Ham. One at a time, each person must discard three socks from the washing line and add one. If all your coloured socks are removed, you are eliminated.",Live,Mathew Baynton,3,0,0,0
19,4,5,"Live: Win a game of Front Ham. One at a time, each person must discard three socks from the washing line and add one. If all your coloured socks are removed, you are eliminated.",Live,Rosie Ramsey,4,0,0,1
19,4,5,"Live: Win a game of Front Ham. One at a time, each person must discard three socks from the washing line and add one. If all your coloured socks are removed, you are eliminated.",Live,Stevie Martin,1,0,0,0
19,5,1,Prize: Best object to bestow in your will to a relative against whom you are seeking revenge.,Prize,Fatiha El-Ghorri,2,0,0,0
19,5,1,Prize: Best object to bestow in your will to a relative against whom you are seeking revenge.,Prize,Jason Mantzoukas,5,0,0,1
19,5,1,Prize: Best object to bestow in your will to a relative against whom you are seeking revenge.,Prize,Mathew Baynton,5,0,0,0
19,5,1,Prize: Best object to bestow in your will to a relative against whom you are seeking revenge.,Prize,Rosie Ramsey,3,0,0,0
19,5,1,Prize: Best object to bestow in your will to a relative against whom you are seeking revenge.,Prize,Stevie Martin,1,0,0,0
19,5,2,"Be the least annoying person round the campfire. You must either sing a folk song, tell a ghost story or recite a beat poem and not be annoying. Your song, story or poem must either be about fast cars, barbecues or DIY and it can contain no more than 100 words.",Normal,Fatiha El-Ghorri,0,1,0,0
19,5,2,"Be the least annoying person round the campfire. You must either sing a folk song, tell a ghost story or recite a beat poem and not be annoying. Your song, story or poem must either be about fast cars, barbecues or DIY and it can contain no more than 100 words.",Normal,Jason Mantzoukas,2,0,0,1
19,5,2,"Be the least annoying person round the campfire. You must either sing a folk song, tell a ghost story or recite a beat poem and not be annoying. Your song, story or poem must either be about fast cars, barbecues or DIY and it can contain no more than 100 words.",Normal,Mathew Baynton,0,1,0,0
19,5,2,"Be the least annoying person round the campfire. You must either sing a folk song, tell a ghost story or recite a beat poem and not be annoying. Your song, story or poem must either be about fast cars, barbecues or DIY and it can contain no more than 100 words.",Normal,Rosie Ramsey,5,0,0,0
19,5,2,"Be the least annoying person round the campfire. You must either sing a folk song, tell a ghost story or recite a beat poem and not be annoying. Your song, story or poem must either be about fast cars, barbecues or DIY and it can contain no more than 100 words.",Normal,Stevie Martin,4,0,0,0
19,5,3,"Draw the monster. You must not turn around or leave the car. If you fail to honk your horn when you see a lollipop lady, you must surrender your picture for 30 seconds.",Normal,Fatiha El-Ghorri,3,0,0,0
19,5,3,"Draw the monster. You must not turn around or leave the car. If you fail to honk your horn when you see a lollipop lady, you must surrender your picture for 30 seconds.",Normal,Jason Mantzoukas,5,0,0,1
19,5,3,"Draw the monster. You must not turn around or leave the car. If you fail to honk your horn when you see a lollipop lady, you must surrender your picture for 30 seconds.",Normal,Mathew Baynton,4,0,0,0
19,5,3,"Draw the monster. You must not turn around or leave the car. If you fail to honk your horn when you see a lollipop lady, you must surrender your picture for 30 seconds.",Normal,Rosie Ramsey,1,0,0,0
19,5,3,"Draw the monster. You must not turn around or leave the car. If you fail to honk your horn when you see a lollipop lady, you must surrender your picture for 30 seconds.",Normal,Stevie Martin,2,0,0,0
19,5,4,"Shorten these pencils and place your shortened pencils in the pencil case. | Write down every word you said in this room before you opened this task. Also, you must write the same number of words in each colour, otherwise your total will be halved. You must not leave the lab.",Normal,Fatiha El-Ghorri,4,0,0,0
19,5,4,"Shorten these pencils and place your shortened pencils in the pencil case. | Write down every word you said in this room before you opened this task. Also, you must write the same number of words in each colour, otherwise your total will be halved. You must not leave the lab.",Normal,Jason Mantzoukas,3,0,0,1
19,5,4,"Shorten these pencils and place your shortened pencils in the pencil case. | Write down every word you said in this room before you opened this task. Also, you must write the same number of words in each colour, otherwise your total will be halved. You must not leave the lab.",Normal,Mathew Baynton,1,0,0,0
19,5,4,"Shorten these pencils and place your shortened pencils in the pencil case. | Write down every word you said in this room before you opened this task. Also, you must write the same number of words in each colour, otherwise your total will be halved. You must not leave the lab.",Normal,Rosie Ramsey,5,0,0,0
19,5,4,"Shorten these pencils and place your shortened pencils in the pencil case. | Write down every word you said in this room before you opened this task. Also, you must write the same number of words in each colour, otherwise your total will be halved. You must not leave the lab.",Normal,Stevie Martin,2,0,0,0
19,5,5,"Live: Pop a balloon when you hear its colour. Last to pop is eliminated. If you pop early, you are eliminated. | Make as many holes in this sheet of paper as possible. You may only use the hole punch once.",Live,Fatiha El-Ghorri,2,0,0,0
19,5,5,"Live: Pop a balloon when you hear its colour. Last to pop is eliminated. If you pop early, you are eliminated. | Make as many holes in this sheet of paper as possible. You may only use the hole punch once.",Live,Jason Mantzoukas,2,0,0,1
19,5,5,"Live: Pop a balloon when you hear its colour. Last to pop is eliminated. If you pop early, you are eliminated. | Make as many holes in this sheet of paper as possible. You may only use the hole punch once.",Live,Mathew Baynton,4,0,0,0
19,5,5,"Live: Pop a balloon when you hear its colour. Last to pop is eliminated. If you pop early, you are eliminated. | Make as many holes in this sheet of paper as possible. You may only use the hole punch once.",Live,Rosie Ramsey,3,0,0,0
19,5,5,"Live: Pop a balloon when you hear its colour. Last to pop is eliminated. If you pop early, you are eliminated. | Make as many holes in this sheet of paper as possible. You may only use the hole punch once.",Live,Stevie Martin,5,0,0,0
19,6,1,Prize: The thing that is nicest to open.,Prize,Fatiha El-Ghorri,3,0,0,1
19,6,1,Prize: The thing that is nicest to open.,Prize,Jason Mantzoukas,4,0,0,0
19,6,1,Prize: The thing that is nicest to open.,Prize,Mathew Baynton,5,0,0,0
19,6,1,Prize: The thing that is nicest to open.,Prize,Rosie Ramsey,2,0,0,0
19,6,1,Prize: The thing that is nicest to open.,Prize,Stevie Martin,1,0,0,0
19,6,2,"Work out what Alex has on the very top of his head. The very top of your head must never be more than five foot six inches from the ground. You may ask Alex yes-or-no questions, but Alex will only answer using his exciting new numbers system.",Normal,Fatiha El-Ghorri,3,0,0,1
19,6,2,"Work out what Alex has on the very top of his head. The very top of your head must never be more than five foot six inches from the ground. You may ask Alex yes-or-no questions, but Alex will only answer using his exciting new numbers system.",Normal,Jason Mantzoukas,1,0,0,0
19,6,2,"Work out what Alex has on the very top of his head. The very top of your head must never be more than five foot six inches from the ground. You may ask Alex yes-or-no questions, but Alex will only answer using his exciting new numbers system.",Normal,Mathew Baynton,2,0,0,0
19,6,2,"Work out what Alex has on the very top of his head. The very top of your head must never be more than five foot six inches from the ground. You may ask Alex yes-or-no questions, but Alex will only answer using his exciting new numbers system.",Normal,Rosie Ramsey,5,0,0,0
19,6,2,"Work out what Alex has on the very top of his head. The very top of your head must never be more than five foot six inches from the ground. You may ask Alex yes-or-no questions, but Alex will only answer using his exciting new numbers system.",Normal,Stevie Martin,4,0,0,0
19,6,3,"Team: Make yourselves look like one of you is the parent of the others, then capture your relationship with a classic family home video moment.",Team,Fatiha El-Ghorri,5,0,0,1
19,6,3,"Team: Make yourselves look like one of you is the parent of the others, then capture your relationship with a classic family home video moment.",Team,Jason Mantzoukas,4,0,0,0
19,6,3,"Team: Make yourselves look like one of you is the parent of the others, then capture your relationship with a classic family home video moment.",Team,Mathew Baynton,5,0,0,0
19,6,3,"Team: Make yourselves look like one of you is the parent of the others, then capture your relationship with a classic family home video moment.",Team,Rosie Ramsey,5,0,0,0
19,6,3,"Team: Make yourselves look like one of you is the parent of the others, then capture your relationship with a classic family home video moment.",Team,Stevie Martin,4,0,0,0
19,6,4,Teach the Taskmaster's Assistant a lesson he'll never forget.,Normal,Fatiha El-Ghorri,5,0,0,1
19,6,4,Teach the Taskmaster's Assistant a lesson he'll never forget.,Normal,Jason Mantzoukas,4,0,0,0
19,6,4,Teach the Taskmaster's Assistant a lesson he'll never forget.,Normal,Mathew Baynton,3,0,0,0
19,6,4,Teach the Taskmaster's Assistant a lesson he'll never forget.,Normal,Rosie Ramsey,3,0,0,0
19,6,4,Teach the Taskmaster's Assistant a lesson he'll never forget.,Normal,Stevie Martin,3,0,0,0
19,6,5,"Live: Don't blow the last thing off the table. If you don't blow anything off the table, you are eliminated. If you do blow the last thing off the table, you are eliminated. You must stay on the spot and you must not touch the table.",Live,Fatiha El-Ghorri,4,0,0,1
19,6,5,"Live: Don't blow the last thing off the table. If you don't blow anything off the table, you are eliminated. If you do blow the last thing off the table, you are eliminated. You must stay on the spot and you must not touch the table.",Live,Jason Mantzoukas,5,0,0,0
19,6,5,"Live: Don't blow the last thing off the table. If you don't blow anything off the table, you are eliminated. If you do blow the last thing off the table, you are eliminated. You must stay on the spot and you must not touch the table.",Live,Mathew Baynton,1,0,0,0
19,6,5,"Live: Don't blow the last thing off the table. If you don't blow anything off the table, you are eliminated. If you do blow the last thing off the table, you are eliminated. You must stay on the spot and you must not touch the table.",Live,Rosie Ramsey,3,0,0,0
19,6,5,"Live: Don't blow the last thing off the table. If you don't blow anything off the table, you are eliminated. If you do blow the last thing off the table, you are eliminated. You must stay on the spot and you must not touch the table.",Live,Stevie Martin,2,0,0,0
19,7,1,Prize: Biggest anticlimax.,Prize,Fatiha El-Ghorri,1,0,0,0
19,7,1,Prize: Biggest anticlimax.,Prize,Jason Mantzoukas,3,0,0,0
19,7,1,Prize: Biggest anticlimax.,Prize,Mathew Baynton,5,0,0,1
19,7,1,Prize: Biggest anticlimax.,Prize,Rosie Ramsey,4,0,0,0
19,7,1,Prize: Biggest anticlimax.,Prize,Stevie Martin,2,0,0,0
19,7,2,What is in the one yellow box? You may only give one answer. All the information is in the task.,Normal,Fatiha El-Ghorri,5,0,0,0
19,7,2,What is in the one yellow box? You may only give one answer. All the information is in the task.,Normal,Jason Mantzoukas,2,0,0,0
19,7,2,What is in the one yellow box? You may only give one answer. All the information is in the task.,Normal,Mathew Baynton,4,0,0,1
19,7,2,What is in the one yellow box? You may only give one answer. All the information is in the task.,Normal,Rosie Ramsey,3,0,0,0
19,7,2,What is in the one yellow box? You may only give one answer. All the information is in the task.,Normal,Stevie Martin,1,0,0,0
19,7,3,Eat this yoghurt with the most/least dignity.,Normal,Fatiha El-Ghorri,4,0,0,0
19,7,3,Eat this yoghurt with the most/least dignity.,Normal,Jason Mantzoukas,1,0,0,0
19,7,3,Eat this yoghurt with the most/least dignity.,Normal,Mathew Baynton,5,0,0,1
19,7,3,Eat this yoghurt with the most/least dignity.,Normal,Rosie Ramsey,3,0,0,0
19,7,3,Eat this yoghurt with the most/least dignity.,Normal,Stevie Martin,3,0,0,0
19,7,4,"Put at least six litres of water in the vase. You must either use bucket A and route A or bucket B and route B. If you choose A, you must complete one of the tasks at every obstacle. If you choose B, you must trot throughout. You must stay within the arena at all times and must never touch the vase.",Normal,Fatiha El-Ghorri,3,0,0,0
19,7,4,"Put at least six litres of water in the vase. You must either use bucket A and route A or bucket B and route B. If you choose A, you must complete one of the tasks at every obstacle. If you choose B, you must trot throughout. You must stay within the arena at all times and must never touch the vase.",Normal,Jason Mantzoukas,0,1,0,0
19,7,4,"Put at least six litres of water in the vase. You must either use bucket A and route A or bucket B and route B. If you choose A, you must complete one of the tasks at every obstacle. If you choose B, you must trot throughout. You must stay within the arena at all times and must never touch the vase.",Normal,Mathew Baynton,4,0,0,1
19,7,4,"Put at least six litres of water in the vase. You must either use bucket A and route A or bucket B and route B. If you choose A, you must complete one of the tasks at every obstacle. If you choose B, you must trot throughout. You must stay within the arena at all times and must never touch the vase.",Normal,Rosie Ramsey,5,0,0,0
19,7,4,"Put at least six litres of water in the vase. You must either use bucket A and route A or bucket B and route B. If you choose A, you must complete one of the tasks at every obstacle. If you choose B, you must trot throughout. You must stay within the arena at all times and must never touch the vase.",Normal,Stevie Martin,0,1,0,0
19,7,5,"Team Live: Get one of your balls into your bucket. Your spoons must be poking through the fence when touching the ball, and only your spoons may touch your ball. You may not touch the other team's balls or buckets or spoons. You must always be on your side of the fence and your balls must always be on the other. If your ball touches the ground, you must start again.",Live,Fatiha El-Ghorri,5,0,0,0
19,7,5,"Team Live: Get one of your balls into your bucket. Your spoons must be poking through the fence when touching the ball, and only your spoons may touch your ball. You may not touch the other team's balls or buckets or spoons. You must always be on your side of the fence and your balls must always be on the other. If your ball touches the ground, you must start again.",Live,Jason Mantzoukas,0,0,0,0
19,7,5,"Team Live: Get one of your balls into your bucket. Your spoons must be poking through the fence when touching the ball, and only your spoons may touch your ball. You may not touch the other team's balls or buckets or spoons. You must always be on your side of the fence and your balls must always be on the other. If your ball touches the ground, you must start again.",Live,Mathew Baynton,5,0,0,1
19,7,5,"Team Live: Get one of your balls into your bucket. Your spoons must be poking through the fence when touching the ball, and only your spoons may touch your ball. You may not touch the other team's balls or buckets or spoons. You must always be on your side of the fence and your balls must always be on the other. If your ball touches the ground, you must start again.",Live,Rosie Ramsey,5,0,0,0
19,7,5,"Team Live: Get one of your balls into your bucket. Your spoons must be poking through the fence when touching the ball, and only your spoons may touch your ball. You may not touch the other team's balls or buckets or spoons. You must always be on your side of the fence and your balls must always be on the other. If your ball touches the ground, you must start again.",Live,Stevie Martin,0,0,0,0
19,8,1,Prize: Best object that you've borrowed from a fairly close friend.,Prize,Fatiha El-Ghorri,5,0,0,0
19,8,1,Prize: Best object that you've borrowed from a fairly close friend.,Prize,Jason Mantzoukas,3,0,0,0
19,8,1,Prize: Best object that you've borrowed from a fairly close friend.,Prize,Mathew Baynton,2,0,0,0
19,8,1,Prize: Best object that you've borrowed from a fairly close friend.,Prize,Rosie Ramsey,1,0,0,0
19,8,1,Prize: Best object that you've borrowed from a fairly close friend.,Prize,Stevie Martin,4,0,0,1
19,8,2,"Knock over all 10 skittles in 10 minutes. The final skittle should fall exactly when the whistle sounds. If any skittle is left standing after 10 minutes, you have failed. You must stay behind the rope at all times. | Fail the next task in the most heartbreakingly spectacular way. If you succeed in the next task, you will lose one point.",Live,Fatiha El-Ghorri,2,0,0,0
19,8,2,"Knock over all 10 skittles in 10 minutes. The final skittle should fall exactly when the whistle sounds. If any skittle is left standing after 10 minutes, you have failed. You must stay behind the rope at all times. | Fail the next task in the most heartbreakingly spectacular way. If you succeed in the next task, you will lose one point.",Live,Jason Mantzoukas,4,0,0,0
19,8,2,"Knock over all 10 skittles in 10 minutes. The final skittle should fall exactly when the whistle sounds. If any skittle is left standing after 10 minutes, you have failed. You must stay behind the rope at all times. | Fail the next task in the most heartbreakingly spectacular way. If you succeed in the next task, you will lose one point.",Live,Mathew Baynton,3,0,0,0
19,8,2,"Knock over all 10 skittles in 10 minutes. The final skittle should fall exactly when the whistle sounds. If any skittle is left standing after 10 minutes, you have failed. You must stay behind the rope at all times. | Fail the next task in the most heartbreakingly spectacular way. If you succeed in the next task, you will lose one point.",Live,Rosie Ramsey,-1,0,0,0
19,8,2,"Knock over all 10 skittles in 10 minutes. The final skittle should fall exactly when the whistle sounds. If any skittle is left standing after 10 minutes, you have failed. You must stay behind the rope at all times. | Fail the next task in the most heartbreakingly spectacular way. If you succeed in the next task, you will lose one point.",Live,Stevie Martin,5,0,0,1
19,8,3,Team: Each person must write down three words to describe a memorable scene. You must be silent throughout and your teammates must not see what you have written. | Team: Paint your memorable scene so that your teammates can guess your three words. You must not give any clues about your own three-word scene except by painting the scene. You must not write any words.,Team,Fatiha El-Ghorri,3,0,0,0
19,8,3,Team: Each person must write down three words to describe a memorable scene. You must be silent throughout and your teammates must not see what you have written. | Team: Paint your memorable scene so that your teammates can guess your three words. You must not give any clues about your own three-word scene except by painting the scene. You must not write any words.,Team,Jason Mantzoukas,5,0,0,0
19,8,3,Team: Each person must write down three words to describe a memorable scene. You must be silent throughout and your teammates must not see what you have written. | Team: Paint your memorable scene so that your teammates can guess your three words. You must not give any clues about your own three-word scene except by painting the scene. You must not write any words.,Team,Mathew Baynton,3,0,0,0
19,8,3,Team: Each person must write down three words to describe a memorable scene. You must be silent throughout and your teammates must not see what you have written. | Team: Paint your memorable scene so that your teammates can guess your three words. You must not give any clues about your own three-word scene except by painting the scene. You must not write any words.,Team,Rosie Ramsey,3,0,0,0
19,8,3,Team: Each person must write down three words to describe a memorable scene. You must be silent throughout and your teammates must not see what you have written. | Team: Paint your memorable scene so that your teammates can guess your three words. You must not give any clues about your own three-word scene except by painting the scene. You must not write any words.,Team,Stevie Martin,5,0,0,1
19,8,4,Obey the autocue.,Normal,Fatiha El-Ghorri,3,0,0,0
19,8,4,Obey the autocue.,Normal,Jason Mantzoukas,3,0,0,0
19,8,4,Obey the autocue.,Normal,Mathew Baynton,3,0,0,0
19,8,4,Obey the autocue.,Normal,Rosie Ramsey,5,0,0,0
19,8,4,Obey the autocue.,Normal,Stevie Martin,4,0,0,1
19,8,5,"Live: Say whether the next person will have a higher or lower number of things than the previous person. The category of things will change each time. If you make two mistakes, you are eliminated.",Live,Fatiha El-Ghorri,1,0,0,0
19,8,5,"Live: Say whether the next person will have a higher or lower number of things than the previous person. The category of things will change each time. If you make two mistakes, you are eliminated.",Live,Jason Mantzoukas,2,0,0,0
19,8,5,"Live: Say whether the next person will have a higher or lower number of things than the previous person. The category of things will change each time. If you make two mistakes, you are eliminated.",Live,Mathew Baynton,4,0,0,0
19,8,5,"Live: Say whether the next person will have a higher or lower number of things than the previous person. The category of things will change each time. If you make two mistakes, you are eliminated.",Live,Rosie Ramsey,3,0,0,0
19,8,5,"Live: Say whether the next person will have a higher or lower number of things than the previous person. The category of things will change each time. If you make two mistakes, you are eliminated.",Live,Stevie Martin,5,0,0,1
19,9,1,Prize: Most satisfying thing you could use as a jelly mould.,Prize,Fatiha El-Ghorri,2,0,0,0
19,9,1,Prize: Most satisfying thing you could use as a jelly mould.,Prize,Jason Mantzoukas,5,0,0,1
19,9,1,Prize: Most satisfying thing you could use as a jelly mould.,Prize,Mathew Baynton,4,0,0,0
19,9,1,Prize: Most satisfying thing you could use as a jelly mould.,Prize,Rosie Ramsey,1,0,0,0
19,9,1,Prize: Most satisfying thing you could use as a jelly mould.,Prize,Stevie Martin,3,0,0,0
19,9,2,"Congratulations, you have discovered the magic moustache and must wear it until the end of the task.",Normal,Fatiha El-Ghorri,0,0,0,0
19,9,2,"Congratulations, you have discovered the magic moustache and must wear it until the end of the task.",Normal,Jason Mantzoukas,0,0,0,1
19,9,2,"Congratulations, you have discovered the magic moustache and must wear it until the end of the task.",Normal,Mathew Baynton,3,0,0,0
19,9,2,"Congratulations, you have discovered the magic moustache and must wear it until the end of the task.",Normal,Rosie Ramsey,0,0,0,0
19,9,2,"Congratulations, you have discovered the magic moustache and must wear it until the end of the task.",Normal,Stevie Martin,0,0,0,0
19,9,3,Place something somewhere surprising.,Normal,Fatiha El-Ghorri,1,0,0,0
19,9,3,Place something somewhere surprising.,Normal,Jason Mantzoukas,5,0,0,1
19,9,3,Place something somewhere surprising.,Normal,Mathew Baynton,0,0,0,0
19,9,3,Place something somewhere surprising.,Normal,Rosie Ramsey,2,0,0,0
19,9,3,Place something somewhere surprising.,Normal,Stevie Martin,4,0,0,0
19,9,4,"Bonus: Most surprising answer to the question ""How did that get there?""",Normal,Fatiha El-Ghorri,0,0,0,0
19,9,4,"Bonus: Most surprising answer to the question ""How did that get there?""",Normal,Jason Mantzoukas,1,0,0,1
19,9,4,"Bonus: Most surprising answer to the question ""How did that get there?""",Normal,Mathew Baynton,0,0,0,0
19,9,4,"Bonus: Most surprising answer to the question ""How did that get there?""",Normal,Rosie Ramsey,0,0,0,0
19,9,4,"Bonus: Most surprising answer to the question ""How did that get there?""",Normal,Stevie Martin,0,0,0,0
19,9,5,Create the most exciting new bodies so that you and Alex become a dynamic duo. You must then do something dynamic together for no more than a minute.,Normal,Fatiha El-Ghorri,2,0,0,0
19,9,5,Create the most exciting new bodies so that you and Alex become a dynamic duo. You must then do something dynamic together for no more than a minute.,Normal,Jason Mantzoukas,3,0,0,1
19,9,5,Create the most exciting new bodies so that you and Alex become a dynamic duo. You must then do something dynamic together for no more than a minute.,Normal,Mathew Baynton,5,0,0,0
19,9,5,Create the most exciting new bodies so that you and Alex become a dynamic duo. You must then do something dynamic together for no more than a minute.,Normal,Rosie Ramsey,3,0,0,0
19,9,5,Create the most exciting new bodies so that you and Alex become a dynamic duo. You must then do something dynamic together for no more than a minute.,Normal,Stevie Martin,4,0,0,0
19,9,6,Conquer the multitask. You must complete every task in every room you enter.,Normal,Fatiha El-Ghorri,5,0,0,0
19,9,6,Conquer the multitask. You must complete every task in every room you enter.,Normal,Jason Mantzoukas,4,0,0,1
19,9,6,Conquer the multitask. You must complete every task in every room you enter.,Normal,Mathew Baynton,1,0,0,0
19,9,6,Conquer the multitask. You must complete every task in every room you enter.,Normal,Rosie Ramsey,2,0,0,0
19,9,6,Conquer the multitask. You must complete every task in every room you enter.,Normal,Stevie Martin,3,0,0,0
19,9,7,"Team Live: Say a word that fits the category given by the Taskmaster, then press your button and the time will pass to the other team. Team members must take it in turns to say words and no words may be repeated during the task.",Live,Fatiha El-Ghorri,3,0,0,0
19,9,7,"Team Live: Say a word that fits the category given by the Taskmaster, then press your button and the time will pass to the other team. Team members must take it in turns to say words and no words may be repeated during the task.",Live,Jason Mantzoukas,5,0,0,1
19,9,7,"Team Live: Say a word that fits the category given by the Taskmaster, then press your button and the time will pass to the other team. Team members must take it in turns to say words and no words may be repeated during the task.",Live,Mathew Baynton,3,0,0,0
19,9,7,"Team Live: Say a word that fits the category given by the Taskmaster, then press your button and the time will pass to the other team. Team members must take it in turns to say words and no words may be repeated during the task.",Live,Rosie Ramsey,3,0,0,0
19,9,7,"Team Live: Say a word that fits the category given by the Taskmaster, then press your button and the time will pass to the other team. Team members must take it in turns to say words and no words may be repeated during the task.",Live,Stevie Martin,5,0,0,0
19,10,1,Prize: The thing most likely to make you do a double-take.,Prize,Fatiha El-Ghorri,1,0,0,0
19,10,1,Prize: The thing most likely to make you do a double-take.,Prize,Jason Mantzoukas,3,0,0,0
19,10,1,Prize: The thing most likely to make you do a double-take.,Prize,Mathew Baynton,2,0,0,0
19,10,1,Prize: The thing most likely to make you do a double-take.,Prize,Rosie Ramsey,4,0,0,0
19,10,1,Prize: The thing most likely to make you do a double-take.,Prize,Stevie Martin,5,0,0,1
19,10,2,"Completely fill the yellow box with sand. Once you have touched a box, you must hold that box for the rest of the task.",Normal,Fatiha El-Ghorri,2,0,0,0
19,10,2,"Completely fill the yellow box with sand. Once you have touched a box, you must hold that box for the rest of the task.",Normal,Jason Mantzoukas,4,0,0,0
19,10,2,"Completely fill the yellow box with sand. Once you have touched a box, you must hold that box for the rest of the task.",Normal,Mathew Baynton,5,0,0,0
19,10,2,"Completely fill the yellow box with sand. Once you have touched a box, you must hold that box for the rest of the task.",Normal,Rosie Ramsey,1,0,0,0
19,10,2,"Completely fill the yellow box with sand. Once you have touched a box, you must hold that box for the rest of the task.",Normal,Stevie Martin,3,0,0,1
19,10,3,Freeze on your spot in the most powerful pose in five minutes from now. You must be touching two of the objects. | Stay completely still in your powerful pose for the next 10 minutes.,Normal,Fatiha El-Ghorri,1,0,0,0
19,10,3,Freeze on your spot in the most powerful pose in five minutes from now. You must be touching two of the objects. | Stay completely still in your powerful pose for the next 10 minutes.,Normal,Jason Mantzoukas,3,0,0,0
19,10,3,Freeze on your spot in the most powerful pose in five minutes from now. You must be touching two of the objects. | Stay completely still in your powerful pose for the next 10 minutes.,Normal,Mathew Baynton,2,0,0,0
19,10,3,Freeze on your spot in the most powerful pose in five minutes from now. You must be touching two of the objects. | Stay completely still in your powerful pose for the next 10 minutes.,Normal,Rosie Ramsey,4,0,0,0
19,10,3,Freeze on your spot in the most powerful pose in five minutes from now. You must be touching two of the objects. | Stay completely still in your powerful pose for the next 10 minutes.,Normal,Stevie Martin,5,0,0,1
19,10,4,Team: Provide the best drive-through experience.,Team,Fatiha El-Ghorri,3,0,0,0
19,10,4,Team: Provide the best drive-through experience.,Team,Jason Mantzoukas,5,0,0,0
19,10,4,Team: Provide the best drive-through experience.,Team,Mathew Baynton,3,0,0,0
19,10,4,Team: Provide the best drive-through experience.,Team,Rosie Ramsey,3,0,0,0
19,10,4,Team: Provide the best drive-through experience.,Team,Stevie Martin,5,0,0,1
19,10,5,Live: Get the most carrot in your bucket. You must hold your hands behind your back at all times.,Live,Fatiha El-Ghorri,1,0,0,0
19,10,5,Live: Get the most carrot in your bucket. You must hold your hands behind your back at all times.,Live,Jason Mantzoukas,5,0,0,0
19,10,5,Live: Get the most carrot in your bucket. You must hold your hands behind your back at all times.,Live,Mathew Baynton,3,0,0,0
19,10,5,Live: Get the most carrot in your bucket. You must hold your hands behind your back at all times.,Live,Rosie Ramsey,2,0,0,0
19,10,5,Live: Get the most carrot in your bucket. You must hold your hands behind your back at all times.,Live,Stevie Martin,4,0,0,1
20,1,1,Prize: A very soft thing which would be most beneficial for Greg Davies.,Prize,Ania Magliano,3,0,0,0
20,1,1,Prize: A very soft thing which would be most beneficial for Greg Davies.,Prize,Maisie Adam,4,0,0,1
20,1,1,Prize: A very soft thing which would be most beneficial for Greg Davies.,Prize,Phil Ellis,2,0,0,0
20,1,1,Prize: A very soft thing which would be most beneficial for Greg Davies.,Prize,Reece Shearsmith,5,0,0,0
20,1,1,Prize: A very soft thing which would be most beneficial for Greg Davies.,Prize,Sanjeev Bhaskar,1,0,0,0
20,1,2,Honk the horn.,Normal,Ania Magliano,3,0,0,0
20,1,2,Honk the horn.,Normal,Maisie Adam,5,0,0,1
20,1,2,Honk the horn.,Normal,Phil Ellis,4,0,0,0
20,1,2,Honk the horn.,Normal,Reece Shearsmith,2,0,0,0
20,1,2,Honk the horn.,Normal,Sanjeev Bhaskar,1,0,0,0
20,1,3,"Roll an object onto the target. You must release your object from behind this line. You may not move the line or target and you may not affect your object after release. You must use the first type of object you touch and can have three attempts with that type of object, and must not go within Greg's height of the target.",Normal,Ania Magliano,1,0,0,0
20,1,3,"Roll an object onto the target. You must release your object from behind this line. You may not move the line or target and you may not affect your object after release. You must use the first type of object you touch and can have three attempts with that type of object, and must not go within Greg's height of the target.",Normal,Maisie Adam,5,0,0,1
20,1,3,"Roll an object onto the target. You must release your object from behind this line. You may not move the line or target and you may not affect your object after release. You must use the first type of object you touch and can have three attempts with that type of object, and must not go within Greg's height of the target.",Normal,Phil Ellis,4,0,0,0
20,1,3,"Roll an object onto the target. You must release your object from behind this line. You may not move the line or target and you may not affect your object after release. You must use the first type of object you touch and can have three attempts with that type of object, and must not go within Greg's height of the target.",Normal,Reece Shearsmith,3,0,0,0
20,1,3,"Roll an object onto the target. You must release your object from behind this line. You may not move the line or target and you may not affect your object after release. You must use the first type of object you touch and can have three attempts with that type of object, and must not go within Greg's height of the target.",Normal,Sanjeev Bhaskar,2,0,0,0
20,1,4,Do something behind this curtain that sounds disgusting but is actually really nice.,Normal,Ania Magliano,3,0,0,0
20,1,4,Do something behind this curtain that sounds disgusting but is actually really nice.,Normal,Maisie Adam,1,0,0,1
20,1,4,Do something behind this curtain that sounds disgusting but is actually really nice.,Normal,Phil Ellis,4,0,0,0
20,1,4,Do something behind this curtain that sounds disgusting but is actually really nice.,Normal,Reece Shearsmith,2,0,0,0
20,1,4,Do something behind this curtain that sounds disgusting but is actually really nice.,Normal,Sanjeev Bhaskar,5,0,0,0
20,1,5,Live: End up on your spot. You must obey the Taskmaster's instructions.,Live,Ania Magliano,5,0,0,0
20,1,5,Live: End up on your spot. You must obey the Taskmaster's instructions.,Live,Maisie Adam,4,0,0,1
20,1,5,Live: End up on your spot. You must obey the Taskmaster's instructions.,Live,Phil Ellis,2,0,0,0
20,1,5,Live: End up on your spot. You must obey the Taskmaster's instructions.,Live,Reece Shearsmith,1,0,0,0
20,1,5,Live: End up on your spot. You must obey the Taskmaster's instructions.,Live,Sanjeev Bhaskar,3,0,0,0
20,2,1,Prize: The object that is hardest to describe.,Prize,Ania Magliano,3,0,0,0
20,2,1,Prize: The object that is hardest to describe.,Prize,Maisie Adam,5,0,0,0
20,2,1,Prize: The object that is hardest to describe.,Prize,Phil Ellis,1,0,0,0
20,2,1,Prize: The object that is hardest to describe.,Prize,Reece Shearsmith,4,0,0,1
20,2,1,Prize: The object that is hardest to describe.,Prize,Sanjeev Bhaskar,2,0,0,0
20,2,2,"Identify Alex's five things. You may only use one sense. If you choose hearing, you get five points per item; smell, four points; taste, three points; touch, two points; sight, one point. | Write a superpower on the little clipboard. | Team: Each team member must hook a duck, silently read the duck's superpower, then use that superpower for the next task in 10 minutes from now. At no point may you tell your teammates your superpower. | Team: Remove the most flour from the tray without touching flour with your hands or moving Little Little Alex Horne. If Little Little Alex Horne moves at any point, you are disqualified. You must take it in turns to remove flour, and you must employ your superpowers.",Normal,Ania Magliano,2,0,0,0
20,2,2,"Identify Alex's five things. You may only use one sense. If you choose hearing, you get five points per item; smell, four points; taste, three points; touch, two points; sight, one point. | Write a superpower on the little clipboard. | Team: Each team member must hook a duck, silently read the duck's superpower, then use that superpower for the next task in 10 minutes from now. At no point may you tell your teammates your superpower. | Team: Remove the most flour from the tray without touching flour with your hands or moving Little Little Alex Horne. If Little Little Alex Horne moves at any point, you are disqualified. You must take it in turns to remove flour, and you must employ your superpowers.",Normal,Maisie Adam,4,0,0,0
20,2,2,"Identify Alex's five things. You may only use one sense. If you choose hearing, you get five points per item; smell, four points; taste, three points; touch, two points; sight, one point. | Write a superpower on the little clipboard. | Team: Each team member must hook a duck, silently read the duck's superpower, then use that superpower for the next task in 10 minutes from now. At no point may you tell your teammates your superpower. | Team: Remove the most flour from the tray without touching flour with your hands or moving Little Little Alex Horne. If Little Little Alex Horne moves at any point, you are disqualified. You must take it in turns to remove flour, and you must employ your superpowers.",Normal,Phil Ellis,3,0,0,0
20,2,2,"Identify Alex's five things. You may only use one sense. If you choose hearing, you get five points per item; smell, four points; taste, three points; touch, two points; sight, one point. | Write a superpower on the little clipboard. | Team: Each team member must hook a duck, silently read the duck's superpower, then use that superpower for the next task in 10 minutes from now. At no point may you tell your teammates your superpower. | Team: Remove the most flour from the tray without touching flour with your hands or moving Little Little Alex Horne. If Little Little Alex Horne moves at any point, you are disqualified. You must take it in turns to remove flour, and you must employ your superpowers.",Normal,Reece Shearsmith,5,0,0,1
20,2,2,"Identify Alex's five things. You may only use one sense. If you choose hearing, you get five points per item; smell, four points; taste, three points; touch, two points; sight, one point. | Write a superpower on the little clipboard. | Team: Each team member must hook a duck, silently read the duck's superpower, then use that superpower for the next task in 10 minutes from now. At no point may you tell your teammates your superpower. | Team: Remove the most flour from the tray without touching flour with your hands or moving Little Little Alex Horne. If Little Little Alex Horne moves at any point, you are disqualified. You must take it in turns to remove flour, and you must employ your superpowers.",Normal,Sanjeev Bhaskar,1,0,0,0
20,2,3,Bonus for the contestant who employs their superpower most effectively.,Normal,Ania Magliano,0,0,0,0
20,2,3,Bonus for the contestant who employs their superpower most effectively.,Normal,Maisie Adam,0,0,0,0
20,2,3,Bonus for the contestant who employs their superpower most effectively.,Normal,Phil Ellis,0,0,0,0
20,2,3,Bonus for the contestant who employs their superpower most effectively.,Normal,Reece Shearsmith,0,0,0,1
20,2,3,Bonus for the contestant who employs their superpower most effectively.,Normal,Sanjeev Bhaskar,1,0,0,0
20,2,4,Take the most surprising thing out of this bag.,Normal,Ania Magliano,5,0,0,0
20,2,4,Take the most surprising thing out of this bag.,Normal,Maisie Adam,1,0,0,0
20,2,4,Take the most surprising thing out of this bag.,Normal,Phil Ellis,4,0,0,0
20,2,4,Take the most surprising thing out of this bag.,Normal,Reece Shearsmith,5,0,0,1
20,2,4,Take the most surprising thing out of this bag.,Normal,Sanjeev Bhaskar,3,0,0,0
20,2,5,Live: Guess how many things the Taskmaster's assistant has on him. Worst answer is eliminated.,Live,Ania Magliano,5,0,0,0
20,2,5,Live: Guess how many things the Taskmaster's assistant has on him. Worst answer is eliminated.,Live,Maisie Adam,4,0,0,0
20,2,5,Live: Guess how many things the Taskmaster's assistant has on him. Worst answer is eliminated.,Live,Phil Ellis,1,0,0,0
20,2,5,Live: Guess how many things the Taskmaster's assistant has on him. Worst answer is eliminated.,Live,Reece Shearsmith,3,0,0,1
20,2,5,Live: Guess how many things the Taskmaster's assistant has on him. Worst answer is eliminated.,Live,Sanjeev Bhaskar,2,0,0,0
20,2,6,Bonus if you are exactly 10 out at any time.,Normal,Ania Magliano,0,0,0,0
20,2,6,Bonus if you are exactly 10 out at any time.,Normal,Maisie Adam,0,0,0,0
20,2,6,Bonus if you are exactly 10 out at any time.,Normal,Phil Ellis,0,0,0,0
20,2,6,Bonus if you are exactly 10 out at any time.,Normal,Reece Shearsmith,5,0,0,1
20,2,6,Bonus if you are exactly 10 out at any time.,Normal,Sanjeev Bhaskar,0,0,0,0
20,3,1,Prize: The thing you were least likely to bring in from your home.,Prize,Ania Magliano,5,0,0,0
20,3,1,Prize: The thing you were least likely to bring in from your home.,Prize,Maisie Adam,5,0,0,1
20,3,1,Prize: The thing you were least likely to bring in from your home.,Prize,Phil Ellis,2,0,0,0
20,3,1,Prize: The thing you were least likely to bring in from your home.,Prize,Reece Shearsmith,1,0,0,0
20,3,1,Prize: The thing you were least likely to bring in from your home.,Prize,Sanjeev Bhaskar,5,0,0,0
20,3,2,Make the most accurate little model of the Chesham United mascot. You may only see what is inside two of the toilet tents. Go Generals.,Normal,Ania Magliano,5,0,0,0
20,3,2,Make the most accurate little model of the Chesham United mascot. You may only see what is inside two of the toilet tents. Go Generals.,Normal,Maisie Adam,2,0,0,1
20,3,2,Make the most accurate little model of the Chesham United mascot. You may only see what is inside two of the toilet tents. Go Generals.,Normal,Phil Ellis,4,0,0,0
20,3,2,Make the most accurate little model of the Chesham United mascot. You may only see what is inside two of the toilet tents. Go Generals.,Normal,Reece Shearsmith,3,0,0,0
20,3,2,Make the most accurate little model of the Chesham United mascot. You may only see what is inside two of the toilet tents. Go Generals.,Normal,Sanjeev Bhaskar,1,0,0,0
20,3,3,Team: Discover the name of the person in the lab. You must take it in turns to ask one question and the person may only say yes or no. The other team members must remain in this room until the questioner returns. Each person in your team must address the person in the lab by the correct name before the task is complete.,Team,Ania Magliano,1,0,0,0
20,3,3,Team: Discover the name of the person in the lab. You must take it in turns to ask one question and the person may only say yes or no. The other team members must remain in this room until the questioner returns. Each person in your team must address the person in the lab by the correct name before the task is complete.,Team,Maisie Adam,5,0,0,1
20,3,3,Team: Discover the name of the person in the lab. You must take it in turns to ask one question and the person may only say yes or no. The other team members must remain in this room until the questioner returns. Each person in your team must address the person in the lab by the correct name before the task is complete.,Team,Phil Ellis,1,0,0,0
20,3,3,Team: Discover the name of the person in the lab. You must take it in turns to ask one question and the person may only say yes or no. The other team members must remain in this room until the questioner returns. Each person in your team must address the person in the lab by the correct name before the task is complete.,Team,Reece Shearsmith,5,0,0,0
20,3,3,Team: Discover the name of the person in the lab. You must take it in turns to ask one question and the person may only say yes or no. The other team members must remain in this room until the questioner returns. Each person in your team must address the person in the lab by the correct name before the task is complete.,Team,Sanjeev Bhaskar,1,0,0,0
20,3,4,"Create your own Snakes and Steps board. You must add one snake and one set of steps. You must also add one mystery box. The instruction inside the mystery box is up to you. | Win Snakes and Steps. Players will move from youngest to oldest. You must throw the dice properly each time and you must not tamper with the die. If you land on the head of a snake, you must slither down to its tail. If you land at the base of a step, you must climb it. If you land on the mystery box, you must do what it says.",Normal,Ania Magliano,2,0,0,0
20,3,4,"Create your own Snakes and Steps board. You must add one snake and one set of steps. You must also add one mystery box. The instruction inside the mystery box is up to you. | Win Snakes and Steps. Players will move from youngest to oldest. You must throw the dice properly each time and you must not tamper with the die. If you land on the head of a snake, you must slither down to its tail. If you land at the base of a step, you must climb it. If you land on the mystery box, you must do what it says.",Normal,Maisie Adam,5,0,0,1
20,3,4,"Create your own Snakes and Steps board. You must add one snake and one set of steps. You must also add one mystery box. The instruction inside the mystery box is up to you. | Win Snakes and Steps. Players will move from youngest to oldest. You must throw the dice properly each time and you must not tamper with the die. If you land on the head of a snake, you must slither down to its tail. If you land at the base of a step, you must climb it. If you land on the mystery box, you must do what it says.",Normal,Phil Ellis,3,0,0,0
20,3,4,"Create your own Snakes and Steps board. You must add one snake and one set of steps. You must also add one mystery box. The instruction inside the mystery box is up to you. | Win Snakes and Steps. Players will move from youngest to oldest. You must throw the dice properly each time and you must not tamper with the die. If you land on the head of a snake, you must slither down to its tail. If you land at the base of a step, you must climb it. If you land on the mystery box, you must do what it says.",Normal,Reece Shearsmith,1,0,0,0
20,3,4,"Create your own Snakes and Steps board. You must add one snake and one set of steps. You must also add one mystery box. The instruction inside the mystery box is up to you. | Win Snakes and Steps. Players will move from youngest to oldest. You must throw the dice properly each time and you must not tamper with the die. If you land on the head of a snake, you must slither down to its tail. If you land at the base of a step, you must climb it. If you land on the mystery box, you must do what it says.",Normal,Sanjeev Bhaskar,5,0,0,0
20,3,5,"Live: Turn your cup triangle completely upside down. Your upside-down cup triangle must be free-standing and you must obey the instructions written on each layer. If any cups fall, you must completely start again. You may not affect other people's cup triangles.",Live,Ania Magliano,5,0,0,0
20,3,5,"Live: Turn your cup triangle completely upside down. Your upside-down cup triangle must be free-standing and you must obey the instructions written on each layer. If any cups fall, you must completely start again. You may not affect other people's cup triangles.",Live,Maisie Adam,2,0,0,1
20,3,5,"Live: Turn your cup triangle completely upside down. Your upside-down cup triangle must be free-standing and you must obey the instructions written on each layer. If any cups fall, you must completely start again. You may not affect other people's cup triangles.",Live,Phil Ellis,4,0,0,0
20,3,5,"Live: Turn your cup triangle completely upside down. Your upside-down cup triangle must be free-standing and you must obey the instructions written on each layer. If any cups fall, you must completely start again. You may not affect other people's cup triangles.",Live,Reece Shearsmith,1,0,0,0
20,3,5,"Live: Turn your cup triangle completely upside down. Your upside-down cup triangle must be free-standing and you must obey the instructions written on each layer. If any cups fall, you must completely start again. You may not affect other people's cup triangles.",Live,Sanjeev Bhaskar,3,0,0,0
20,4,1,"Prize: The present that would most make you say this if you received it on your birthday: ""Oh, that's just the most gorgeous gift ever!"".",Prize,Ania Magliano,1,0,0,1
20,4,1,"Prize: The present that would most make you say this if you received it on your birthday: ""Oh, that's just the most gorgeous gift ever!"".",Prize,Maisie Adam,2,0,0,0
20,4,1,"Prize: The present that would most make you say this if you received it on your birthday: ""Oh, that's just the most gorgeous gift ever!"".",Prize,Phil Ellis,4,0,0,0
20,4,1,"Prize: The present that would most make you say this if you received it on your birthday: ""Oh, that's just the most gorgeous gift ever!"".",Prize,Reece Shearsmith,5,0,0,0
20,4,1,"Prize: The present that would most make you say this if you received it on your birthday: ""Oh, that's just the most gorgeous gift ever!"".",Prize,Sanjeev Bhaskar,3,0,0,0
20,4,2,"What number has Alex written down? You may ask no more than 20 questions. Alex may only say yes or no, and you must be increasingly surprised by every answer.",Normal,Ania Magliano,5,0,0,1
20,4,2,"What number has Alex written down? You may ask no more than 20 questions. Alex may only say yes or no, and you must be increasingly surprised by every answer.",Normal,Maisie Adam,1,0,0,0
20,4,2,"What number has Alex written down? You may ask no more than 20 questions. Alex may only say yes or no, and you must be increasingly surprised by every answer.",Normal,Phil Ellis,3,0,0,0
20,4,2,"What number has Alex written down? You may ask no more than 20 questions. Alex may only say yes or no, and you must be increasingly surprised by every answer.",Normal,Reece Shearsmith,2,0,0,0
20,4,2,"What number has Alex written down? You may ask no more than 20 questions. Alex may only say yes or no, and you must be increasingly surprised by every answer.",Normal,Sanjeev Bhaskar,4,0,0,0
20,4,3,"Team: Make a love heart using your body, the body of your teammates and any other items of your choosing.",Team,Ania Magliano,5,0,0,1
20,4,3,"Team: Make a love heart using your body, the body of your teammates and any other items of your choosing.",Team,Maisie Adam,3,0,0,0
20,4,3,"Team: Make a love heart using your body, the body of your teammates and any other items of your choosing.",Team,Phil Ellis,3,0,0,0
20,4,3,"Team: Make a love heart using your body, the body of your teammates and any other items of your choosing.",Team,Reece Shearsmith,5,0,0,0
20,4,3,"Team: Make a love heart using your body, the body of your teammates and any other items of your choosing.",Team,Sanjeev Bhaskar,3,0,0,0
20,4,4,"Win the horse race. You must do one of the following things: Eat something without looking at the food, spin the wheel at least 720 degrees, throw a dart at the dartboard. If you eat an olive, your horse will advance two steps. If you eat a grape, your horse will retreat three steps. If you throw a dart in an olive, your horse will advance five steps. If you throw a dart in a grape, your horse will retreat eight steps. If the wheel lands on an olive, your horse will advance 10 steps. If the wheel lands on a grape, your horse will retreat 15 steps. You must stay on the spot and you must not move the spot.",Live,Ania Magliano,3,0,0,1
20,4,4,"Win the horse race. You must do one of the following things: Eat something without looking at the food, spin the wheel at least 720 degrees, throw a dart at the dartboard. If you eat an olive, your horse will advance two steps. If you eat a grape, your horse will retreat three steps. If you throw a dart in an olive, your horse will advance five steps. If you throw a dart in a grape, your horse will retreat eight steps. If the wheel lands on an olive, your horse will advance 10 steps. If the wheel lands on a grape, your horse will retreat 15 steps. You must stay on the spot and you must not move the spot.",Live,Maisie Adam,4,0,0,0
20,4,4,"Win the horse race. You must do one of the following things: Eat something without looking at the food, spin the wheel at least 720 degrees, throw a dart at the dartboard. If you eat an olive, your horse will advance two steps. If you eat a grape, your horse will retreat three steps. If you throw a dart in an olive, your horse will advance five steps. If you throw a dart in a grape, your horse will retreat eight steps. If the wheel lands on an olive, your horse will advance 10 steps. If the wheel lands on a grape, your horse will retreat 15 steps. You must stay on the spot and you must not move the spot.",Live,Phil Ellis,2,0,0,0
20,4,4,"Win the horse race. You must do one of the following things: Eat something without looking at the food, spin the wheel at least 720 degrees, throw a dart at the dartboard. If you eat an olive, your horse will advance two steps. If you eat a grape, your horse will retreat three steps. If you throw a dart in an olive, your horse will advance five steps. If you throw a dart in a grape, your horse will retreat eight steps. If the wheel lands on an olive, your horse will advance 10 steps. If the wheel lands on a grape, your horse will retreat 15 steps. You must stay on the spot and you must not move the spot.",Live,Reece Shearsmith,1,0,0,0
20,4,4,"Win the horse race. You must do one of the following things: Eat something without looking at the food, spin the wheel at least 720 degrees, throw a dart at the dartboard. If you eat an olive, your horse will advance two steps. If you eat a grape, your horse will retreat three steps. If you throw a dart in an olive, your horse will advance five steps. If you throw a dart in a grape, your horse will retreat eight steps. If the wheel lands on an olive, your horse will advance 10 steps. If the wheel lands on a grape, your horse will retreat 15 steps. You must stay on the spot and you must not move the spot.",Live,Sanjeev Bhaskar,5,0,0,0
20,4,5,"Live: Fill out your form. | Live: Either convince the Taskmaster you have written something other than what you have written or exactly what you have written. If you fail to deceive the Taskmaster, you are eliminated. | Remove your shower cap by inflating the balloon.",Live,Ania Magliano,5,0,0,1
20,4,5,"Live: Fill out your form. | Live: Either convince the Taskmaster you have written something other than what you have written or exactly what you have written. If you fail to deceive the Taskmaster, you are eliminated. | Remove your shower cap by inflating the balloon.",Live,Maisie Adam,4,0,0,0
20,4,5,"Live: Fill out your form. | Live: Either convince the Taskmaster you have written something other than what you have written or exactly what you have written. If you fail to deceive the Taskmaster, you are eliminated. | Remove your shower cap by inflating the balloon.",Live,Phil Ellis,4,0,0,0
20,4,5,"Live: Fill out your form. | Live: Either convince the Taskmaster you have written something other than what you have written or exactly what you have written. If you fail to deceive the Taskmaster, you are eliminated. | Remove your shower cap by inflating the balloon.",Live,Reece Shearsmith,4,0,0,0
20,4,5,"Live: Fill out your form. | Live: Either convince the Taskmaster you have written something other than what you have written or exactly what you have written. If you fail to deceive the Taskmaster, you are eliminated. | Remove your shower cap by inflating the balloon.",Live,Sanjeev Bhaskar,4,0,0,0
20,5,1,Prize: A possession that would most confuse a future archaeologist if you were buried holding it.,Prize,Ania Magliano,1,0,0,0
20,5,1,Prize: A possession that would most confuse a future archaeologist if you were buried holding it.,Prize,Maisie Adam,5,0,0,0
20,5,1,Prize: A possession that would most confuse a future archaeologist if you were buried holding it.,Prize,Phil Ellis,2,0,0,1
20,5,1,Prize: A possession that would most confuse a future archaeologist if you were buried holding it.,Prize,Reece Shearsmith,3,0,0,0
20,5,1,Prize: A possession that would most confuse a future archaeologist if you were buried holding it.,Prize,Sanjeev Bhaskar,4,0,0,0
20,5,2,"Pull something from that red green onto this red green using this string. Throughout your pull, you must remain on this red green. Your thing must travel through or over all the obstacles.",Normal,Ania Magliano,3,0,0,0
20,5,2,"Pull something from that red green onto this red green using this string. Throughout your pull, you must remain on this red green. Your thing must travel through or over all the obstacles.",Normal,Maisie Adam,0,0,0,0
20,5,2,"Pull something from that red green onto this red green using this string. Throughout your pull, you must remain on this red green. Your thing must travel through or over all the obstacles.",Normal,Phil Ellis,5,0,0,1
20,5,2,"Pull something from that red green onto this red green using this string. Throughout your pull, you must remain on this red green. Your thing must travel through or over all the obstacles.",Normal,Reece Shearsmith,0,0,0,0
20,5,2,"Pull something from that red green onto this red green using this string. Throughout your pull, you must remain on this red green. Your thing must travel through or over all the obstacles.",Normal,Sanjeev Bhaskar,4,0,0,0
20,5,3,Team: Make things genuinely awkward.,Team,Ania Magliano,5,0,0,0
20,5,3,Team: Make things genuinely awkward.,Team,Maisie Adam,4,0,0,0
20,5,3,Team: Make things genuinely awkward.,Team,Phil Ellis,5,0,0,1
20,5,3,Team: Make things genuinely awkward.,Team,Reece Shearsmith,4,0,0,0
20,5,3,Team: Make things genuinely awkward.,Team,Sanjeev Bhaskar,5,0,0,0
20,5,4,Do the most accurate finger painting of the person on the other end of the phone. You may only use four-letter words when speaking to them and every other reply will be a lie.,Normal,Ania Magliano,5,0,0,0
20,5,4,Do the most accurate finger painting of the person on the other end of the phone. You may only use four-letter words when speaking to them and every other reply will be a lie.,Normal,Maisie Adam,1,0,0,0
20,5,4,Do the most accurate finger painting of the person on the other end of the phone. You may only use four-letter words when speaking to them and every other reply will be a lie.,Normal,Phil Ellis,3,0,0,1
20,5,4,Do the most accurate finger painting of the person on the other end of the phone. You may only use four-letter words when speaking to them and every other reply will be a lie.,Normal,Reece Shearsmith,4,0,0,0
20,5,4,Do the most accurate finger painting of the person on the other end of the phone. You may only use four-letter words when speaking to them and every other reply will be a lie.,Normal,Sanjeev Bhaskar,2,0,0,0
20,5,5,"Live: Eat the lamé duck or don't eat the lamé duck. If you are the only person to eat the lamé duck, you win five points and everybody else loses one point. If more than one person eats the lamé duck, all lamé duck eaters lose three points and the lamé duck refusers gain three points. If no one eats the lamé duck, you must each give Greg £25. If everyone eats the lamé duck, Alex will give you each £25.",Live,Ania Magliano,-3,0,0,0
20,5,5,"Live: Eat the lamé duck or don't eat the lamé duck. If you are the only person to eat the lamé duck, you win five points and everybody else loses one point. If more than one person eats the lamé duck, all lamé duck eaters lose three points and the lamé duck refusers gain three points. If no one eats the lamé duck, you must each give Greg £25. If everyone eats the lamé duck, Alex will give you each £25.",Live,Maisie Adam,-3,0,0,0
20,5,5,"Live: Eat the lamé duck or don't eat the lamé duck. If you are the only person to eat the lamé duck, you win five points and everybody else loses one point. If more than one person eats the lamé duck, all lamé duck eaters lose three points and the lamé duck refusers gain three points. If no one eats the lamé duck, you must each give Greg £25. If everyone eats the lamé duck, Alex will give you each £25.",Live,Phil Ellis,3,0,0,1
20,5,5,"Live: Eat the lamé duck or don't eat the lamé duck. If you are the only person to eat the lamé duck, you win five points and everybody else loses one point. If more than one person eats the lamé duck, all lamé duck eaters lose three points and the lamé duck refusers gain three points. If no one eats the lamé duck, you must each give Greg £25. If everyone eats the lamé duck, Alex will give you each £25.",Live,Reece Shearsmith,3,0,0,0
20,5,5,"Live: Eat the lamé duck or don't eat the lamé duck. If you are the only person to eat the lamé duck, you win five points and everybody else loses one point. If more than one person eats the lamé duck, all lamé duck eaters lose three points and the lamé duck refusers gain three points. If no one eats the lamé duck, you must each give Greg £25. If everyone eats the lamé duck, Alex will give you each £25.",Live,Sanjeev Bhaskar,-3,0,0,0
20,6,1,Prize: The thing Greg would most like to see Alex wearing.,Prize,Ania Magliano,3,0,0,0
20,6,1,Prize: The thing Greg would most like to see Alex wearing.,Prize,Maisie Adam,5,0,0,0
20,6,1,Prize: The thing Greg would most like to see Alex wearing.,Prize,Phil Ellis,5,0,0,1
20,6,1,Prize: The thing Greg would most like to see Alex wearing.,Prize,Reece Shearsmith,2,0,0,0
20,6,1,Prize: The thing Greg would most like to see Alex wearing.,Prize,Sanjeev Bhaskar,4,0,0,0
20,6,2,Cut a single string to cause the greatest effect.,Normal,Ania Magliano,1,0,0,0
20,6,2,Cut a single string to cause the greatest effect.,Normal,Maisie Adam,2,0,0,0
20,6,2,Cut a single string to cause the greatest effect.,Normal,Phil Ellis,3,0,0,1
20,6,2,Cut a single string to cause the greatest effect.,Normal,Reece Shearsmith,4,0,0,0
20,6,2,Cut a single string to cause the greatest effect.,Normal,Sanjeev Bhaskar,5,0,0,0
20,6,3,Write an autobiographical 10-word story. | Communicate your story to the Taskmaster. You may not leave the bridge.,Normal,Ania Magliano,4,0,0,0
20,6,3,Write an autobiographical 10-word story. | Communicate your story to the Taskmaster. You may not leave the bridge.,Normal,Maisie Adam,1,0,0,0
20,6,3,Write an autobiographical 10-word story. | Communicate your story to the Taskmaster. You may not leave the bridge.,Normal,Phil Ellis,3,0,0,1
20,6,3,Write an autobiographical 10-word story. | Communicate your story to the Taskmaster. You may not leave the bridge.,Normal,Reece Shearsmith,2,0,0,0
20,6,3,Write an autobiographical 10-word story. | Communicate your story to the Taskmaster. You may not leave the bridge.,Normal,Sanjeev Bhaskar,5,0,0,0
20,6,4,"Wear the flippers correctly. | Every time you say ""flipper"", ""flippers"" or ""flower"", your time is halved. Every time one of your feet leaves the circle, your time is halved. Every time you laugh, your time is halved. You must put the flippers on within 10 actual minutes of entering this room or you will be disqualified. After reading this, you must immediately return to the circle and the flippers must be where they were when you entered this room.",Normal,Ania Magliano,5,0,0,0
20,6,4,"Wear the flippers correctly. | Every time you say ""flipper"", ""flippers"" or ""flower"", your time is halved. Every time one of your feet leaves the circle, your time is halved. Every time you laugh, your time is halved. You must put the flippers on within 10 actual minutes of entering this room or you will be disqualified. After reading this, you must immediately return to the circle and the flippers must be where they were when you entered this room.",Normal,Maisie Adam,4,0,0,0
20,6,4,"Wear the flippers correctly. | Every time you say ""flipper"", ""flippers"" or ""flower"", your time is halved. Every time one of your feet leaves the circle, your time is halved. Every time you laugh, your time is halved. You must put the flippers on within 10 actual minutes of entering this room or you will be disqualified. After reading this, you must immediately return to the circle and the flippers must be where they were when you entered this room.",Normal,Phil Ellis,0,1,0,1
20,6,4,"Wear the flippers correctly. | Every time you say ""flipper"", ""flippers"" or ""flower"", your time is halved. Every time one of your feet leaves the circle, your time is halved. Every time you laugh, your time is halved. You must put the flippers on within 10 actual minutes of entering this room or you will be disqualified. After reading this, you must immediately return to the circle and the flippers must be where they were when you entered this room.",Normal,Reece Shearsmith,0,1,0,0
20,6,4,"Wear the flippers correctly. | Every time you say ""flipper"", ""flippers"" or ""flower"", your time is halved. Every time one of your feet leaves the circle, your time is halved. Every time you laugh, your time is halved. You must put the flippers on within 10 actual minutes of entering this room or you will be disqualified. After reading this, you must immediately return to the circle and the flippers must be where they were when you entered this room.",Normal,Sanjeev Bhaskar,0,1,0,0
20,6,5,"Live: Find the age of the mystery person. You must stay on your seats at all times. You may ask one question at a time, going from oldest to youngest and you may only say two numbers each. The person may only say yes or no.",Live,Ania Magliano,0,0,0,0
20,6,5,"Live: Find the age of the mystery person. You must stay on your seats at all times. You may ask one question at a time, going from oldest to youngest and you may only say two numbers each. The person may only say yes or no.",Live,Maisie Adam,0,0,0,0
20,6,5,"Live: Find the age of the mystery person. You must stay on your seats at all times. You may ask one question at a time, going from oldest to youngest and you may only say two numbers each. The person may only say yes or no.",Live,Phil Ellis,5,0,0,1
20,6,5,"Live: Find the age of the mystery person. You must stay on your seats at all times. You may ask one question at a time, going from oldest to youngest and you may only say two numbers each. The person may only say yes or no.",Live,Reece Shearsmith,0,0,0,0
20,6,5,"Live: Find the age of the mystery person. You must stay on your seats at all times. You may ask one question at a time, going from oldest to youngest and you may only say two numbers each. The person may only say yes or no.",Live,Sanjeev Bhaskar,0,0,0,0
20,7,1,Prize: Best thing you can either ride or rip.,Prize,Ania Magliano,5,0,0,1
20,7,1,Prize: Best thing you can either ride or rip.,Prize,Maisie Adam,4,0,0,0
20,7,1,Prize: Best thing you can either ride or rip.,Prize,Phil Ellis,3,0,0,0
20,7,1,Prize: Best thing you can either ride or rip.,Prize,Reece Shearsmith,2,0,0,0
20,7,1,Prize: Best thing you can either ride or rip.,Prize,Sanjeev Bhaskar,5,0,0,0
20,7,2,Team: Steal the statue of Archimedes.,Team,Ania Magliano,5,0,0,1
20,7,2,Team: Steal the statue of Archimedes.,Team,Maisie Adam,3,0,0,0
20,7,2,Team: Steal the statue of Archimedes.,Team,Phil Ellis,5,0,0,0
20,7,2,Team: Steal the statue of Archimedes.,Team,Reece Shearsmith,3,0,0,0
20,7,2,Team: Steal the statue of Archimedes.,Team,Sanjeev Bhaskar,5,0,0,0
20,7,3,Dribble a technicolour picture of your hero. Your technicolour picture must only be made from things that have travelled directly from your mouth to the tray through the air and cannot be tampered with post-dribble.,Normal,Ania Magliano,1,0,0,1
20,7,3,Dribble a technicolour picture of your hero. Your technicolour picture must only be made from things that have travelled directly from your mouth to the tray through the air and cannot be tampered with post-dribble.,Normal,Maisie Adam,3,0,0,0
20,7,3,Dribble a technicolour picture of your hero. Your technicolour picture must only be made from things that have travelled directly from your mouth to the tray through the air and cannot be tampered with post-dribble.,Normal,Phil Ellis,4,0,0,0
20,7,3,Dribble a technicolour picture of your hero. Your technicolour picture must only be made from things that have travelled directly from your mouth to the tray through the air and cannot be tampered with post-dribble.,Normal,Reece Shearsmith,5,0,0,0
20,7,3,Dribble a technicolour picture of your hero. Your technicolour picture must only be made from things that have travelled directly from your mouth to the tray through the air and cannot be tampered with post-dribble.,Normal,Sanjeev Bhaskar,2,0,0,0
20,7,4,"Get exactly 63 points by bopping Alex on the head. You must shout a different type of food on each bop to register the bop. If you bop anyone other than Alex, five bops will be deducted from your total score. You must stay in the hutch.",Normal,Ania Magliano,5,0,0,1
20,7,4,"Get exactly 63 points by bopping Alex on the head. You must shout a different type of food on each bop to register the bop. If you bop anyone other than Alex, five bops will be deducted from your total score. You must stay in the hutch.",Normal,Maisie Adam,2,0,0,0
20,7,4,"Get exactly 63 points by bopping Alex on the head. You must shout a different type of food on each bop to register the bop. If you bop anyone other than Alex, five bops will be deducted from your total score. You must stay in the hutch.",Normal,Phil Ellis,4,0,0,0
20,7,4,"Get exactly 63 points by bopping Alex on the head. You must shout a different type of food on each bop to register the bop. If you bop anyone other than Alex, five bops will be deducted from your total score. You must stay in the hutch.",Normal,Reece Shearsmith,1,0,0,0
20,7,4,"Get exactly 63 points by bopping Alex on the head. You must shout a different type of food on each bop to register the bop. If you bop anyone other than Alex, five bops will be deducted from your total score. You must stay in the hutch.",Normal,Sanjeev Bhaskar,3,0,0,0
20,7,5,"Live: Avoid the Taskmaster's big ball. You must stand on the circle but you must not step on any gold. You must be facing and staring at the Taskmaster sign at all times and after the Taskmaster releases his big ball, you may each take one step. The first person touched by the Taskmaster's big ball each round is eliminated.",Live,Ania Magliano,4,0,0,1
20,7,5,"Live: Avoid the Taskmaster's big ball. You must stand on the circle but you must not step on any gold. You must be facing and staring at the Taskmaster sign at all times and after the Taskmaster releases his big ball, you may each take one step. The first person touched by the Taskmaster's big ball each round is eliminated.",Live,Maisie Adam,5,0,0,0
20,7,5,"Live: Avoid the Taskmaster's big ball. You must stand on the circle but you must not step on any gold. You must be facing and staring at the Taskmaster sign at all times and after the Taskmaster releases his big ball, you may each take one step. The first person touched by the Taskmaster's big ball each round is eliminated.",Live,Phil Ellis,1,0,0,0
20,7,5,"Live: Avoid the Taskmaster's big ball. You must stand on the circle but you must not step on any gold. You must be facing and staring at the Taskmaster sign at all times and after the Taskmaster releases his big ball, you may each take one step. The first person touched by the Taskmaster's big ball each round is eliminated.",Live,Reece Shearsmith,2,0,0,0
20,7,5,"Live: Avoid the Taskmaster's big ball. You must stand on the circle but you must not step on any gold. You must be facing and staring at the Taskmaster sign at all times and after the Taskmaster releases his big ball, you may each take one step. The first person touched by the Taskmaster's big ball each round is eliminated.",Live,Sanjeev Bhaskar,3,0,0,0
20,8,1,Prize: Best thing that has a surprise aspect to it.,Prize,Ania Magliano,5,0,0,0
20,8,1,Prize: Best thing that has a surprise aspect to it.,Prize,Maisie Adam,4,0,0,0
20,8,1,Prize: Best thing that has a surprise aspect to it.,Prize,Phil Ellis,2,0,0,0
20,8,1,Prize: Best thing that has a surprise aspect to it.,Prize,Reece Shearsmith,3,0,0,1
20,8,1,Prize: Best thing that has a surprise aspect to it.,Prize,Sanjeev Bhaskar,1,0,0,0
20,8,2,"Go and sit in the entrance lobby on Alex's horn and return on Alex's whistle. Every time you return, you must answer Alex's question within 30 seconds. You cannot change your answer. Alex will ask you 10 questions.",Normal,Ania Magliano,3,0,0,0
20,8,2,"Go and sit in the entrance lobby on Alex's horn and return on Alex's whistle. Every time you return, you must answer Alex's question within 30 seconds. You cannot change your answer. Alex will ask you 10 questions.",Normal,Maisie Adam,1,0,0,0
20,8,2,"Go and sit in the entrance lobby on Alex's horn and return on Alex's whistle. Every time you return, you must answer Alex's question within 30 seconds. You cannot change your answer. Alex will ask you 10 questions.",Normal,Phil Ellis,2,0,0,0
20,8,2,"Go and sit in the entrance lobby on Alex's horn and return on Alex's whistle. Every time you return, you must answer Alex's question within 30 seconds. You cannot change your answer. Alex will ask you 10 questions.",Normal,Reece Shearsmith,4,0,0,1
20,8,2,"Go and sit in the entrance lobby on Alex's horn and return on Alex's whistle. Every time you return, you must answer Alex's question within 30 seconds. You cannot change your answer. Alex will ask you 10 questions.",Normal,Sanjeev Bhaskar,5,0,0,0
20,8,3,Paint the best picture of one animal sitting on top of another animal. You must paint on the paper below. You must not leave the balcony.,Normal,Ania Magliano,2,0,0,0
20,8,3,Paint the best picture of one animal sitting on top of another animal. You must paint on the paper below. You must not leave the balcony.,Normal,Maisie Adam,4,0,0,0
20,8,3,Paint the best picture of one animal sitting on top of another animal. You must paint on the paper below. You must not leave the balcony.,Normal,Phil Ellis,5,0,0,0
20,8,3,Paint the best picture of one animal sitting on top of another animal. You must paint on the paper below. You must not leave the balcony.,Normal,Reece Shearsmith,4,0,0,1
20,8,3,Paint the best picture of one animal sitting on top of another animal. You must paint on the paper below. You must not leave the balcony.,Normal,Sanjeev Bhaskar,2,0,0,0
20,8,4,"You must read each of these instructions out and do them immediately. Stand on one leg and keep standing on one leg. Put one finger in your ear and keep it there. Put your other hand on your head and keep it there. Pull an extreme facial expression and keep that expression on your face. | Say the most five-letter words. If anyone uses the same five-letter words as you, five words will be lost from both your totals.",Normal,Ania Magliano,4,0,0,0
20,8,4,"You must read each of these instructions out and do them immediately. Stand on one leg and keep standing on one leg. Put one finger in your ear and keep it there. Put your other hand on your head and keep it there. Pull an extreme facial expression and keep that expression on your face. | Say the most five-letter words. If anyone uses the same five-letter words as you, five words will be lost from both your totals.",Normal,Maisie Adam,2,0,0,0
20,8,4,"You must read each of these instructions out and do them immediately. Stand on one leg and keep standing on one leg. Put one finger in your ear and keep it there. Put your other hand on your head and keep it there. Pull an extreme facial expression and keep that expression on your face. | Say the most five-letter words. If anyone uses the same five-letter words as you, five words will be lost from both your totals.",Normal,Phil Ellis,3,0,0,0
20,8,4,"You must read each of these instructions out and do them immediately. Stand on one leg and keep standing on one leg. Put one finger in your ear and keep it there. Put your other hand on your head and keep it there. Pull an extreme facial expression and keep that expression on your face. | Say the most five-letter words. If anyone uses the same five-letter words as you, five words will be lost from both your totals.",Normal,Reece Shearsmith,1,0,0,1
20,8,4,"You must read each of these instructions out and do them immediately. Stand on one leg and keep standing on one leg. Put one finger in your ear and keep it there. Put your other hand on your head and keep it there. Pull an extreme facial expression and keep that expression on your face. | Say the most five-letter words. If anyone uses the same five-letter words as you, five words will be lost from both your totals.",Normal,Sanjeev Bhaskar,5,0,0,0
20,8,5,Team Live: Demonstrate to the Taskmaster the idiom demonstrated to you by your teammate. All team members must remain silent and on their spots during a round.,Live,Ania Magliano,0,0,0,0
20,8,5,Team Live: Demonstrate to the Taskmaster the idiom demonstrated to you by your teammate. All team members must remain silent and on their spots during a round.,Live,Maisie Adam,5,0,0,0
20,8,5,Team Live: Demonstrate to the Taskmaster the idiom demonstrated to you by your teammate. All team members must remain silent and on their spots during a round.,Live,Phil Ellis,0,0,0,0
20,8,5,Team Live: Demonstrate to the Taskmaster the idiom demonstrated to you by your teammate. All team members must remain silent and on their spots during a round.,Live,Reece Shearsmith,5,0,0,1
20,8,5,Team Live: Demonstrate to the Taskmaster the idiom demonstrated to you by your teammate. All team members must remain silent and on their spots during a round.,Live,Sanjeev Bhaskar,0,0,0,0
20,9,1,Prize: Most respected item that retains its credibility when you talk about it in a high-pitched voice.,Prize,Ania Magliano,4,0,0,0
20,9,1,Prize: Most respected item that retains its credibility when you talk about it in a high-pitched voice.,Prize,Maisie Adam,2,0,0,0
20,9,1,Prize: Most respected item that retains its credibility when you talk about it in a high-pitched voice.,Prize,Phil Ellis,5,0,0,1
20,9,1,Prize: Most respected item that retains its credibility when you talk about it in a high-pitched voice.,Prize,Reece Shearsmith,4,0,0,0
20,9,1,Prize: Most respected item that retains its credibility when you talk about it in a high-pitched voice.,Prize,Sanjeev Bhaskar,1,0,0,0
20,9,2,"Build a tower of bricks on this trolley, then push it down the slope. You may not touch the trolley after it passes the start line. As well as bricks, all the contents of one of these bins must be part of your tower, but nothing else. You may only look inside the bins once, and only for as long as you can scream. You must replace each lid before looking in the next bin. You have three attempts, during which you must also scream.",Normal,Ania Magliano,0,0,0,0
20,9,2,"Build a tower of bricks on this trolley, then push it down the slope. You may not touch the trolley after it passes the start line. As well as bricks, all the contents of one of these bins must be part of your tower, but nothing else. You may only look inside the bins once, and only for as long as you can scream. You must replace each lid before looking in the next bin. You have three attempts, during which you must also scream.",Normal,Maisie Adam,3,0,0,0
20,9,2,"Build a tower of bricks on this trolley, then push it down the slope. You may not touch the trolley after it passes the start line. As well as bricks, all the contents of one of these bins must be part of your tower, but nothing else. You may only look inside the bins once, and only for as long as you can scream. You must replace each lid before looking in the next bin. You have three attempts, during which you must also scream.",Normal,Phil Ellis,5,0,0,1
20,9,2,"Build a tower of bricks on this trolley, then push it down the slope. You may not touch the trolley after it passes the start line. As well as bricks, all the contents of one of these bins must be part of your tower, but nothing else. You may only look inside the bins once, and only for as long as you can scream. You must replace each lid before looking in the next bin. You have three attempts, during which you must also scream.",Normal,Reece Shearsmith,2,0,0,0
20,9,2,"Build a tower of bricks on this trolley, then push it down the slope. You may not touch the trolley after it passes the start line. As well as bricks, all the contents of one of these bins must be part of your tower, but nothing else. You may only look inside the bins once, and only for as long as you can scream. You must replace each lid before looking in the next bin. You have three attempts, during which you must also scream.",Normal,Sanjeev Bhaskar,4,0,0,0
20,9,3,"Make your jockey weigh almost exactly the same as Alex. If your jockey weighs more than Alex, you are disqualified. You may only get two readings from the scales.",Normal,Ania Magliano,4,0,0,0
20,9,3,"Make your jockey weigh almost exactly the same as Alex. If your jockey weighs more than Alex, you are disqualified. You may only get two readings from the scales.",Normal,Maisie Adam,3,0,0,0
20,9,3,"Make your jockey weigh almost exactly the same as Alex. If your jockey weighs more than Alex, you are disqualified. You may only get two readings from the scales.",Normal,Phil Ellis,5,0,0,1
20,9,3,"Make your jockey weigh almost exactly the same as Alex. If your jockey weighs more than Alex, you are disqualified. You may only get two readings from the scales.",Normal,Reece Shearsmith,0,1,0,0
20,9,3,"Make your jockey weigh almost exactly the same as Alex. If your jockey weighs more than Alex, you are disqualified. You may only get two readings from the scales.",Normal,Sanjeev Bhaskar,1,0,0,0
20,9,4,Bonus: Sexiest jockey.,Normal,Ania Magliano,0,0,0,0
20,9,4,Bonus: Sexiest jockey.,Normal,Maisie Adam,1,0,0,0
20,9,4,Bonus: Sexiest jockey.,Normal,Phil Ellis,0,0,0,1
20,9,4,Bonus: Sexiest jockey.,Normal,Reece Shearsmith,1,0,0,0
20,9,4,Bonus: Sexiest jockey.,Normal,Sanjeev Bhaskar,0,0,0,0
20,9,5,Make the most fantastic 15-second film featuring your face in full frame.,Normal,Ania Magliano,5,0,0,0
20,9,5,Make the most fantastic 15-second film featuring your face in full frame.,Normal,Maisie Adam,5,0,0,0
20,9,5,Make the most fantastic 15-second film featuring your face in full frame.,Normal,Phil Ellis,5,0,0,1
20,9,5,Make the most fantastic 15-second film featuring your face in full frame.,Normal,Reece Shearsmith,5,0,0,0
20,9,5,Make the most fantastic 15-second film featuring your face in full frame.,Normal,Sanjeev Bhaskar,5,0,0,0
20,9,6,"Live: Become the person the Taskmaster shouts. You will have one minute to draw yourself a new bottom of your face and body. Also, you must bob up and down throughout your attempt.",Live,Ania Magliano,3,0,0,0
20,9,6,"Live: Become the person the Taskmaster shouts. You will have one minute to draw yourself a new bottom of your face and body. Also, you must bob up and down throughout your attempt.",Live,Maisie Adam,2,0,0,0
20,9,6,"Live: Become the person the Taskmaster shouts. You will have one minute to draw yourself a new bottom of your face and body. Also, you must bob up and down throughout your attempt.",Live,Phil Ellis,1,0,0,1
20,9,6,"Live: Become the person the Taskmaster shouts. You will have one minute to draw yourself a new bottom of your face and body. Also, you must bob up and down throughout your attempt.",Live,Reece Shearsmith,5,0,0,0
20,9,6,"Live: Become the person the Taskmaster shouts. You will have one minute to draw yourself a new bottom of your face and body. Also, you must bob up and down throughout your attempt.",Live,Sanjeev Bhaskar,4,0,0,0
20,10,1,Prize: Best tube.,Prize,Ania Magliano,4,0,0,0
20,10,1,Prize: Best tube.,Prize,Maisie Adam,5,0,0,1
20,10,1,Prize: Best tube.,Prize,Phil Ellis,1,0,0,0
20,10,1,Prize: Best tube.,Prize,Reece Shearsmith,3,0,0,0
20,10,1,Prize: Best tube.,Prize,Sanjeev Bhaskar,3,0,0,0
20,10,2,Team: Make exactly the same-looking drinks as your teammate's drinks. Your entire team may only open two doors.,Team,Ania Magliano,0,1,0,0
20,10,2,Team: Make exactly the same-looking drinks as your teammate's drinks. Your entire team may only open two doors.,Team,Maisie Adam,5,0,0,1
20,10,2,Team: Make exactly the same-looking drinks as your teammate's drinks. Your entire team may only open two doors.,Team,Phil Ellis,0,1,0,0
20,10,2,Team: Make exactly the same-looking drinks as your teammate's drinks. Your entire team may only open two doors.,Team,Reece Shearsmith,5,0,0,0
20,10,2,Team: Make exactly the same-looking drinks as your teammate's drinks. Your entire team may only open two doors.,Team,Sanjeev Bhaskar,0,1,0,0
20,10,3,Drink almost all the apple juice. You must not touch the cup and the cup must not move.,Normal,Ania Magliano,4,0,0,0
20,10,3,Drink almost all the apple juice. You must not touch the cup and the cup must not move.,Normal,Maisie Adam,2,0,0,1
20,10,3,Drink almost all the apple juice. You must not touch the cup and the cup must not move.,Normal,Phil Ellis,1,0,0,0
20,10,3,Drink almost all the apple juice. You must not touch the cup and the cup must not move.,Normal,Reece Shearsmith,3,0,0,0
20,10,3,Drink almost all the apple juice. You must not touch the cup and the cup must not move.,Normal,Sanjeev Bhaskar,5,0,0,0
20,10,4,"Make water squirt out of you in a surprising way. Alex will guess whence the water will squirt. For every incorrect guess, you may squirt him for one second at the end of the task.",Normal,Ania Magliano,1,0,0,0
20,10,4,"Make water squirt out of you in a surprising way. Alex will guess whence the water will squirt. For every incorrect guess, you may squirt him for one second at the end of the task.",Normal,Maisie Adam,3,0,0,1
20,10,4,"Make water squirt out of you in a surprising way. Alex will guess whence the water will squirt. For every incorrect guess, you may squirt him for one second at the end of the task.",Normal,Phil Ellis,5,0,0,0
20,10,4,"Make water squirt out of you in a surprising way. Alex will guess whence the water will squirt. For every incorrect guess, you may squirt him for one second at the end of the task.",Normal,Reece Shearsmith,2,0,0,0
20,10,4,"Make water squirt out of you in a surprising way. Alex will guess whence the water will squirt. For every incorrect guess, you may squirt him for one second at the end of the task.",Normal,Sanjeev Bhaskar,4,0,0,0
20,10,5,"Live: Respond to the Taskmaster correctly. When he says ""wibble"", you say ""bibble"". When he says ""bibble"", you say ""bam"". When he says ""bam"", you say ""wibble bibble bam"". If you dither or err, you are eliminated.",Live,Ania Magliano,1,0,0,0
20,10,5,"Live: Respond to the Taskmaster correctly. When he says ""wibble"", you say ""bibble"". When he says ""bibble"", you say ""bam"". When he says ""bam"", you say ""wibble bibble bam"". If you dither or err, you are eliminated.",Live,Maisie Adam,2,0,0,1
20,10,5,"Live: Respond to the Taskmaster correctly. When he says ""wibble"", you say ""bibble"". When he says ""bibble"", you say ""bam"". When he says ""bam"", you say ""wibble bibble bam"". If you dither or err, you are eliminated.",Live,Phil Ellis,5,0,0,0
20,10,5,"Live: Respond to the Taskmaster correctly. When he says ""wibble"", you say ""bibble"". When he says ""bibble"", you say ""bam"". When he says ""bam"", you say ""wibble bibble bam"". If you dither or err, you are eliminated.",Live,Reece Shearsmith,3,0,0,0
20,10,5,"Live: Respond to the Taskmaster correctly. When he says ""wibble"", you say ""bibble"". When he says ""bibble"", you say ""bam"". When he says ""bam"", you say ""wibble bibble bam"". If you dither or err, you are eliminated.",Live,Sanjeev Bhaskar,4,0,0,0
21,1,1,Prize: The thing most likely to deter people from your premises.,Prize,Amy Gledhill,5,0,0,0
21,1,1,Prize: The thing most likely to deter people from your premises.,Prize,Armando Iannucci,3,0,0,0
21,1,1,Prize: The thing most likely to deter people from your premises.,Prize,Joanna Page,4,0,0,1
21,1,1,Prize: The thing most likely to deter people from your premises.,Prize,Joel Dommett,1,0,0,0
21,1,1,Prize: The thing most likely to deter people from your premises.,Prize,Kumail Nanjiani,2,0,0,0
21,1,2,"Protect this egg. You must have this egg with you unseen for every task and every episode in the studio. You must hand Alex your wholly intact egg within 30 seconds every time the egg timer goes off. If you mention, damage or lose your egg, you are disqualified.",Live,Amy Gledhill,0,0,0,0
21,1,2,"Protect this egg. You must have this egg with you unseen for every task and every episode in the studio. You must hand Alex your wholly intact egg within 30 seconds every time the egg timer goes off. If you mention, damage or lose your egg, you are disqualified.",Live,Armando Iannucci,0,0,0,0
21,1,2,"Protect this egg. You must have this egg with you unseen for every task and every episode in the studio. You must hand Alex your wholly intact egg within 30 seconds every time the egg timer goes off. If you mention, damage or lose your egg, you are disqualified.",Live,Joanna Page,0,0,0,1
21,1,2,"Protect this egg. You must have this egg with you unseen for every task and every episode in the studio. You must hand Alex your wholly intact egg within 30 seconds every time the egg timer goes off. If you mention, damage or lose your egg, you are disqualified.",Live,Joel Dommett,0,0,0,0
21,1,2,"Protect this egg. You must have this egg with you unseen for every task and every episode in the studio. You must hand Alex your wholly intact egg within 30 seconds every time the egg timer goes off. If you mention, damage or lose your egg, you are disqualified.",Live,Kumail Nanjiani,0,0,0,0
21,1,3,Find a worm.,Normal,Amy Gledhill,4,0,0,0
21,1,3,Find a worm.,Normal,Armando Iannucci,2,0,0,0
21,1,3,Find a worm.,Normal,Joanna Page,3,0,0,1
21,1,3,Find a worm.,Normal,Joel Dommett,5,0,0,0
21,1,3,Find a worm.,Normal,Kumail Nanjiani,1,0,0,0
21,1,4,"Team: Give Greg five foods correctly. When the buzzer buzzes, give Greg one food. If you give Greg the wrong food, you must start again. If your buzzer does not buzz, you must stay in this room.",Team,Amy Gledhill,3,0,0,0
21,1,4,"Team: Give Greg five foods correctly. When the buzzer buzzes, give Greg one food. If you give Greg the wrong food, you must start again. If your buzzer does not buzz, you must stay in this room.",Team,Armando Iannucci,5,0,0,0
21,1,4,"Team: Give Greg five foods correctly. When the buzzer buzzes, give Greg one food. If you give Greg the wrong food, you must start again. If your buzzer does not buzz, you must stay in this room.",Team,Joanna Page,5,0,0,1
21,1,4,"Team: Give Greg five foods correctly. When the buzzer buzzes, give Greg one food. If you give Greg the wrong food, you must start again. If your buzzer does not buzz, you must stay in this room.",Team,Joel Dommett,3,0,0,0
21,1,4,"Team: Give Greg five foods correctly. When the buzzer buzzes, give Greg one food. If you give Greg the wrong food, you must start again. If your buzzer does not buzz, you must stay in this room.",Team,Kumail Nanjiani,3,0,0,0
21,1,5,"Put the most T-shirts on Alex. Alex will only wear T-shirts launched from the T-shirt launcher and onto a target according to the T-shirt launcher rules. You must always launch upwards and each T-shirt can only be launched once. If you catch the golden T-shirt, your T-shirt total will be doubled.",Normal,Amy Gledhill,4,0,0,0
21,1,5,"Put the most T-shirts on Alex. Alex will only wear T-shirts launched from the T-shirt launcher and onto a target according to the T-shirt launcher rules. You must always launch upwards and each T-shirt can only be launched once. If you catch the golden T-shirt, your T-shirt total will be doubled.",Normal,Armando Iannucci,1,0,0,0
21,1,5,"Put the most T-shirts on Alex. Alex will only wear T-shirts launched from the T-shirt launcher and onto a target according to the T-shirt launcher rules. You must always launch upwards and each T-shirt can only be launched once. If you catch the golden T-shirt, your T-shirt total will be doubled.",Normal,Joanna Page,5,0,0,1
21,1,5,"Put the most T-shirts on Alex. Alex will only wear T-shirts launched from the T-shirt launcher and onto a target according to the T-shirt launcher rules. You must always launch upwards and each T-shirt can only be launched once. If you catch the golden T-shirt, your T-shirt total will be doubled.",Normal,Joel Dommett,2,0,0,0
21,1,5,"Put the most T-shirts on Alex. Alex will only wear T-shirts launched from the T-shirt launcher and onto a target according to the T-shirt launcher rules. You must always launch upwards and each T-shirt can only be launched once. If you catch the golden T-shirt, your T-shirt total will be doubled.",Normal,Kumail Nanjiani,3,0,0,0
21,1,6,"Live: Find four oranges. If you find an apple, you miss your next go. If you find a lemon, the order reverses. If you find a duck, you must greet the duck by name. If you find an orange, you can look under another can.",Live,Amy Gledhill,0,0,0,0
21,1,6,"Live: Find four oranges. If you find an apple, you miss your next go. If you find a lemon, the order reverses. If you find a duck, you must greet the duck by name. If you find an orange, you can look under another can.",Live,Armando Iannucci,0,0,0,0
21,1,6,"Live: Find four oranges. If you find an apple, you miss your next go. If you find a lemon, the order reverses. If you find a duck, you must greet the duck by name. If you find an orange, you can look under another can.",Live,Joanna Page,5,0,0,1
21,1,6,"Live: Find four oranges. If you find an apple, you miss your next go. If you find a lemon, the order reverses. If you find a duck, you must greet the duck by name. If you find an orange, you can look under another can.",Live,Joel Dommett,0,0,0,0
21,1,6,"Live: Find four oranges. If you find an apple, you miss your next go. If you find a lemon, the order reverses. If you find a duck, you must greet the duck by name. If you find an orange, you can look under another can.",Live,Kumail Nanjiani,0,0,0,0
21,2,1,Prize: Most unquestionable thing of beauty.,Prize,Amy Gledhill,5,0,0,1
21,2,1,Prize: Most unquestionable thing of beauty.,Prize,Armando Iannucci,4,0,0,0
21,2,1,Prize: Most unquestionable thing of beauty.,Prize,Joanna Page,5,0,0,0
21,2,1,Prize: Most unquestionable thing of beauty.,Prize,Joel Dommett,3,0,0,0
21,2,1,Prize: Most unquestionable thing of beauty.,Prize,Kumail Nanjiani,1,0,0,0
21,2,2,"Choose how much of Alex's bowling outfit to wear throughout part two. If you choose Alex's bowling overalls, your final time will be reduced by two minutes. If you choose Alex's bowling gloves, your final time will be reduced by three minutes. If you choose Alex's bowling glasses, your final time will be reduced by four minutes. If you choose Alex's bowling shoes, your final time will be reduced by five minutes. If you choose Alex's whole bowling outfit, your final time will be reduced by 20 minutes. | Get the bowling ball in the bucket. You must stay onstage at all times. There is a two minute time penalty for every skittle touched and all skittles must be standing when the bowling ball enters the bucket.",Live,Amy Gledhill,2,0,0,1
21,2,2,"Choose how much of Alex's bowling outfit to wear throughout part two. If you choose Alex's bowling overalls, your final time will be reduced by two minutes. If you choose Alex's bowling gloves, your final time will be reduced by three minutes. If you choose Alex's bowling glasses, your final time will be reduced by four minutes. If you choose Alex's bowling shoes, your final time will be reduced by five minutes. If you choose Alex's whole bowling outfit, your final time will be reduced by 20 minutes. | Get the bowling ball in the bucket. You must stay onstage at all times. There is a two minute time penalty for every skittle touched and all skittles must be standing when the bowling ball enters the bucket.",Live,Armando Iannucci,0,1,0,0
21,2,2,"Choose how much of Alex's bowling outfit to wear throughout part two. If you choose Alex's bowling overalls, your final time will be reduced by two minutes. If you choose Alex's bowling gloves, your final time will be reduced by three minutes. If you choose Alex's bowling glasses, your final time will be reduced by four minutes. If you choose Alex's bowling shoes, your final time will be reduced by five minutes. If you choose Alex's whole bowling outfit, your final time will be reduced by 20 minutes. | Get the bowling ball in the bucket. You must stay onstage at all times. There is a two minute time penalty for every skittle touched and all skittles must be standing when the bowling ball enters the bucket.",Live,Joanna Page,4,0,0,0
21,2,2,"Choose how much of Alex's bowling outfit to wear throughout part two. If you choose Alex's bowling overalls, your final time will be reduced by two minutes. If you choose Alex's bowling gloves, your final time will be reduced by three minutes. If you choose Alex's bowling glasses, your final time will be reduced by four minutes. If you choose Alex's bowling shoes, your final time will be reduced by five minutes. If you choose Alex's whole bowling outfit, your final time will be reduced by 20 minutes. | Get the bowling ball in the bucket. You must stay onstage at all times. There is a two minute time penalty for every skittle touched and all skittles must be standing when the bowling ball enters the bucket.",Live,Joel Dommett,3,0,0,0
21,2,2,"Choose how much of Alex's bowling outfit to wear throughout part two. If you choose Alex's bowling overalls, your final time will be reduced by two minutes. If you choose Alex's bowling gloves, your final time will be reduced by three minutes. If you choose Alex's bowling glasses, your final time will be reduced by four minutes. If you choose Alex's bowling shoes, your final time will be reduced by five minutes. If you choose Alex's whole bowling outfit, your final time will be reduced by 20 minutes. | Get the bowling ball in the bucket. You must stay onstage at all times. There is a two minute time penalty for every skittle touched and all skittles must be standing when the bowling ball enters the bucket.",Live,Kumail Nanjiani,5,0,0,0
21,2,3,"Do exactly what your reflection does. You must decide what Alex does, then mirror him.",Normal,Amy Gledhill,4,0,0,1
21,2,3,"Do exactly what your reflection does. You must decide what Alex does, then mirror him.",Normal,Armando Iannucci,5,0,0,0
21,2,3,"Do exactly what your reflection does. You must decide what Alex does, then mirror him.",Normal,Joanna Page,3,0,0,0
21,2,3,"Do exactly what your reflection does. You must decide what Alex does, then mirror him.",Normal,Joel Dommett,2,0,0,0
21,2,3,"Do exactly what your reflection does. You must decide what Alex does, then mirror him.",Normal,Kumail Nanjiani,1,0,0,0
21,2,4,"Achieve the most things on this list before the balloon pops. If you do the special thing, the balloon will stop inflating for 10 seconds. You must not touch the balloon mechanism.",Normal,Amy Gledhill,4,0,0,1
21,2,4,"Achieve the most things on this list before the balloon pops. If you do the special thing, the balloon will stop inflating for 10 seconds. You must not touch the balloon mechanism.",Normal,Armando Iannucci,2,0,0,0
21,2,4,"Achieve the most things on this list before the balloon pops. If you do the special thing, the balloon will stop inflating for 10 seconds. You must not touch the balloon mechanism.",Normal,Joanna Page,5,0,0,0
21,2,4,"Achieve the most things on this list before the balloon pops. If you do the special thing, the balloon will stop inflating for 10 seconds. You must not touch the balloon mechanism.",Normal,Joel Dommett,1,0,0,0
21,2,4,"Achieve the most things on this list before the balloon pops. If you do the special thing, the balloon will stop inflating for 10 seconds. You must not touch the balloon mechanism.",Normal,Kumail Nanjiani,4,0,0,0
21,2,5,Live: Work out what word the piper is piping. You may have one guess and may only guess if you are the first to raise both hands.,Live,Amy Gledhill,5,0,0,1
21,2,5,Live: Work out what word the piper is piping. You may have one guess and may only guess if you are the first to raise both hands.,Live,Armando Iannucci,4,0,0,0
21,2,5,Live: Work out what word the piper is piping. You may have one guess and may only guess if you are the first to raise both hands.,Live,Joanna Page,2,0,0,0
21,2,5,Live: Work out what word the piper is piping. You may have one guess and may only guess if you are the first to raise both hands.,Live,Joel Dommett,4,0,0,0
21,2,5,Live: Work out what word the piper is piping. You may have one guess and may only guess if you are the first to raise both hands.,Live,Kumail Nanjiani,2,0,0,0
21,3,1,Prize: Most fun thing to drag behind you on a piece of string when you go for a walk.,Prize,Amy Gledhill,3,0,0,1
21,3,1,Prize: Most fun thing to drag behind you on a piece of string when you go for a walk.,Prize,Armando Iannucci,5,0,0,0
21,3,1,Prize: Most fun thing to drag behind you on a piece of string when you go for a walk.,Prize,Joanna Page,1,0,0,0
21,3,1,Prize: Most fun thing to drag behind you on a piece of string when you go for a walk.,Prize,Joel Dommett,2,0,0,0
21,3,1,Prize: Most fun thing to drag behind you on a piece of string when you go for a walk.,Prize,Kumail Nanjiani,4,0,0,0
21,3,2,"Put on the headphones, obey the instructions, and build the tower. When you think you have built the correct tower, you must clap three times.",Normal,Amy Gledhill,4,0,0,1
21,3,2,"Put on the headphones, obey the instructions, and build the tower. When you think you have built the correct tower, you must clap three times.",Normal,Armando Iannucci,1,0,0,0
21,3,2,"Put on the headphones, obey the instructions, and build the tower. When you think you have built the correct tower, you must clap three times.",Normal,Joanna Page,5,0,0,0
21,3,2,"Put on the headphones, obey the instructions, and build the tower. When you think you have built the correct tower, you must clap three times.",Normal,Joel Dommett,3,0,0,0
21,3,2,"Put on the headphones, obey the instructions, and build the tower. When you think you have built the correct tower, you must clap three times.",Normal,Kumail Nanjiani,2,0,0,0
21,3,3,"Team: Paint the best painting of the painting while hugging. One person must always look at the original painting and hug the others with both arms. The others must always look at the new painting. The hugger may only grunt. The painters may ask questions for one minute, then for the rest of the task, they may only say colours, shapes or directions.",Team,Amy Gledhill,5,0,0,1
21,3,3,"Team: Paint the best painting of the painting while hugging. One person must always look at the original painting and hug the others with both arms. The others must always look at the new painting. The hugger may only grunt. The painters may ask questions for one minute, then for the rest of the task, they may only say colours, shapes or directions.",Team,Armando Iannucci,1,0,0,0
21,3,3,"Team: Paint the best painting of the painting while hugging. One person must always look at the original painting and hug the others with both arms. The others must always look at the new painting. The hugger may only grunt. The painters may ask questions for one minute, then for the rest of the task, they may only say colours, shapes or directions.",Team,Joanna Page,1,0,0,0
21,3,3,"Team: Paint the best painting of the painting while hugging. One person must always look at the original painting and hug the others with both arms. The others must always look at the new painting. The hugger may only grunt. The painters may ask questions for one minute, then for the rest of the task, they may only say colours, shapes or directions.",Team,Joel Dommett,5,0,0,0
21,3,3,"Team: Paint the best painting of the painting while hugging. One person must always look at the original painting and hug the others with both arms. The others must always look at the new painting. The hugger may only grunt. The painters may ask questions for one minute, then for the rest of the task, they may only say colours, shapes or directions.",Team,Kumail Nanjiani,5,0,0,0
21,3,4,"Get to the top of the staircase. You must take one step at a time. On each step, you must discard a letter and say at least one word. You must not use a word containing a letter you have discarded and you must not repeat any words at any point, otherwise you must start again.",Normal,Amy Gledhill,5,0,0,1
21,3,4,"Get to the top of the staircase. You must take one step at a time. On each step, you must discard a letter and say at least one word. You must not use a word containing a letter you have discarded and you must not repeat any words at any point, otherwise you must start again.",Normal,Armando Iannucci,3,0,0,0
21,3,4,"Get to the top of the staircase. You must take one step at a time. On each step, you must discard a letter and say at least one word. You must not use a word containing a letter you have discarded and you must not repeat any words at any point, otherwise you must start again.",Normal,Joanna Page,2,0,0,0
21,3,4,"Get to the top of the staircase. You must take one step at a time. On each step, you must discard a letter and say at least one word. You must not use a word containing a letter you have discarded and you must not repeat any words at any point, otherwise you must start again.",Normal,Joel Dommett,1,0,0,0
21,3,4,"Get to the top of the staircase. You must take one step at a time. On each step, you must discard a letter and say at least one word. You must not use a word containing a letter you have discarded and you must not repeat any words at any point, otherwise you must start again.",Normal,Kumail Nanjiani,4,0,0,0
21,3,5,"Live: Transfer Greg's balls from your bucket to your beaker. You must wave with one hand at all times and that hand must not touch balls or snooker cues. Also, your snooker cue must balance with one end touching the table at all times, and you can only touch your snooker cue with your non-waving hand. For every one of Alex's balls that ends up in your beaker, three of Greg's balls will be subtracted from your score.",Live,Amy Gledhill,5,0,0,1
21,3,5,"Live: Transfer Greg's balls from your bucket to your beaker. You must wave with one hand at all times and that hand must not touch balls or snooker cues. Also, your snooker cue must balance with one end touching the table at all times, and you can only touch your snooker cue with your non-waving hand. For every one of Alex's balls that ends up in your beaker, three of Greg's balls will be subtracted from your score.",Live,Armando Iannucci,3,0,0,0
21,3,5,"Live: Transfer Greg's balls from your bucket to your beaker. You must wave with one hand at all times and that hand must not touch balls or snooker cues. Also, your snooker cue must balance with one end touching the table at all times, and you can only touch your snooker cue with your non-waving hand. For every one of Alex's balls that ends up in your beaker, three of Greg's balls will be subtracted from your score.",Live,Joanna Page,3,0,0,0
21,3,5,"Live: Transfer Greg's balls from your bucket to your beaker. You must wave with one hand at all times and that hand must not touch balls or snooker cues. Also, your snooker cue must balance with one end touching the table at all times, and you can only touch your snooker cue with your non-waving hand. For every one of Alex's balls that ends up in your beaker, three of Greg's balls will be subtracted from your score.",Live,Joel Dommett,1,0,0,0
21,3,5,"Live: Transfer Greg's balls from your bucket to your beaker. You must wave with one hand at all times and that hand must not touch balls or snooker cues. Also, your snooker cue must balance with one end touching the table at all times, and you can only touch your snooker cue with your non-waving hand. For every one of Alex's balls that ends up in your beaker, three of Greg's balls will be subtracted from your score.",Live,Kumail Nanjiani,4,0,0,0
21,4,1,Prize: Best two things that become something even better when combined.,Prize,Amy Gledhill,1,0,0,0
21,4,1,Prize: Best two things that become something even better when combined.,Prize,Armando Iannucci,4,0,0,0
21,4,1,Prize: Best two things that become something even better when combined.,Prize,Joanna Page,3,0,0,0
21,4,1,Prize: Best two things that become something even better when combined.,Prize,Joel Dommett,5,0,0,1
21,4,1,Prize: Best two things that become something even better when combined.,Prize,Kumail Nanjiani,2,0,0,0
21,4,2,Make something boring exciting.,Normal,Amy Gledhill,3,0,0,0
21,4,2,Make something boring exciting.,Normal,Armando Iannucci,1,0,0,0
21,4,2,Make something boring exciting.,Normal,Joanna Page,5,0,0,0
21,4,2,Make something boring exciting.,Normal,Joel Dommett,5,0,0,1
21,4,2,Make something boring exciting.,Normal,Kumail Nanjiani,4,0,0,0
21,4,3,"Work out what food is under the cloche. When you have done that, and only when you have done that, you must remove the cloche and eat the food. Alex will always incorrectly answer your previous question and you must not repeat questions.",Normal,Amy Gledhill,4,0,0,0
21,4,3,"Work out what food is under the cloche. When you have done that, and only when you have done that, you must remove the cloche and eat the food. Alex will always incorrectly answer your previous question and you must not repeat questions.",Normal,Armando Iannucci,0,1,0,0
21,4,3,"Work out what food is under the cloche. When you have done that, and only when you have done that, you must remove the cloche and eat the food. Alex will always incorrectly answer your previous question and you must not repeat questions.",Normal,Joanna Page,5,0,0,0
21,4,3,"Work out what food is under the cloche. When you have done that, and only when you have done that, you must remove the cloche and eat the food. Alex will always incorrectly answer your previous question and you must not repeat questions.",Normal,Joel Dommett,0,1,0,1
21,4,3,"Work out what food is under the cloche. When you have done that, and only when you have done that, you must remove the cloche and eat the food. Alex will always incorrectly answer your previous question and you must not repeat questions.",Normal,Kumail Nanjiani,3,0,0,0
21,4,4,Complete all three tasks.,Normal,Amy Gledhill,3,0,0,0
21,4,4,Complete all three tasks.,Normal,Armando Iannucci,2,0,0,0
21,4,4,Complete all three tasks.,Normal,Joanna Page,1,0,0,0
21,4,4,Complete all three tasks.,Normal,Joel Dommett,5,0,0,1
21,4,4,Complete all three tasks.,Normal,Kumail Nanjiani,4,0,0,0
21,4,5,Team Live: Be the first to communicate the item to your team. You must not make any noise. You must use your pencil and ball and you must stare at both throughout. You must stay on your spots at all times.,Live,Amy Gledhill,5,0,0,0
21,4,5,Team Live: Be the first to communicate the item to your team. You must not make any noise. You must use your pencil and ball and you must stare at both throughout. You must stay on your spots at all times.,Live,Armando Iannucci,3,0,0,0
21,4,5,Team Live: Be the first to communicate the item to your team. You must not make any noise. You must use your pencil and ball and you must stare at both throughout. You must stay on your spots at all times.,Live,Joanna Page,3,0,0,0
21,4,5,Team Live: Be the first to communicate the item to your team. You must not make any noise. You must use your pencil and ball and you must stare at both throughout. You must stay on your spots at all times.,Live,Joel Dommett,5,0,0,1
21,4,5,Team Live: Be the first to communicate the item to your team. You must not make any noise. You must use your pencil and ball and you must stare at both throughout. You must stay on your spots at all times.,Live,Kumail Nanjiani,5,0,0,0
21,5,1,Prize: Most surprising quite big thing to conceal on your person.,Prize,Amy Gledhill,2,0,0,0
21,5,1,Prize: Most surprising quite big thing to conceal on your person.,Prize,Armando Iannucci,5,0,0,1
21,5,1,Prize: Most surprising quite big thing to conceal on your person.,Prize,Joanna Page,1,0,0,0
21,5,1,Prize: Most surprising quite big thing to conceal on your person.,Prize,Joel Dommett,4,0,0,0
21,5,1,Prize: Most surprising quite big thing to conceal on your person.,Prize,Kumail Nanjiani,3,0,0,0
21,5,2,"Write down a prediction for an unlikely situation to occur in exactly 15 minutes' time, then make that unlikely situation occur.",Normal,Amy Gledhill,3,0,0,0
21,5,2,"Write down a prediction for an unlikely situation to occur in exactly 15 minutes' time, then make that unlikely situation occur.",Normal,Armando Iannucci,5,0,0,1
21,5,2,"Write down a prediction for an unlikely situation to occur in exactly 15 minutes' time, then make that unlikely situation occur.",Normal,Joanna Page,3,0,0,0
21,5,2,"Write down a prediction for an unlikely situation to occur in exactly 15 minutes' time, then make that unlikely situation occur.",Normal,Joel Dommett,3,0,0,0
21,5,2,"Write down a prediction for an unlikely situation to occur in exactly 15 minutes' time, then make that unlikely situation occur.",Normal,Kumail Nanjiani,4,0,0,0
21,5,3,"Team: Win sardines. Split up and search for Alex. You must not be within sight of each other while searching. Also, you must only whisper and when you find Alex, you must stay with him and remain silent. | Team: Two of you must hold hands at all times.",Team,Amy Gledhill,3,0,0,0
21,5,3,"Team: Win sardines. Split up and search for Alex. You must not be within sight of each other while searching. Also, you must only whisper and when you find Alex, you must stay with him and remain silent. | Team: Two of you must hold hands at all times.",Team,Armando Iannucci,5,0,0,1
21,5,3,"Team: Win sardines. Split up and search for Alex. You must not be within sight of each other while searching. Also, you must only whisper and when you find Alex, you must stay with him and remain silent. | Team: Two of you must hold hands at all times.",Team,Joanna Page,5,0,0,0
21,5,3,"Team: Win sardines. Split up and search for Alex. You must not be within sight of each other while searching. Also, you must only whisper and when you find Alex, you must stay with him and remain silent. | Team: Two of you must hold hands at all times.",Team,Joel Dommett,3,0,0,0
21,5,3,"Team: Win sardines. Split up and search for Alex. You must not be within sight of each other while searching. Also, you must only whisper and when you find Alex, you must stay with him and remain silent. | Team: Two of you must hold hands at all times.",Team,Kumail Nanjiani,3,0,0,0
21,5,4,Get a ball in the glass. You may not move the pipe or the glass. The ball must travel through the pipe and you must not do anything to influence the ball's movement after you release the ball.,Normal,Amy Gledhill,2,0,0,0
21,5,4,Get a ball in the glass. You may not move the pipe or the glass. The ball must travel through the pipe and you must not do anything to influence the ball's movement after you release the ball.,Normal,Armando Iannucci,5,0,0,1
21,5,4,Get a ball in the glass. You may not move the pipe or the glass. The ball must travel through the pipe and you must not do anything to influence the ball's movement after you release the ball.,Normal,Joanna Page,4,0,0,0
21,5,4,Get a ball in the glass. You may not move the pipe or the glass. The ball must travel through the pipe and you must not do anything to influence the ball's movement after you release the ball.,Normal,Joel Dommett,3,0,0,0
21,5,4,Get a ball in the glass. You may not move the pipe or the glass. The ball must travel through the pipe and you must not do anything to influence the ball's movement after you release the ball.,Normal,Kumail Nanjiani,1,0,0,0
21,5,5,"Live: Swing your ring onto your thing to win a ring. If you win a ring, you swing again.",Live,Amy Gledhill,1,0,0,0
21,5,5,"Live: Swing your ring onto your thing to win a ring. If you win a ring, you swing again.",Live,Armando Iannucci,4,0,0,1
21,5,5,"Live: Swing your ring onto your thing to win a ring. If you win a ring, you swing again.",Live,Joanna Page,3,0,0,0
21,5,5,"Live: Swing your ring onto your thing to win a ring. If you win a ring, you swing again.",Live,Joel Dommett,3,0,0,0
21,5,5,"Live: Swing your ring onto your thing to win a ring. If you win a ring, you swing again.",Live,Kumail Nanjiani,5,0,0,0
21,6,1,Prize: Most embarrassing possession.,Prize,Amy Gledhill,2,0,0,0
21,6,1,Prize: Most embarrassing possession.,Prize,Armando Iannucci,2,0,0,0
21,6,1,Prize: Most embarrassing possession.,Prize,Joanna Page,5,0,0,0
21,6,1,Prize: Most embarrassing possession.,Prize,Joel Dommett,4,0,0,0
21,6,1,Prize: Most embarrassing possession.,Prize,Kumail Nanjiani,3,0,0,1
21,6,2,Be brave.,Normal,Amy Gledhill,3,0,0,0
21,6,2,Be brave.,Normal,Armando Iannucci,4,0,0,0
21,6,2,Be brave.,Normal,Joanna Page,2,0,0,0
21,6,2,Be brave.,Normal,Joel Dommett,4,0,0,0
21,6,2,Be brave.,Normal,Kumail Nanjiani,5,0,0,1
21,6,3,"Win coconkers. Coconkers is conkers with coconuts. You can prepare your coconker however you like, as long as it still looks like a coconker.",Normal,Amy Gledhill,2,0,0,0
21,6,3,"Win coconkers. Coconkers is conkers with coconuts. You can prepare your coconker however you like, as long as it still looks like a coconker.",Normal,Armando Iannucci,3,0,0,0
21,6,3,"Win coconkers. Coconkers is conkers with coconuts. You can prepare your coconker however you like, as long as it still looks like a coconker.",Normal,Joanna Page,4,0,0,0
21,6,3,"Win coconkers. Coconkers is conkers with coconuts. You can prepare your coconker however you like, as long as it still looks like a coconker.",Normal,Joel Dommett,1,0,0,0
21,6,3,"Win coconkers. Coconkers is conkers with coconuts. You can prepare your coconker however you like, as long as it still looks like a coconker.",Normal,Kumail Nanjiani,5,0,0,1
21,6,4,"Appear in the most photos holding a different thing in your mouth, each thing bigger than the last thing. Only one of your things may be in the lab at any one time. The camera will take a picture once every 10 seconds for 10 minutes.",Normal,Amy Gledhill,5,0,0,0
21,6,4,"Appear in the most photos holding a different thing in your mouth, each thing bigger than the last thing. Only one of your things may be in the lab at any one time. The camera will take a picture once every 10 seconds for 10 minutes.",Normal,Armando Iannucci,1,0,0,0
21,6,4,"Appear in the most photos holding a different thing in your mouth, each thing bigger than the last thing. Only one of your things may be in the lab at any one time. The camera will take a picture once every 10 seconds for 10 minutes.",Normal,Joanna Page,3,0,0,0
21,6,4,"Appear in the most photos holding a different thing in your mouth, each thing bigger than the last thing. Only one of your things may be in the lab at any one time. The camera will take a picture once every 10 seconds for 10 minutes.",Normal,Joel Dommett,4,0,0,0
21,6,4,"Appear in the most photos holding a different thing in your mouth, each thing bigger than the last thing. Only one of your things may be in the lab at any one time. The camera will take a picture once every 10 seconds for 10 minutes.",Normal,Kumail Nanjiani,2,0,0,1
21,6,5,"Live: Land beanbags on your opponents' faces. If your face is struck three times, you are eliminated. You may only throw one beanbag at a time and you must throw from your spot. If you strike the Taskmaster's face, the Taskmaster will launch his own double-strength beanbag.",Live,Amy Gledhill,4,0,0,0
21,6,5,"Live: Land beanbags on your opponents' faces. If your face is struck three times, you are eliminated. You may only throw one beanbag at a time and you must throw from your spot. If you strike the Taskmaster's face, the Taskmaster will launch his own double-strength beanbag.",Live,Armando Iannucci,1,0,0,0
21,6,5,"Live: Land beanbags on your opponents' faces. If your face is struck three times, you are eliminated. You may only throw one beanbag at a time and you must throw from your spot. If you strike the Taskmaster's face, the Taskmaster will launch his own double-strength beanbag.",Live,Joanna Page,2,0,0,0
21,6,5,"Live: Land beanbags on your opponents' faces. If your face is struck three times, you are eliminated. You may only throw one beanbag at a time and you must throw from your spot. If you strike the Taskmaster's face, the Taskmaster will launch his own double-strength beanbag.",Live,Joel Dommett,3,0,0,0
21,6,5,"Live: Land beanbags on your opponents' faces. If your face is struck three times, you are eliminated. You may only throw one beanbag at a time and you must throw from your spot. If you strike the Taskmaster's face, the Taskmaster will launch his own double-strength beanbag.",Live,Kumail Nanjiani,5,0,0,1
21,7,1,Prize: Best bumpy thing.,Prize,Amy Gledhill,2,0,0,0
21,7,1,Prize: Best bumpy thing.,Prize,Armando Iannucci,3,0,0,1
21,7,1,Prize: Best bumpy thing.,Prize,Joanna Page,1,0,0,0
21,7,1,Prize: Best bumpy thing.,Prize,Joel Dommett,4,0,0,0
21,7,1,Prize: Best bumpy thing.,Prize,Kumail Nanjiani,5,0,0,0
21,7,2,Turn on the telly. You may not touch the telly. | You must now also find and eat a doughnut before you finish the task.,Normal,Amy Gledhill,2,0,0,0
21,7,2,Turn on the telly. You may not touch the telly. | You must now also find and eat a doughnut before you finish the task.,Normal,Armando Iannucci,4,0,0,1
21,7,2,Turn on the telly. You may not touch the telly. | You must now also find and eat a doughnut before you finish the task.,Normal,Joanna Page,3,0,0,0
21,7,2,Turn on the telly. You may not touch the telly. | You must now also find and eat a doughnut before you finish the task.,Normal,Joel Dommett,1,0,0,0
21,7,2,Turn on the telly. You may not touch the telly. | You must now also find and eat a doughnut before you finish the task.,Normal,Kumail Nanjiani,5,0,0,0
21,7,3,"Team: Have serious fun in the lab without smiling. One of you must enter on the first whistle, the others on the second. You must each secretly bring something fun with you and you must all leave as soon as the time is up. | Team: Completely revoice this footage to create a dramatic short film. You must not revoice yourself.",Team,Amy Gledhill,2,0,0,0
21,7,3,"Team: Have serious fun in the lab without smiling. One of you must enter on the first whistle, the others on the second. You must each secretly bring something fun with you and you must all leave as soon as the time is up. | Team: Completely revoice this footage to create a dramatic short film. You must not revoice yourself.",Team,Armando Iannucci,5,0,0,1
21,7,3,"Team: Have serious fun in the lab without smiling. One of you must enter on the first whistle, the others on the second. You must each secretly bring something fun with you and you must all leave as soon as the time is up. | Team: Completely revoice this footage to create a dramatic short film. You must not revoice yourself.",Team,Joanna Page,5,0,0,0
21,7,3,"Team: Have serious fun in the lab without smiling. One of you must enter on the first whistle, the others on the second. You must each secretly bring something fun with you and you must all leave as soon as the time is up. | Team: Completely revoice this footage to create a dramatic short film. You must not revoice yourself.",Team,Joel Dommett,2,0,0,0
21,7,3,"Team: Have serious fun in the lab without smiling. One of you must enter on the first whistle, the others on the second. You must each secretly bring something fun with you and you must all leave as soon as the time is up. | Team: Completely revoice this footage to create a dramatic short film. You must not revoice yourself.",Team,Kumail Nanjiani,2,0,0,0
21,7,4,Make the most socks stand up.,Normal,Amy Gledhill,3,0,0,0
21,7,4,Make the most socks stand up.,Normal,Armando Iannucci,5,0,0,1
21,7,4,Make the most socks stand up.,Normal,Joanna Page,2,0,0,0
21,7,4,Make the most socks stand up.,Normal,Joel Dommett,1,0,0,0
21,7,4,Make the most socks stand up.,Normal,Kumail Nanjiani,4,0,0,0
21,7,5,"Live: Snort, raspberry or whistle in the order the Taskmaster desires. The Taskmaster will give you a number sequence and you must reply immediately with the corresponding noises. One equals snort, two equals raspberry, three equals whistle. If you make a mistake, you are out.",Live,Amy Gledhill,1,0,0,0
21,7,5,"Live: Snort, raspberry or whistle in the order the Taskmaster desires. The Taskmaster will give you a number sequence and you must reply immediately with the corresponding noises. One equals snort, two equals raspberry, three equals whistle. If you make a mistake, you are out.",Live,Armando Iannucci,5,0,0,1
21,7,5,"Live: Snort, raspberry or whistle in the order the Taskmaster desires. The Taskmaster will give you a number sequence and you must reply immediately with the corresponding noises. One equals snort, two equals raspberry, three equals whistle. If you make a mistake, you are out.",Live,Joanna Page,4,0,0,0
21,7,5,"Live: Snort, raspberry or whistle in the order the Taskmaster desires. The Taskmaster will give you a number sequence and you must reply immediately with the corresponding noises. One equals snort, two equals raspberry, three equals whistle. If you make a mistake, you are out.",Live,Joel Dommett,2,0,0,0
21,7,5,"Live: Snort, raspberry or whistle in the order the Taskmaster desires. The Taskmaster will give you a number sequence and you must reply immediately with the corresponding noises. One equals snort, two equals raspberry, three equals whistle. If you make a mistake, you are out.",Live,Kumail Nanjiani,3,0,0,0
21,8,1,Prize: An ordinary household object with the most personality.,Prize,Amy Gledhill,3,0,0,1
21,8,1,Prize: An ordinary household object with the most personality.,Prize,Armando Iannucci,3,0,0,0
21,8,1,Prize: An ordinary household object with the most personality.,Prize,Joanna Page,4,0,0,0
21,8,1,Prize: An ordinary household object with the most personality.,Prize,Joel Dommett,2,0,0,0
21,8,1,Prize: An ordinary household object with the most personality.,Prize,Kumail Nanjiani,5,0,0,0
21,8,2,Censor yourself unnecessarily.,Normal,Amy Gledhill,5,0,0,1
21,8,2,Censor yourself unnecessarily.,Normal,Armando Iannucci,4,0,0,0
21,8,2,Censor yourself unnecessarily.,Normal,Joanna Page,4,0,0,0
21,8,2,Censor yourself unnecessarily.,Normal,Joel Dommett,4,0,0,0
21,8,2,Censor yourself unnecessarily.,Normal,Kumail Nanjiani,4,0,0,0
21,8,3,Take the most photos featuring at least 50% of the Taskmaster's Assistant. The Taskmaster's Assistant must stay within the arena and will run when you clap. You must wear your blindfold correctly at all times and must not run. You have a maximum of 24 pictures.,Normal,Amy Gledhill,4,0,0,1
21,8,3,Take the most photos featuring at least 50% of the Taskmaster's Assistant. The Taskmaster's Assistant must stay within the arena and will run when you clap. You must wear your blindfold correctly at all times and must not run. You have a maximum of 24 pictures.,Normal,Armando Iannucci,4,0,0,0
21,8,3,Take the most photos featuring at least 50% of the Taskmaster's Assistant. The Taskmaster's Assistant must stay within the arena and will run when you clap. You must wear your blindfold correctly at all times and must not run. You have a maximum of 24 pictures.,Normal,Joanna Page,2,0,0,0
21,8,3,Take the most photos featuring at least 50% of the Taskmaster's Assistant. The Taskmaster's Assistant must stay within the arena and will run when you clap. You must wear your blindfold correctly at all times and must not run. You have a maximum of 24 pictures.,Normal,Joel Dommett,1,0,0,0
21,8,3,Take the most photos featuring at least 50% of the Taskmaster's Assistant. The Taskmaster's Assistant must stay within the arena and will run when you clap. You must wear your blindfold correctly at all times and must not run. You have a maximum of 24 pictures.,Normal,Kumail Nanjiani,5,0,0,0
21,8,4,"Do not look away from this task. Put nine nuts and/or nails in the nappy. Every time you look away, one minute will be added to your time.",Normal,Amy Gledhill,5,0,0,1
21,8,4,"Do not look away from this task. Put nine nuts and/or nails in the nappy. Every time you look away, one minute will be added to your time.",Normal,Armando Iannucci,2,0,0,0
21,8,4,"Do not look away from this task. Put nine nuts and/or nails in the nappy. Every time you look away, one minute will be added to your time.",Normal,Joanna Page,3,0,0,0
21,8,4,"Do not look away from this task. Put nine nuts and/or nails in the nappy. Every time you look away, one minute will be added to your time.",Normal,Joel Dommett,4,0,0,0
21,8,4,"Do not look away from this task. Put nine nuts and/or nails in the nappy. Every time you look away, one minute will be added to your time.",Normal,Kumail Nanjiani,1,0,0,0
21,8,5,"Team Live: Wearing your mask correctly at all times, tell your teammate when to stop with their mop. The mop bearer must slowly walk at a constant pace and softly squeak at a constant volume.",Live,Amy Gledhill,2,0,0,1
21,8,5,"Team Live: Wearing your mask correctly at all times, tell your teammate when to stop with their mop. The mop bearer must slowly walk at a constant pace and softly squeak at a constant volume.",Live,Armando Iannucci,5,0,0,0
21,8,5,"Team Live: Wearing your mask correctly at all times, tell your teammate when to stop with their mop. The mop bearer must slowly walk at a constant pace and softly squeak at a constant volume.",Live,Joanna Page,5,0,0,0
21,8,5,"Team Live: Wearing your mask correctly at all times, tell your teammate when to stop with their mop. The mop bearer must slowly walk at a constant pace and softly squeak at a constant volume.",Live,Joel Dommett,2,0,0,0
21,8,5,"Team Live: Wearing your mask correctly at all times, tell your teammate when to stop with their mop. The mop bearer must slowly walk at a constant pace and softly squeak at a constant volume.",Live,Kumail Nanjiani,2,0,0,0
21,9,1,Prize: The thing you would most enjoy winching up from a well in a bucket.,Prize,Amy Gledhill,5,0,0,0
21,9,1,Prize: The thing you would most enjoy winching up from a well in a bucket.,Prize,Armando Iannucci,4,0,0,1
21,9,1,Prize: The thing you would most enjoy winching up from a well in a bucket.,Prize,Joanna Page,3,0,0,0
21,9,1,Prize: The thing you would most enjoy winching up from a well in a bucket.,Prize,Joel Dommett,2,0,0,0
21,9,1,Prize: The thing you would most enjoy winching up from a well in a bucket.,Prize,Kumail Nanjiani,1,0,0,0
21,9,2,Work out what powers the bulb in the lab. You may only give one answer and you may only enter the lab once.,Normal,Amy Gledhill,2,0,0,0
21,9,2,Work out what powers the bulb in the lab. You may only give one answer and you may only enter the lab once.,Normal,Armando Iannucci,0,1,0,1
21,9,2,Work out what powers the bulb in the lab. You may only give one answer and you may only enter the lab once.,Normal,Joanna Page,5,0,0,0
21,9,2,Work out what powers the bulb in the lab. You may only give one answer and you may only enter the lab once.,Normal,Joel Dommett,4,0,0,0
21,9,2,Work out what powers the bulb in the lab. You may only give one answer and you may only enter the lab once.,Normal,Kumail Nanjiani,3,0,0,0
21,9,3,Leave the most pink balls on the other side of the court at the end of the task. You may only touch balls with racquets. You will lose one pink ball for every blue ball left on your side of the court at the end of the task. Alex must freeze for 30 seconds every time you strike the gong with a ball.,Normal,Amy Gledhill,1,0,0,0
21,9,3,Leave the most pink balls on the other side of the court at the end of the task. You may only touch balls with racquets. You will lose one pink ball for every blue ball left on your side of the court at the end of the task. Alex must freeze for 30 seconds every time you strike the gong with a ball.,Normal,Armando Iannucci,5,0,0,1
21,9,3,Leave the most pink balls on the other side of the court at the end of the task. You may only touch balls with racquets. You will lose one pink ball for every blue ball left on your side of the court at the end of the task. Alex must freeze for 30 seconds every time you strike the gong with a ball.,Normal,Joanna Page,3,0,0,0
21,9,3,Leave the most pink balls on the other side of the court at the end of the task. You may only touch balls with racquets. You will lose one pink ball for every blue ball left on your side of the court at the end of the task. Alex must freeze for 30 seconds every time you strike the gong with a ball.,Normal,Joel Dommett,2,0,0,0
21,9,3,Leave the most pink balls on the other side of the court at the end of the task. You may only touch balls with racquets. You will lose one pink ball for every blue ball left on your side of the court at the end of the task. Alex must freeze for 30 seconds every time you strike the gong with a ball.,Normal,Kumail Nanjiani,4,0,0,0
21,9,4,"Write down a forfeit for a contestant who does not complete the flip-flop task. | Catch a flip-flop flung from the flip-flop flinger with one foot. You may not use your hands. You have flive attempts. If you fail, you must do a flip-flop forfeit.",Normal,Amy Gledhill,4,0,0,0
21,9,4,"Write down a forfeit for a contestant who does not complete the flip-flop task. | Catch a flip-flop flung from the flip-flop flinger with one foot. You may not use your hands. You have flive attempts. If you fail, you must do a flip-flop forfeit.",Normal,Armando Iannucci,3,0,0,1
21,9,4,"Write down a forfeit for a contestant who does not complete the flip-flop task. | Catch a flip-flop flung from the flip-flop flinger with one foot. You may not use your hands. You have flive attempts. If you fail, you must do a flip-flop forfeit.",Normal,Joanna Page,1,0,0,0
21,9,4,"Write down a forfeit for a contestant who does not complete the flip-flop task. | Catch a flip-flop flung from the flip-flop flinger with one foot. You may not use your hands. You have flive attempts. If you fail, you must do a flip-flop forfeit.",Normal,Joel Dommett,5,0,0,0
21,9,4,"Write down a forfeit for a contestant who does not complete the flip-flop task. | Catch a flip-flop flung from the flip-flop flinger with one foot. You may not use your hands. You have flive attempts. If you fail, you must do a flip-flop forfeit.",Normal,Kumail Nanjiani,2,0,0,0
21,9,5,Live: Put the correct sock on an appendage and poke it out of the correct hole first. The fastest each time goes through to the next round and one person is eliminated each round.,Live,Amy Gledhill,1,0,0,0
21,9,5,Live: Put the correct sock on an appendage and poke it out of the correct hole first. The fastest each time goes through to the next round and one person is eliminated each round.,Live,Armando Iannucci,5,0,0,1
21,9,5,Live: Put the correct sock on an appendage and poke it out of the correct hole first. The fastest each time goes through to the next round and one person is eliminated each round.,Live,Joanna Page,2,0,0,0
21,9,5,Live: Put the correct sock on an appendage and poke it out of the correct hole first. The fastest each time goes through to the next round and one person is eliminated each round.,Live,Joel Dommett,3,0,0,0
21,9,5,Live: Put the correct sock on an appendage and poke it out of the correct hole first. The fastest each time goes through to the next round and one person is eliminated each round.,Live,Kumail Nanjiani,4,0,0,0
21,10,1,"Prize: The object that is most likely to make you say ""Oh, yeah, that is quality"" when you see it.",Prize,Amy Gledhill,1,0,0,0
21,10,1,"Prize: The object that is most likely to make you say ""Oh, yeah, that is quality"" when you see it.",Prize,Armando Iannucci,5,0,0,0
21,10,1,"Prize: The object that is most likely to make you say ""Oh, yeah, that is quality"" when you see it.",Prize,Joanna Page,4,0,0,0
21,10,1,"Prize: The object that is most likely to make you say ""Oh, yeah, that is quality"" when you see it.",Prize,Joel Dommett,3,0,0,1
21,10,1,"Prize: The object that is most likely to make you say ""Oh, yeah, that is quality"" when you see it.",Prize,Kumail Nanjiani,2,0,0,0
21,10,2,"Fill this egg cup with lint. The egg cup must stay in the lab. Also, you must stop this clock at exactly 10 seconds at some point in the second half of your attempt, otherwise you are disqualified.",Normal,Amy Gledhill,1,0,0,0
21,10,2,"Fill this egg cup with lint. The egg cup must stay in the lab. Also, you must stop this clock at exactly 10 seconds at some point in the second half of your attempt, otherwise you are disqualified.",Normal,Armando Iannucci,4,0,0,0
21,10,2,"Fill this egg cup with lint. The egg cup must stay in the lab. Also, you must stop this clock at exactly 10 seconds at some point in the second half of your attempt, otherwise you are disqualified.",Normal,Joanna Page,3,0,0,0
21,10,2,"Fill this egg cup with lint. The egg cup must stay in the lab. Also, you must stop this clock at exactly 10 seconds at some point in the second half of your attempt, otherwise you are disqualified.",Normal,Joel Dommett,5,0,0,1
21,10,2,"Fill this egg cup with lint. The egg cup must stay in the lab. Also, you must stop this clock at exactly 10 seconds at some point in the second half of your attempt, otherwise you are disqualified.",Normal,Kumail Nanjiani,2,0,0,0
21,10,3,Have the most exhilarating near-miss with this paint balloon.,Normal,Amy Gledhill,2,0,0,0
21,10,3,Have the most exhilarating near-miss with this paint balloon.,Normal,Armando Iannucci,4,0,0,0
21,10,3,Have the most exhilarating near-miss with this paint balloon.,Normal,Joanna Page,3,0,0,0
21,10,3,Have the most exhilarating near-miss with this paint balloon.,Normal,Joel Dommett,5,0,0,1
21,10,3,Have the most exhilarating near-miss with this paint balloon.,Normal,Kumail Nanjiani,2,0,0,0
21,10,4,Team: Choreograph and carry out the greatest pillow fight of all time.,Team,Amy Gledhill,5,0,0,0
21,10,4,Team: Choreograph and carry out the greatest pillow fight of all time.,Team,Armando Iannucci,5,0,0,0
21,10,4,Team: Choreograph and carry out the greatest pillow fight of all time.,Team,Joanna Page,5,0,0,0
21,10,4,Team: Choreograph and carry out the greatest pillow fight of all time.,Team,Joel Dommett,5,0,0,1
21,10,4,Team: Choreograph and carry out the greatest pillow fight of all time.,Team,Kumail Nanjiani,5,0,0,0
21,10,5,Live: Chuck your duck in your buck. You must sit on your chair at all times and you must not touch the ground or anything other than your chair or duck with any part of your body.,Live,Amy Gledhill,3,0,0,0
21,10,5,Live: Chuck your duck in your buck. You must sit on your chair at all times and you must not touch the ground or anything other than your chair or duck with any part of your body.,Live,Armando Iannucci,2,0,0,0
21,10,5,Live: Chuck your duck in your buck. You must sit on your chair at all times and you must not touch the ground or anything other than your chair or duck with any part of your body.,Live,Joanna Page,1,0,0,0
21,10,5,Live: Chuck your duck in your buck. You must sit on your chair at all times and you must not touch the ground or anything other than your chair or duck with any part of your body.,Live,Joel Dommett,5,0,0,1
21,10,5,Live: Chuck your duck in your buck. You must sit on your chair at all times and you must not touch the ground or anything other than your chair or duck with any part of your body.,Live,Kumail Nanjiani,4,0,0,0
